Unnamed: 0,SeriousDlqin2yrs,RevolvingUtilizationOfUnsecuredLines,age,NumberOfTime30-59DaysPastDueNotWorse,DebtRatio,MonthlyIncome,NumberOfOpenCreditLinesAndLoans,NumberOfTimes90DaysLate,NumberRealEstateLoansOrLines,NumberOfTime60-89DaysPastDueNotWorse,NumberOfDependents
1,0,0.8415,74,0,0.1546,4070.0,3,0,0,0,4
2,0,0.8177,72,0,0.2728,3670.0,10,0,0,0,0
3,0,0.8347,23,2,0.6529,2390.0,6,0,0,0,0
4,0,0.0979,42,0,0.3408,10800.0,9,0,0,0,0
5,0,0.0303,73,0,0.6366,4110.0,14,0,1,0,0
6,0,0.5084,66,0,0.2243,1150.0,16,0,0,0,0
7,0,0.4935,46,0,0.7521,6800.0,8,0,2,0,1
8,0,1.0935,50,0,0.1629,3790.0,2,0,0,0,1
9,0,0.0278,22,0,0.9912,4110.0,4,0,0,0,2
10,1,0.3663,51,1,0.3378,4270.0,17,0,1,0,0
11,0,0.0247,56,0,1.126,4020.0,1,0,0,0,1
12,0,0.3812,40,0,0.2714,25250.0,5,0,0,0,1
13,0,0.606,37,0,1.426,13330.0,19,0,0,0,0
14,0,0.1354,65,0,0.2529,7480.0,7,0,0,0,1
15,0,0.4311,45,0,0.1531,5680.0,1,0,1,0,0
16,1,0.0538,35,0,0.4611,9670.0,17,0,0,0,0
17,0,0.0321,41,0,0.9421,5690.0,15,0,1,0,0
18,1,0.1103,47,1,0.7221,8020.0,16,0,1,1,1
19,1,0.3154,35,0,0.9028,6870.0,13,0,1,0,1
20,0,0.1445,51,0,0.7307,5310.0,10,0,1,0,2
21,0,0.4366,67,1,0.2747,8640.0,14,0,0,0,0
22,0,0.0783,61,0,0.7117,3820.0,2,0,3,0,0
23,0,0.6433,33,1,0.4751,5090.0,2,0,0,0,1
24,0,0.4295,46,0,0.2935,2730.0,12,0,1,0,0
25,1,0.2295,50,0,0.5004,2930.0,9,0,0,0,2
26,0,0.146,57,0,0.4344,1080.0,15,0,1,0,0
27,0,0.1587,61,0,1.0508,6460.0,18,0,1,0,2
28,0,0.027,47,1,0.3299,7620.0,5,0,0,0,2
29,0,0.0629,38,0,0.3208,9430.0,7,0,1,0,1
30,0,0.2399,56,2,0.2955,2540.0,4,0,0,0,0
31,0,0.136,27,0,1.4023,6400.0,16,0,1,0,0
32,0,0.4425,57,0,0.3056,4910.0,10,0,1,0,0
33,0,0.248,69,0,0.9783,7650.0,7,0,0,0,2
34,0,0.0833,59,2,0.242,3320.0,15,0,1,0,4
35,0,0.1614,44,0,0.6089,4020.0,9,0,1,0,0
36,0,0.2245,65,0,0.526,1940.0,10,0,0,0,0
37,0,0.1203,49,1,0.9418,3200.0,16,1,1,1,0
38,0,0.1127,50,0,0.8633,4920.0,5,0,0,0,0
39,0,0.3076,67,0,0.472,5460.0,13,0,0,0,1
40,1,0.1039,31,1,0.3255,1790.0,17,1,0,1,3
41,0,0.4668,63,1,1.1912,3620.0,17,0,1,0,0
42,0,0.4868,57,0,0.3066,5410.0,17,0,0,0,2
43,0,0.3794,49,0,0.1153,11440.0,5,0,1,0,2
44,0,0.0256,25,0,0.1473,2960.0,13,0,1,0,1
45,0,0.3969,62,0,0.1705,6590.0,11,0,1,0,2
46,0,0.474,32,0,0.6424,3510.0,2,0,0,0,0
47,0,0.3927,69,0,1.6967,3760.0,11,0,0,0,2
48,0,0.098,63,0,0.1321,2900.0,5,0,0,0,0
49,0,0.1123,40,0,0.281,2630.0,10,0,1,0,1
50,0,0.058,44,1,0.474,3700.0,12,0,0,0,3
51,1,0.124,22,0,1.1358,9220.0,14,0,0,0,0
52,0,0.0074,47,0,0.2801,3120.0,15,0,0,0,0
53,0,0.0586,24,1,0.6405,2850.0,12,0,0,0,0
54,0,0.4603,74,1,0.3867,5570.0,10,0,0,0,0
55,1,1.3985,55,0,2.1475,4930.0,19,0,0,0,0
56,0,0.1972,33,2,0.49,4720.0,6,1,3,0,2
57,0,0.0994,64,0,0.5562,5720.0,6,0,2,0,2
58,0,0.1392,22,0,0.4726,2680.0,17,0,0,0,0
59,0,0.1265,50,0,0.3504,2870.0,19,0,1,0,1
60,0,0.0454,27,0,0.7945,8880.0,8,0,0,0,1
61,0,0.3792,23,0,0.2242,4500.0,17,0,1,0,0
62,0,0.4815,34,0,0.1352,7030.0,18,0,0,0,0
63,0,0.5277,36,1,0.4106,10240.0,17,0,0,0,2
64,1,1.8,60,0,0.733,8160.0,11,0,0,0,0
65,0,0.7373,69,0,0.3171,2160.0,15,0,1,0,4
66,0,0.5757,62,0,0.5025,4580.0,12,0,0,0,2
67,0,0.3652,60,0,0.216,9180.0,1,0,1,0,2
68,0,0.2074,51,2,0.8501,6730.0,3,0,0,0,0
69,0,0.0156,41,0,0.6644,5490.0,18,0,0,0,0
70,0,0.3348,34,0,0.4547,1840.0,6,0,1,0,0
71,0,0.2175,72,0,0.4972,3400.0,4,0,0,0,0
72,0,0.5278,49,0,0.1947,5120.0,19,0,0,0,4
73,0,0.7098,51,0,0.2,2090.0,7,0,0,0,1
74,0,0.1162,21,0,0.4176,7910.0,14,0,0,0,0
75,0,0.0174,45,1,0.6115,4580.0,15,1,0,0,0
76,0,0.3237,57,0,0.6304,1500.0,10,0,1,0,0
77,0,0.8937,47,0,0.3614,3500.0,13,0,1,0,0
78,1,0.2874,54,0,0.7027,4140.0,10,0,0,0,0
79,0,0.7458,64,0,1.0539,4550.0,9,0,0,0,0
80,0,0.2636,22,0,0.426,11520.0,2,0,0,0,0
81,1,0.4599,69,0,0.5411,6950.0,2,0,1,0,0
82,0,0.1011,65,0,0.3966,2170.0,15,0,0,0,0
83,0,0.047,43,0,0.4165,2010.0,17,0,0,0,0
84,1,0.0499,62,1,0.4974,4190.0,2,0,1,1,0
85,0,0.0412,24,0,1.2485,5300.0,6,0,0,0,0
86,0,0.0191,37,0,0.7782,8910.0,8,0,0,0,0
87,0,0.6008,26,0,0.7372,13880.0,1,0,0,0,2
88,0,0.157,55,0,0.3422,14340.0,8,0,2,0,0
89,0,0.1351,67,0,0.2621,3770.0,19,0,1,0,0
90,0,0.3272,53,1,0.5676,8610.0,12,0,1,0,0
91,0,0.0655,59,0,0.9477,6340.0,18,0,0,0,0
92,0,0.6714,28,0,1.2637,2550.0,8,0,0,0,2
93,0,0.4522,71,0,0.1031,1580.0,15,0,2,0,3
94,0,0.1152,31,0,1.95,5360.0,19,0,2,0,0
95,0,0.0702,49,0,0.5771,2000.0,11,0,0,0,0
96,1,0.1859,57,2,0.7752,2950.0,16,0,0,1,1
97,0,0.1067,67,0,0.1582,3260.0,4,0,0,0,0
98,0,0.0265,71,0,0.3898,5600.0,19,0,0,0,1
99,0,0.1762,53,2,0.7362,10600.0,19,0,0,0,1
100,0,0.7882,52,0,0.2221,4950.0,10,0,0,0,2
101,0,0.3531,43,0,0.0794,3560.0,2,0,0,0,0
102,0,1.0788,51,1,0.5495,1420.0,6,0,1,0,0
103,0,0.7163,57,0,0.4361,6470.0,6,0,0,0,0
104,0,0.3913,55,0,1.0669,5000.0,19,0,0,0,1
105,0,0.6477,52,0,0.4082,3530.0,2,0,1,0,4
106,0,0.2544,44,1,0.4265,9890.0,2,0,0,0,0
107,0,0.3737,31,0,0.6829,2410.0,16,0,2,0,0
108,0,0.1331,23,0,0.8354,3260.0,18,0,0,0,1
109,0,0.0767,43,0,0.2937,4240.0,5,0,1,0,0
110,0,0.7507,42,1,0.7919,3510.0,2,0,0,0,0
111,0,0.0491,53,0,0.3286,6840.0,19,0,2,0,0
112,0,0.0658,69,0,0.4538,6490.0,16,0,0,0,1
113,0,0.1086,58,2,0.672,9230.0,14,0,0,0,0
114,0,0.3386,64,0,0.7461,6640.0,15,0,0,0,2
115,0,0.1448,52,0,0.5439,4590.0,18,0,1,0,1
116,0,0.2396,71,0,0.235,4010.0,13,0,0,0,0
117,0,0.7559,71,0,0.1463,6460.0,2,0,0,0,3
118,0,0.5396,29,0,0.4014,4380.0,15,0,1,0,1
119,0,0.4099,55,0,0.8047,5060.0,2,0,0,0,0
120,0,0.0598,48,0,0.5885,6670.0,2,0,0,0,0
121,0,0.4163,73,0,0.5196,5340.0,10,0,0,0,0
122,0,0.1591,52,0,0.4474,5910.0,8,0,0,0,1
123,0,0.0433,21,0,0.5409,3060.0,11,0,0,0,1
124,0,0.1398,32,1,0.2475,11050.0,7,0,0,0,0
125,0,0.0247,27,0,0.7176,2530.0,17,0,1,0,2
126,0,0.3203,31,0,0.7466,6400.0,19,0,1,0,1
127,0,0.3401,26,0,0.3631,3670.0,19,0,1,0,0
128,0,0.103,63,0,0.584,9410.0,9,0,0,0,0
129,0,0.016,47,0,0.1604,8350.0,11,0,0,0,4
130,0,0.9553,57,0,0.5006,4910.0,1,0,1,0,0
131,0,0.2827,74,1,0.4148,12490.0,17,1,2,0,3
132,0,0.5208,55,0,0.9565,4390.0,5,0,0,0,2
133,0,0.1235,46,0,0.3988,8340.0,5,0,1,0,1
134,0,0.5867,35,0,0.7567,3180.0,17,0,1,0,1
135,0,0.5744,61,0,0.3553,6270.0,19,0,1,0,0
136,0,0.0326,48,0,0.114,2810.0,17,0,0,0,0
137,0,1.8,61,0,0.3925,4970.0,1,0,1,0,0
138,0,0.2358,22,0,0.5056,4770.0,18,0,0,0,1
139,0,0.4892,29,0,0.4919,8330.0,9,0,0,0,2
140,0,0.0853,28,0,0.4964,3290.0,3,0,0,0,0
141,0,0.3443,57,0,0.3316,31070.0,3,0,2,0,0
142,0,0.1002,48,0,0.37,2140.0,14,0,1,0,0
143,0,0.5649,38,1,0.2286,5650.0,16,1,0,0,1
144,0,0.1621,37,0,0.1356,5840.0,8,0,0,0,2
145,0,0.2727,53,0,0.4215,6790.0,12,0,1,0,2
146,0,0.1848,73,0,0.2873,3610.0,14,0,2,0,0
147,0,0.2637,74,1,0.8589,5680.0,9,0,0,0,1
148,0,0.1653,46,0,0.1213,3500.0,16,0,1,0,0
149,1,0.2145,57,0,0.5351,15120.0,6,0,0,0,4
150,0,0.0101,25,1,1.6046,3360.0,5,0,0,1,1
151,0,0.5556,72,0,0.4026,4500.0,10,0,0,0,0
152,0,0.8784,21,0,0.4486,3300.0,10,0,0,0,0
153,0,0.2033,39,0,0.5803,3040.0,6,0,1,0,1
154,1,1.1914,60,0,0.6082,2120.0,7,0,0,0,1
155,0,0.0588,73,0,0.3517,7360.0,6,0,0,0,0
156,0,0.9746,30,0,0.2454,3280.0,9,0,0,0,0
157,0,0.1275,56,0,0.6647,3050.0,14,0,1,0,0
158,0,0.234,31,0,0.143,2760.0,6,0,0,0,0
159,0,0.8529,23,2,0.7403,5900.0,14,1,1,0,0
160,0,0.0444,43,0,0.3552,4980.0,7,0,0,0,0
161,1,0.0668,52,4,0.4502,4990.0,4,1,0,0,0
162,0,0.4699,35,0,0.3278,3110.0,6,0,0,0,0
163,0,0.3438,73,0,1.0603,6380.0,16,0,0,0,0
164,0,0.1008,54,1,0.5217,3300.0,6,0,0,0,0
165,0,0.1552,44,0,0.3704,5130.0,13,0,0,0,0
166,0,0.2624,47,0,0.3642,4520.0,11,0,1,0,1
167,1,0.6649,46,0,0.4111,1780.0,14,0,1,0,2
168,1,0.1254,27,0,1.893,16600.0,12,0,1,0,0
169,0,0.2678,53,0,0.2039,6940.0,19,0,0,0,0
170,0,0.124,63,4,0.8605,5480.0,18,1,0,0,0
171,0,0.1065,43,0,0.6318,6020.0,7,0,1,0,0
172,1,0.7467,43,0,1.1319,16840.0,8,0,0,0,1
173,0,0.1948,70,0,0.6554,9720.0,7,0,1,0,0
174,0,0.4688,53,0,0.4502,6060.0,13,0,1,0,2
175,0,0.1059,37,0,0.8286,3210.0,10,0,0,0,1
176,0,0.0651,21,0,0.5157,3530.0,19,0,0,0,1
177,0,0.3998,65,0,0.7068,1670.0,14,0,0,0,1
178,0,0.4961,54,0,1.0586,3940.0,9,0,0,0,0
179,0,0.3328,54,0,0.475,7310.0,7,0,0,0,1
180,0,0.4156,36,0,0.3483,7190.0,15,0,2,0,0
181,1,0.3566,31,0,0.3054,7110.0,16,0,0,0,3
182,0,0.3822,47,0,0.5888,3610.0,19,0,0,0,0
183,0,0.7891,61,0,0.2653,6840.0,11,0,0,0,1
184,0,0.9882,37,0,0.3643,8060.0,16,0,0,0,2
185,0,0.2318,49,0,0.2514,1290.0,17,0,1,0,0
186,1,0.0318,74,0,0.6096,5900.0,2,0,0,0,0
187,0,0.4913,32,0,0.2861,17130.0,3,0,0,0,0
188,1,0.2962,33,2,0.2076,4130.0,4,0,1,1,0
189,1,0.8542,33,2,0.2307,1080.0,5,1,1,0,0
190,1,0.3656,70,0,0.319,3020.0,6,0,0,0,1
191,0,0.0491,49,2,0.3368,1650.0,1,0,0,1,1
192,0,0.3672,70,0,0.5225,3360.0,14,0,1,0,0
193,0,0.2004,72,0,0.4078,2360.0,12,0,0,0,1
194,0,0.0403,43,0,0.5611,8590.0,13,0,0,0,3
195,0,0.0958,23,0,0.5888,7840.0,15,0,0,0,3
196,0,1.2166,37,0,0.7007,6040.0,3,0,0,0,0
197,0,0.141,50,2,0.143,10260.0,7,1,0,0,2
198,0,0.0903,41,0,0.2285,3500.0,9,0,2,0,1
199,0,0.1554,21,0,0.6268,5140.0,6,0,1,0,3
200,0,0.7236,74,0,0.5101,18340.0,9,0,2,0,0
201,0,0.3811,37,0,0.8075,6980.0,9,0,2,0,1
202,0,0.0692,54,0,0.1779,6970.0,14,0,0,0,0
203,0,0.0028,72,0,0.3379,3100.0,5,0,0,0,2
204,0,0.1533,50,0,0.3761,3830.0,5,0,1,0,0
205,0,0.0527,58,0,0.4966,2690.0,6,0,2,0,0
206,0,0.7236,22,0,0.4591,13470.0,5,0,1,0,0
207,0,0.0373,58,0,0.5954,1930.0,16,0,0,0,4
208,0,0.2395,66,0,0.4195,8510.0,12,0,0,0,2
209,0,0.3561,70,0,1.0237,6970.0,16,0,2,0,3
210,0,1.0045,25,0,1.2395,1880.0,2,0,0,0,1
211,0,0.1017,33,0,0.2298,9750.0,14,0,2,0,0
212,0,0.6075,23,0,0.4617,4210.0,13,0,0,0,1
213,0,0.2673,70,0,0.7253,2220.0,15,0,2,0,2
214,0,0.6055,35,1,0.6384,6120.0,9,0,0,0,0
215,0,0.1253,49,0,0.3518,3000.0,15,0,3,0,1
216,0,0.1165,46,0,0.5236,4350.0,11,0,0,0,0
217,1,0.0885,58,2,0.1738,3630.0,16,1,1,1,0
218,0,0.3654,69,0,0.4442,2900.0,16,0,0,0,0
219,1,0.2274,38,1,0.1871,2410.0,17,1,0,0,0
220,0,0.3031,63,0,0.6094,7930.0,4,0,0,0,0
221,0,0.449,36,1,0.23,5970.0,14,0,1,0,0
222,0,0.4039,31,0,0.4955,5750.0,4,0,0,0,2
223,1,0.3659,26,1,0.5442,3950.0,10,0,1,0,0
224,0,0.4896,41,0,0.4703,5070.0,18,0,0,0,3
225,0,0.0121,51,0,0.3075,3160.0,3,0,1,0,0
226,0,0.5267,63,0,0.396,3130.0,15,0,0,0,1
227,0,0.4551,66,0,0.9127,13710.0,6,0,2,0,0
228,1,0.1535,49,0,0.3483,8360.0,5,0,0,0,0
229,0,0.0839,43,2,0.4551,3510.0,1,0,2,0,1
230,0,0.2487,30,0,0.3217,2000.0,14,0,1,0,0
231,0,0.709,70,0,0.8288,1770.0,16,0,0,0,0
232,0,0.1141,42,0,0.4708,3360.0,9,0,1,0,1
233,0,0.5017,62,0,0.2841,5240.0,4,0,0,0,0
234,0,1.0392,54,4,0.4513,5280.0,12,1,1,0,2
235,0,0.1396,71,0,0.3888,5370.0,19,0,0,0,0
236,0,1.506,73,0,1.0362,6010.0,15,0,1,0,4
237,0,0.0211,59,0,0.4374,2640.0,15,0,0,0,0
238,0,0.013,56,0,0.196,12140.0,1,0,0,0,3
239,0,0.6501,28,0,0.606,4370.0,18,0,2,0,0
240,0,0.2259,21,0,1.3121,5870.0,12,0,0,0,0
241,0,0.2121,50,0,0.9214,3320.0,13,0,1,0,0
242,0,0.6857,59,0,0.2318,5920.0,7,0,2,0,1
243,0,0.8662,61,0,0.3824,17090.0,17,0,0,0,1
244,0,0.2885,34,0,0.4411,2710.0,10,0,0,0,0
245,0,0.7373,48,0,0.4444,2520.0,5,0,0,0,1
246,0,0.3537,67,0,0.5647,2930.0,7,0,2,0,0
247,0,0.1755,26,0,0.3655,4020.0,5,0,2,0,0
248,1,0.0852,41,0,0.2594,3590.0,18,0,2,0,0
249,0,0.4819,72,0,0.7954,2630.0,16,0,0,0,1
250,0,0.7493,31,0,0.229,4770.0,12,0,0,0,1
251,0,0.9345,38,0,0.2777,12540.0,15,0,2,0,0
252,0,0.1057,46,0,0.2281,4490.0,17,0,2,0,0
253,0,0.359,58,0,0.6488,4640.0,7,0,0,0,0
254,0,0.1797,34,0,0.479,6040.0,5,0,0,0,0
255,0,0.5992,63,0,0.7635,7250.0,18,0,0,0,1
256,0,0.0773,33,0,0.2805,11200.0,7,0,1,0,2
257,0,0.0206,40,0,0.2119,5680.0,1,0,0,0,0
258,0,0.1263,51,0,0.3443,4910.0,15,0,0,0,2
259,0,0.0247,21,0,0.4027,2710.0,5,0,1,0,0
260,0,0.1649,62,0,0.5094,7660.0,5,0,0,0,2
261,0,0.1708,57,0,0.1637,2960.0,14,0,0,0,0
262,0,0.0397,66,0,0.5988,2910.0,19,0,1,0,0
263,0,1.0805,35,0,0.2628,5520.0,2,0,1,0,0
264,0,0.1058,42,0,0.3047,12390.0,13,0,1,0,0
265,0,0.4189,69,0,0.9087,7600.0,7,0,3,0,0
266,0,0.0703,24,0,0.1212,4810.0,18,0,2,0,0
267,0,0.1781,47,0,0.5453,2730.0,18,0,0,0,3
268,0,0.0316,47,0,0.544,12250.0,2,0,0,0,4
269,0,0.0412,45,0,0.2749,4750.0,1,0,0,0,0
270,0,0.0039,44,0,0.3436,4130.0,8,0,1,0,0
271,0,0.5654,61,0,0.9348,6860.0,2,0,1,0,0
272,0,0.1243,31,0,1.459,3760.0,7,0,1,0,1
273,0,0.2424,69,0,0.8512,3130.0,4,0,0,0,0
274,0,0.3041,69,2,1.3931,3310.0,19,0,0,1,0
275,0,0.0629,30,0,0.2968,3310.0,14,0,0,0,0
276,1,1.0266,73,0,0.1741,2500.0,3,0,0,0,0
277,0,0.1913,35,0,0.4354,2340.0,12,0,0,0,0
278,0,0.0264,23,1,0.7283,8810.0,15,0,0,0,2
279,0,0.0378,42,0,0.1477,7340.0,16,0,2,0,4
280,0,0.1737,63,0,0.2577,3000.0,12,0,0,0,0
281,0,0.0444,66,0,0.2755,8380.0,12,0,1,0,0
282,0,0.1142,55,0,0.5565,5920.0,17,0,0,0,2
283,0,0.2602,64,0,0.5151,4050.0,5,0,2,0,3
284,0,0.0145,35,0,0.2822,2360.0,19,0,1,0,0
285,0,0.1256,68,0,0.5005,6030.0,5,0,0,0,2
286,0,0.5495,55,0,0.2261,15050.0,16,0,0,0,0
287,0,0.0261,28,0,0.3479,4960.0,19,0,1,0,0
288,0,0.3396,27,0,0.2104,8950.0,5,0,1,0,1
289,0,0.0177,35,0,0.4106,4330.0,13,0,1,0,0
290,0,0.9373,24,0,0.278,8540.0,16,0,0,0,0
291,1,0.089,36,1,0.6799,4490.0,6,0,2,0,2
292,0,0.0858,74,0,0.4423,1160.0,11,0,1,0,3
293,0,0.3815,33,1,0.3922,3190.0,16,1,0,0,0
294,0,0.7908,55,0,1.2981,5320.0,13,0,1,0,2
295,0,1.1157,73,0,0.5655,9410.0,16,0,0,0,0
296,0,0.4836,34,0,0.3603,4480.0,6,0,0,0,1
297,0,0.6047,58,0,0.3166,5000.0,10,0,0,0,0
298,0,0.3839,45,0,0.2212,3460.0,16,0,0,0,0
299,0,0.0674,36,0,0.4319,12540.0,5,0,1,0,0
300,0,0.408,72,0,0.5404,12090.0,9,0,0,0,0
301,0,0.0584,56,0,0.1425,3280.0,11,0,0,0,0
302,1,0.3462,44,1,0.1982,1980.0,16,1,0,0,0
303,1,0.2685,64,0,0.3297,1660.0,15,0,0,0,0
304,0,0.1251,69,0,0.2325,7060.0,9,0,0,0,0
305,0,0.2486,63,0,0.4611,5330.0,19,0,1,0,1
306,0,0.3158,67,0,0.5012,3070.0,12,0,1,0,0
307,0,0.0811,38,0,0.4175,5790.0,12,0,2,0,0
308,0,0.1463,39,0,0.6251,2350.0,2,0,1,0,0
309,0,0.148,33,0,0.3163,7920.0,5,0,1,0,2
310,0,0.0393,58,1,0.4371,3910.0,2,1,0,0,2
311,0,0.1014,64,0,0.2461,2570.0,1,0,0,0,4
312,0,0.3591,56,0,0.533,3940.0,19,0,0,0,0
313,1,0.4183,53,0,0.4703,3860.0,6,0,0,0,2
314,0,0.2009,62,0,0.2189,6120.0,14,0,0,0,0
315,0,0.21,30,0,0.4094,9890.0,10,0,0,0,0
316,0,0.1393,40,0,0.4392,9590.0,4,0,0,0,2
317,0,0.4083,59,0,0.5319,5410.0,16,0,0,0,0
318,0,0.1422,23,2,0.5438,4390.0,12,0,0,0,1
319,0,0.3354,70,0,0.2915,3490.0,15,0,1,0,3
320,0,0.224,30,1,0.7105,1700.0,15,0,1,1,0
321,0,0.2101,63,0,0.615,4860.0,16,0,1,0,0
322,0,1.0056,54,0,0.2909,2950.0,12,0,1,0,0
323,0,0.7507,66,0,0.2264,10210.0,4,0,1,0,0
324,0,0.3339,62,0,0.3046,4360.0,9,0,1,0,1
325,1,0.4175,48,3,0.1858,7690.0,14,1,0,0,0
326,0,0.0518,61,0,0.5091,3680.0,16,0,2,0,0
327,0,0.1622,39,0,0.9141,3280.0,10,0,0,0,0
328,0,0.4559,52,1,1.0544,7060.0,1,0,1,0,2
329,1,0.3581,70,0,0.2337,5810.0,19,0,0,0,3
330,0,0.0829,25,0,0.7204,5960.0,13,0,0,0,0
331,0,1.087,40,0,0.4727,4650.0,11,0,2,0,1
332,0,0.0134,21,0,0.1067,7890.0,9,0,0,0,2
333,0,0.3897,49,0,0.3681,7240.0,9,0,0,0,1
334,0,0.0337,63,0,0.3443,1330.0,13,0,0,0,2
335,0,0.8601,23,0,0.9291,4210.0,12,0,0,0,1
336,0,0.0303,50,0,0.2664,9030.0,6,0,3,0,0
337,0,0.5431,43,0,0.6299,2670.0,8,0,1,0,1
338,0,0.0634,63,0,0.4214,1780.0,4,0,1,0,1
339,0,1.5892,32,0,0.1887,4520.0,6,0,0,0,0
340,0,0.2023,29,0,0.3226,6720.0,19,0,0,0,0
341,0,0.411,26,0,1.1263,3730.0,5,0,1,0,2
342,0,0.3428,43,0,0.4049,10680.0,17,0,0,0,2
343,0,0.2345,47,0,0.7738,14860.0,9,0,0,0,0
344,1,0.5047,70,2,0.7487,1550.0,18,1,0,0,1
345,0,0.259,46,0,0.3434,3900.0,11,0,0,0,1
346,0,0.9592,30,0,0.208,1250.0,15,0,2,0,0
347,0,0.0214,58,3,0.2251,7310.0,8,1,1,1,2
348,1,1.8,24,0,1.0736,3270.0,2,0,0,0,2
349,0,0.2897,39,0,0.4922,3690.0,7,0,0,0,2
350,0,0.1032,56,0,0.1588,9790.0,12,0,1,0,0
351,0,0.2053,34,0,0.7411,2210.0,5,0,0,0,0
352,0,0.4351,53,1,0.1538,1910.0,8,0,2,0,0
353,0,0.3489,45,0,0.2737,1250.0,1,0,0,0,1
354,0,0.7306,72,3,0.4718,10530.0,7,1,0,0,0
355,0,0.7965,36,0,2.0386,9160.0,2,0,0,0,1
356,0,0.3309,69,0,0.7332,4120.0,5,0,1,0,2
357,0,0.551,54,0,0.3364,2290.0,8,0,0,0,0
358,0,0.2353,61,1,0.457,8110.0,4,0,2,1,3
359,0,0.0403,30,2,0.7802,25660.0,2,0,0,0,0
360,0,0.1904,22,0,1.0546,4270.0,3,0,0,0,3
361,0,0.1029,60,1,0.3873,2390.0,13,0,2,0,0
362,0,0.6902,46,0,0.3941,10350.0,3,0,0,0,0
363,0,0.0801,37,0,0.2731,2490.0,1,0,0,0,0
364,0,0.4459,69,0,0.6697,3940.0,14,0,0,0,3
365,1,0.7955,38,3,0.8316,1010.0,9,1,1,0,0
366,0,0.0469,44,0,0.1404,4100.0,18,0,0,0,0
367,0,0.3323,60,0,0.3541,2280.0,8,0,1,0,0
368,1,0.913,72,3,0.217,10460.0,8,1,1,1,0
369,0,0.1806,69,0,0.4919,2740.0,1,0,1,0,1
370,0,0.1723,56,0,0.2138,7850.0,3,0,2,0,0
371,0,0.2324,26,0,0.2035,4610.0,16,0,1,0,0
372,1,0.0721,26,0,0.8817,5300.0,5,0,0,0,1
373,0,0.063,58,0,0.4068,6720.0,2,0,2,0,2
374,1,1.0875,48,0,0.4335,4760.0,15,0,0,0,0
375,0,0.8403,28,1,0.5822,3330.0,19,0,1,0,0
376,0,0.2061,58,0,0.8045,3020.0,7,0,0,0,0
377,0,0.1132,71,0,0.3495,6670.0,8,0,0,0,3
378,1,0.4705,24,1,0.3542,1570.0,13,1,1,1,0
379,0,1.5218,65,0,0.3551,13450.0,3,0,1,0,0
380,0,0.7586,39,1,0.8598,5320.0,4,0,2,0,0
381,0,0.1701,42,0,0.4313,4010.0,17,0,0,0,0
382,1,0.2318,59,2,0.3773,5770.0,15,1,1,0,0
383,0,0.3834,34,0,0.5681,3440.0,3,0,0,0,0
384,0,0.2628,29,0,1.3482,4420.0,13,0,1,0,1
385,0,0.1134,73,0,0.4698,2490.0,19,0,0,0,0
386,1,0.1124,39,1,0.3823,6160.0,5,1,0,0,0
387,0,0.3791,30,4,1.4417,4690.0,5,1,1,0,1
388,0,1.2226,58,0,0.9979,5500.0,18,0,1,0,1
389,0,0.0671,32,0,0.9147,11970.0,19,0,1,0,3
390,0,0.4162,62,0,0.3327,3030.0,10,0,2,0,1
391,1,0.9186,24,0,0.3135,4550.0,10,0,1,0,3
392,0,0.0045,48,1,0.1495,1820.0,5,0,1,0,0
393,0,0.192,42,0,0.8017,6840.0,2,0,1,0,0
394,0,0.4718,72,0,0.4706,4860.0,11,0,0,0,0
395,0,0.7957,49,2,0.1525,4970.0,3,0,0,0,1
396,1,0.9861,70,0,0.9241,4470.0,8,0,3,0,0
397,0,0.1169,34,0,0.367,3470.0,18,0,1,0,0
398,0,0.0247,46,0,0.3952,21970.0,18,0,0,0,0
399,0,0.1195,64,0,0.1813,5030.0,9,0,0,0,1
400,0,0.2831,29,0,0.6037,5870.0,6,0,0,0,1
401,0,0.0927,71,0,0.6072,2480.0,19,0,1,0,1
402,1,0.1503,62,0,0.4366,8360.0,17,0,2,0,1
403,0,0.4966,57,0,0.3496,4560.0,12,0,1,0,0
404,0,0.0062,34,0,2.1725,6420.0,15,0,1,0,2
405,0,0.6218,65,0,0.2183,8450.0,9,0,2,0,1
406,0,0.0074,66,0,0.2915,4620.0,13,0,0,0,0
407,0,0.3351,36,0,0.6873,3270.0,11,0,0,0,0
408,0,0.0207,52,0,0.2445,1220.0,4,0,1,0,0
409,0,0.112,24,0,0.2339,3900.0,2,0,2,0,0
410,0,0.2044,42,0,0.886,3260.0,2,0,0,0,0
411,0,0.7614,29,0,0.646,2480.0,16,0,1,0,2
412,0,0.0755,51,0,0.6008,11750.0,17,0,2,0,0
413,1,1.3601,50,0,0.5011,8860.0,10,0,0,0,0
414,0,0.7624,49,0,0.2966,1640.0,11,0,0,0,2
415,0,0.0277,57,0,0.3861,5390.0,18,0,0,0,0
416,0,0.0031,70,0,0.4285,3010.0,19,0,0,0,0
417,0,0.0594,31,0,0.7466,6120.0,14,0,0,0,0
418,0,0.3411,32,0,0.5801,3040.0,10,0,0,0,0
419,1,1.8,32,4,0.2575,3560.0,9,1,1,1,0
420,0,0.1243,71,0,0.7216,8760.0,12,0,1,0,2
421,0,0.4892,26,0,0.1641,8040.0,15,0,2,0,1
422,0,0.0294,22,0,0.3707,12160.0,19,0,1,0,1
423,0,0.5465,29,0,0.2265,4310.0,13,0,1,0,0
424,0,0.6959,62,0,0.2687,2050.0,14,0,0,0,0
425,1,0.776,52,1,1.4275,8540.0,1,0,0,0,1
426,0,0.7878,70,0,0.1859,8570.0,7,0,0,0,0
427,0,0.5759,32,0,0.2749,7160.0,6,0,1,0,0
428,0,0.0297,42,2,0.6103,3150.0,16,0,0,1,0
429,0,0.2884,50,0,0.3389,2590.0,5,0,1,0,0
430,0,0.1527,24,0,0.4933,6780.0,6,0,1,0,1
431,0,0.164,70,0,1.0594,2890.0,13,0,0,0,0
432,0,0.7818,64,0,0.6655,4090.0,10,0,0,0,0
433,0,0.7543,28,1,0.3392,28110.0,8,1,1,0,1
434,0,0.4093,66,0,0.4147,17630.0,5,0,1,0,2
435,1,0.088,45,3,0.6178,7910.0,18,1,0,1,0
436,0,0.3859,39,0,0.6577,3300.0,19,0,1,0,0
437,1,0.1006,72,0,0.455,3190.0,2,0,0,0,1
438,0,0.5196,49,0,0.5579,7550.0,18,0,0,0,0
439,0,0.0677,33,0,0.5582,12070.0,16,0,2,0,0
440,0,0.4143,64,0,0.4251,3620.0,17,0,0,0,0
441,0,0.1663,59,0,0.3125,3740.0,9,0,0,0,2
442,1,0.0331,31,0,0.7016,5180.0,8,0,1,0,2
443,0,0.483,57,0,0.5353,2140.0,12,0,0,0,0
444,1,0.0444,54,4,0.1289,2180.0,14,1,0,1,2
445,0,1.4956,35,0,0.2738,2430.0,18,0,1,0,0
446,0,0.2306,44,0,0.3368,6820.0,5,0,1,0,0
447,0,0.1243,66,0,0.3982,5790.0,19,0,1,0,0
448,0,0.0698,30,0,0.9253,9720.0,8,0,0,0,1
449,0,0.2553,60,1,3.0691,1730.0,13,0,2,0,0
450,0,0.4869,65,2,0.1028,1980.0,16,0,0,1,3
451,0,0.6217,71,0,0.5394,6460.0,13,0,0,0,2
452,0,0.3077,38,0,0.4685,2910.0,2,0,1,0,0
453,0,1.1857,35,0,0.4032,3040.0,17,0,1,0,0
454,0,0.5431,71,0,0.6224,9020.0,1,0,0,0,0
455,0,0.0625,45,0,0.4916,3530.0,11,0,0,0,0
456,0,1.1326,51,0,0.3617,3780.0,13,0,0,0,0
457,0,0.1413,48,1,0.4573,4230.0,5,0,0,0,0
458,0,1.19,48,0,0.6275,4390.0,15,0,0,0,2
459,0,0.1086,54,0,0.5927,7410.0,12,0,1,0,1
460,0,0.184,43,0,0.5032,2380.0,8,0,0,0,1
461,1,0.4012,42,3,0.3166,4390.0,3,1,0,1,1
462,0,0.0258,42,0,2.4388,9870.0,13,0,1,0,0
463,0,0.9219,56,0,0.5575,17670.0,2,0,0,0,0
464,0,0.157,65,1,0.71,2180.0,18,0,0,1,0
465,0,0.0907,50,0,0.3313,5990.0,3,0,0,0,0
466,0,0.0212,57,0,0.5035,4380.0,2,0,1,0,0
467,0,0.0089,43,0,0.5011,4630.0,4,0,2,0,2
468,0,0.0102,62,0,0.1427,3060.0,16,0,0,0,3
469,0,0.1335,42,0,0.2923,7730.0,17,0,0,0,1
470,0,0.1278,43,0,0.2891,7500.0,12,0,1,0,0
471,1,0.3572,23,3,0.3134,22330.0,16,1,1,0,1
472,0,0.8015,35,0,0.2365,2220.0,9,0,1,0,0
473,0,0.4104,60,0,0.4613,1720.0,19,0,0,0,2
474,1,0.3817,25,0,1.0392,16860.0,1,0,0,0,1
475,0,0.1938,33,0,0.4859,4760.0,12,0,3,0,0
476,0,0.3388,62,0,0.2212,3740.0,8,0,1,0,0
477,0,0.2802,68,0,0.2421,5500.0,7,0,1,0,1
478,0,0.0188,43,0,0.3584,2130.0,16,0,0,0,3
479,0,0.0941,42,0,0.1922,6160.0,15,0,0,0,0
480,0,0.0907,48,0,0.5394,4680.0,11,0,0,0,2
481,1,0.0269,62,0,1.0119,9360.0,17,0,1,0,1
482,0,0.1601,46,0,0.3181,8220.0,4,0,0,0,0
483,0,0.0208,30,0,0.4703,8640.0,2,0,0,0,0
484,0,0.5265,44,0,0.3474,5510.0,5,0,1,0,0
485,0,0.5389,34,1,0.308,12870.0,2,0,3,0,0
486,0,0.0377,57,0,0.5035,6940.0,17,0,0,0,0
487,0,0.0302,28,0,0.3018,3570.0,10,0,0,0,0
488,0,1.0954,53,0,0.2766,3020.0,9,0,1,0,0
489,0,0.1098,28,0,0.1701,3240.0,10,0,0,0,0
490,0,0.2466,73,2,0.4671,7000.0,2,0,1,0,1
491,0,0.2152,55,0,0.8523,2210.0,13,0,3,0,0
492,0,0.4456,28,0,0.6869,5390.0,19,0,0,0,0
493,0,0.3628,72,0,1.0999,2980.0,3,0,0,0,0
494,0,0.801,51,0,0.2998,2320.0,5,0,3,0,1
495,1,0.066,53,1,0.7486,2550.0,15,0,1,0,2
496,0,0.3614,24,2,0.2319,4850.0,16,0,0,0,1
497,0,0.1504,31,0,0.6877,7770.0,6,0,0,0,1
498,0,0.2502,64,0,1.205,3280.0,1,0,1,0,0
499,0,1.4506,46,0,0.6059,1410.0,14,0,0,0,0
500,0,0.1894,54,0,1.2178,32620.0,5,0,1,0,1
501,0,0.4127,74,0,0.3137,9610.0,16,0,0,0,0
502,0,0.2241,44,1,0.4146,8600.0,7,1,0,0,3
503,0,0.0688,41,0,0.2594,13050.0,19,0,0,0,0
504,0,0.0069,64,0,0.4588,5190.0,17,0,2,0,0
505,0,0.5459,24,0,0.5282,4530.0,2,0,0,0,4
506,1,0.0335,45,4,0.4564,11090.0,15,1,1,0,2
507,0,0.0687,67,2,0.3381,11040.0,14,0,1,0,0
508,0,0.3196,33,0,0.3347,7110.0,6,0,0,0,0
509,0,0.1307,37,0,0.5527,8350.0,18,0,2,0,1
510,0,0.2142,46,0,0.4084,2340.0,15,0,1,0,1
511,0,0.219,25,0,0.2251,4210.0,6,0,0,0,3
512,0,0.0085,24,2,0.1439,13660.0,16,0,3,0,2
513,0,0.7723,34,1,0.3143,7960.0,14,0,1,0,1
514,1,1.4196,69,0,0.1961,2040.0,10,0,0,0,1
515,0,0.2396,32,0,0.2722,3570.0,17,0,1,0,4
516,0,0.1446,60,0,0.3485,12390.0,10,0,1,0,0
517,1,0.7948,44,3,0.4116,6460.0,6,1,2,1,0
518,0,0.1877,62,0,0.3013,5480.0,10,0,1,0,1
519,0,0.3407,38,1,1.6732,5580.0,10,0,1,0,0
520,0,0.7241,68,0,0.2108,4670.0,4,0,1,0,2
521,0,0.1508,41,3,0.9282,3590.0,11,1,1,0,0
522,0,0.674,63,0,0.4076,2980.0,16,0,0,0,0
523,0,0.4002,65,0,0.3029,9010.0,17,0,1,0,1
524,0,0.3592,44,0,0.6393,5670.0,14,0,2,0,3
525,0,0.618,57,0,0.3424,7510.0,10,0,2,0,0
526,0,0.0051,27,0,0.2769,6820.0,17,0,1,0,0
527,1,0.1307,47,1,1.3151,11440.0,18,0,0,0,0
528,0,0.0789,41,0,0.1204,6460.0,16,0,1,0,0
529,0,0.115,72,2,0.3879,8060.0,16,0,0,0,1
530,1,0.1478,71,0,0.5036,5430.0,15,0,1,0,0
531,0,0.0901,63,0,1.0458,2780.0,10,0,0,0,4
532,1,0.2087,72,2,0.3538,4290.0,15,0,2,0,0
533,0,0.1235,73,0,2.218,7000.0,8,0,0,0,0
534,0,0.1963,62,1,0.7086,7380.0,18,0,0,1,0
535,1,0.2278,53,4,0.1086,11740.0,17,1,1,1,0
536,0,0.0949,32,0,0.1878,3730.0,12,0,0,0,2
537,0,0.3396,65,0,0.518,5630.0,14,0,0,0,1
538,0,0.4115,31,0,0.2262,4550.0,16,0,1,0,4
539,0,0.5452,31,0,0.6242,13020.0,11,0,0,0,0
540,0,0.0804,68,0,0.3422,6160.0,16,0,0,0,0
541,0,0.3472,27,1,0.2192,6230.0,15,0,1,0,3
542,0,0.4802,28,0,0.2519,4810.0,6,0,2,0,1
543,0,0.0167,48,0,0.7491,4290.0,3,0,0,0,0
544,0,0.1996,52,2,0.1335,2060.0,11,0,0,0,0
545,0,0.3327,23,0,0.8413,2310.0,1,0,0,0,0
546,1,0.1042,41,2,0.8562,5470.0,14,1,3,0,0
547,0,0.6435,33,0,0.3683,5080.0,13,0,1,0,0
548,0,0.4533,37,0,0.1935,5490.0,2,0,0,0,0
549,0,0.0664,30,0,0.6272,8650.0,6,0,2,0,0
550,0,0.2089,57,0,0.3356,5200.0,11,0,1,0,0
551,1,1.1735,46,0,0.181,3990.0,14,0,1,0,2
552,0,0.2793,72,0,1.4127,4330.0,1,0,1,0,3
553,0,0.4977,21,1,0.2643,5690.0,11,0,0,1,0
554,0,0.8658,62,0,0.1858,3910.0,5,0,0,0,2
555,0,0.2075,70,0,0.5331,9310.0,8,0,1,0,0
556,0,0.034,47,0,0.4314,4880.0,10,0,0,0,0
557,0,0.0868,58,0,1.0961,5720.0,4,0,0,0,0
558,1,0.2322,44,0,0.3576,3010.0,6,0,2,0,0
559,0,0.2054,53,0,0.3599,9310.0,8,0,1,0,2
560,0,0.2839,70,1,0.5494,11650.0,15,0,1,0,0
561,0,0.4615,49,2,0.5065,2170.0,6,0,1,0,0
562,0,0.5321,52,1,0.5158,6250.0,13,0,0,0,3
563,0,0.3732,74,0,0.529,4610.0,7,0,1,0,2
564,0,1.0011,47,0,0.496,5830.0,6,0,0,0,0
565,0,1.2653,30,0,0.35,6450.0,3,0,0,0,0
566,0,0.4568,57,0,0.7405,1290.0,1,0,1,0,0
567,0,0.6813,58,0,0.3621,7750.0,7,0,0,0,1
568,1,0.1803,33,2,0.728,9580.0,5,1,0,1,0
569,0,0.0505,60,0,1.0332,10250.0,15,0,3,0,0
570,0,0.2946,24,0,0.2992,2790.0,10,0,0,0,3
571,0,0.9066,38,0,1.9016,4820.0,2,0,0,0,3
572,1,0.056,67,2,0.293,3560.0,15,0,1,0,0
573,0,0.1533,54,0,0.2943,1560.0,8,0,0,0,2
574,0,0.3494,53,0,0.6213,3390.0,12,0,3,0,0
575,0,0.201,54,0,0.5856,2560.0,3,0,0,0,0
576,0,0.0188,29,0,0.4691,6010.0,2,0,1,0,0
577,0,1.4543,72,1,0.7341,1850.0,2,0,0,1,0
578,0,0.272,37,0,0.5229,2730.0,9,0,0,0,1
579,0,0.1022,63,0,1.5518,3600.0,17,0,0,0,2
580,0,0.1742,74,0,0.4352,7800.0,19,0,0,0,1
581,1,0.0103,34,0,0.2691,26020.0,16,0,2,0,1
582,0,0.2818,55,0,0.3227,5890.0,18,0,0,0,0
583,0,0.576,23,1,0.5962,2650.0,15,1,0,0,3
584,0,0.2825,55,1,0.6014,3270.0,15,0,0,0,1
585,0,0.5197,44,0,0.5086,7290.0,9,0,0,0,2
586,0,0.2364,24,0,0.2699,2190.0,6,0,0,0,2
587,0,0.5099,57,0,0.8739,9490.0,12,0,1,0,0
588,0,0.2475,73,0,1.4365,5790.0,1,0,1,0,1
589,0,0.3579,25,0,0.4573,4560.0,4,0,0,0,0
590,1,0.6729,69,0,1.3316,1790.0,9,0,0,0,0
591,1,1.5372,66,2,0.7556,8540.0,13,0,0,0,1
592,0,0.1883,50,0,1.701,3110.0,8,0,0,0,0
593,0,1.2058,69,0,0.5967,5390.0,15,0,0,0,2
594,0,0.0392,37,1,0.4877,4470.0,13,0,0,0,0
595,0,0.318,59,0,0.7449,1900.0,5,0,0,0,3
596,0,0.2459,58,0,0.3464,4280.0,2,0,3,0,2
597,1,0.302,52,0,0.5737,2380.0,6,0,0,0,0
598,1,0.6465,66,0,0.9984,3320.0,18,0,0,0,0
599,0,0.1728,68,0,0.7347,6370.0,5,0,1,0,0
600,0,1.4705,63,0,0.4411,7490.0,14,0,0,0,0
601,0,0.2779,52,0,0.5067,4860.0,14,0,1,0,0
602,1,0.5117,73,0,0.7079,2890.0,19,0,0,0,0
603,0,0.3113,51,0,0.694,3330.0,18,0,0,0,0
604,0,0.258,55,0,0.7047,3300.0,17,0,1,0,1
605,0,0.2014,31,0,0.5508,1360.0,6,0,0,0,2
606,0,0.0085,38,0,0.274,5140.0,9,0,3,0,2
607,0,1.3751,69,0,0.3015,1810.0,10,0,1,0,0
608,0,0.3646,47,0,0.5926,5140.0,13,0,0,0,4
609,0,0.966,48,0,0.74,2050.0,3,0,0,0,1
610,0,1.4154,65,0,0.6847,2380.0,17,0,0,0,1
611,0,0.5422,38,0,0.2997,7340.0,13,0,0,0,0
612,0,0.1677,35,0,0.4104,4990.0,4,0,0,0,0
613,0,0.222,21,1,0.2221,1590.0,1,0,3,0,0
614,0,0.0349,33,0,0.195,3510.0,1,0,0,0,0
615,0,0.8296,48,0,0.4718,5750.0,7,0,0,0,0
616,0,0.4114,60,0,1.015,3390.0,6,0,0,0,0
617,0,0.9617,38,0,0.4771,4000.0,3,0,0,0,0
618,0,0.8481,44,0,1.4118,5690.0,9,0,0,0,1
619,0,0.0144,32,0,0.4072,5050.0,1,0,2,0,0
620,0,0.6177,65,0,0.4578,2710.0,12,0,0,0,1
621,0,0.0511,49,3,0.2479,4980.0,9,1,0,0,0
622,0,0.0267,28,0,0.3648,4140.0,6,0,0,0,4
623,0,0.3978,53,0,0.22,13830.0,9,0,1,0,0
624,0,0.213,39,0,0.1778,4620.0,9,0,1,0,3
625,0,0.5514,67,0,0.2223,5330.0,17,0,1,0,0
626,0,1.1448,35,0,0.4729,5740.0,13,0,1,0,0
627,0,0.1926,67,0,0.2888,4050.0,5,0,1,0,0
628,0,0.3233,58,0,0.3329,3190.0,16,0,1,0,2
629,0,0.0011,28,0,0.5746,6480.0,7,0,0,0,1
630,0,0.0809,62,0,0.1774,6510.0,5,0,1,0,0
631,0,0.3924,59,0,0.4717,17150.0,14,0,1,0,0
632,0,0.0044,45,0,0.7474,7670.0,16,0,0,0,2
633,0,0.3668,29,0,0.7872,7750.0,1,0,1,0,2
634,0,0.3474,46,0,0.6126,7560.0,18,0,1,0,0
635,0,0.0341,53,1,0.4355,3250.0,12,0,0,0,0
636,0,0.91,28,0,0.3091,2310.0,8,0,0,0,4
637,0,0.5081,39,3,0.4277,2690.0,15,0,1,1,0
638,1,0.8389,58,0,1.2118,7430.0,11,0,0,0,0
639,0,0.0582,50,0,0.5293,11530.0,19,0,0,0,3
640,0,0.4911,74,0,0.4214,7630.0,1,0,0,0,1
641,0,0.1471,32,0,0.6302,4450.0,11,0,1,0,0
642,0,1.0659,63,0,0.4629,13440.0,14,0,1,0,0
643,0,0.2326,43,0,0.5145,3770.0,1,0,0,0,0
644,0,0.3374,33,0,0.3875,2470.0,17,0,1,0,0
645,0,0.114,72,0,0.3503,5720.0,7,0,0,0,1
646,0,0.2252,54,0,0.8168,10670.0,1,0,2,0,0
647,0,0.4878,49,0,0.1394,2960.0,8,0,3,0,0
648,0,0.372,36,0,0.5988,1770.0,17,0,1,0,0
649,0,0.0049,68,2,0.3375,5030.0,19,1,1,1,1
650,0,0.0125,22,0,0.1433,7810.0,3,0,1,0,0
651,0,0.2143,27,0,0.2504,830.0,8,0,0,0,2
652,0,0.5273,30,0,0.4397,8830.0,16,0,0,0,1
653,0,0.3269,56,0,0.4775,2160.0,1,0,0,0,3
654,0,0.0702,26,2,0.7005,7590.0,11,1,0,0,0
655,0,0.5681,64,0,0.7297,1480.0,11,0,0,0,3
656,1,1.1805,31,0,0.1776,2030.0,8,0,0,0,0
657,0,0.1437,57,0,0.5636,7120.0,7,0,0,0,4
658,0,0.2276,63,0,0.6957,10190.0,18,0,0,0,2
659,0,0.2063,68,0,0.5124,4890.0,7,0,2,0,0
660,0,0.1216,36,0,0.6074,20690.0,12,0,0,0,0
661,0,0.1489,25,0,0.1409,2660.0,15,0,1,0,2
662,0,0.1251,61,0,0.248,2640.0,1,0,0,0,0
663,1,0.0709,45,2,1.0198,4100.0,16,0,0,0,1
664,0,0.0209,72,0,0.3799,3980.0,15,0,0,0,0
665,0,0.118,31,0,1.7055,5830.0,4,0,0,0,0
666,0,0.7597,52,0,0.2087,3150.0,4,0,0,0,0
667,0,0.136,27,0,1.1483,6910.0,11,0,0,0,4
668,0,0.0945,47,0,0.3115,6810.0,18,0,0,0,0
669,1,0.5441,21,0,0.7539,12940.0,17,0,1,0,0
670,0,0.1811,61,0,0.3764,3660.0,4,0,0,0,1
671,0,0.501,53,0,0.4816,6020.0,12,0,0,0,2
672,0,0.4067,26,0,0.6423,7070.0,10,0,3,0,0
673,0,0.4067,47,0,0.311,4890.0,14,0,0,0,2
674,0,0.1274,44,0,0.7266,4330.0,10,0,1,0,0
675,1,0.299,57,0,0.3831,1420.0,11,0,0,0,2
676,0,1.0162,47,0,0.5,5170.0,11,0,1,0,3
677,0,0.4753,45,4,0.0919,7030.0,1,1,0,1,3
678,0,0.4275,65,0,0.367,4750.0,11,0,1,0,0
679,0,0.2119,49,0,0.959,3070.0,3,0,0,0,0
680,0,0.4084,64,2,0.6817,1790.0,9,0,1,0,2
681,0,0.2566,68,0,0.7649,6450.0,11,0,0,0,2
682,0,0.0629,66,2,0.4639,5010.0,14,1,0,0,2
683,1,0.1241,72,4,1.2285,11320.0,17,1,0,1,1
684,0,0.0598,58,0,0.5342,2060.0,3,0,1,0,2
685,1,0.3829,51,4,0.3024,3710.0,12,1,0,0,0
686,0,0.0353,49,0,0.7506,2220.0,15,0,1,0,0
687,0,0.0325,32,0,0.7816,9090.0,7,0,1,0,1
688,0,0.0755,65,1,0.6556,10340.0,1,0,0,0,2
689,0,0.1666,58,1,0.3528,15580.0,18,0,1,0,0
690,0,0.0616,68,0,0.532,6720.0,16,0,1,0,2
691,0,0.4592,58,0,1.0367,7890.0,14,0,1,0,0
692,0,0.2708,46,0,0.5984,6380.0,15,0,1,0,1
693,1,1.79,36,1,0.1851,6930.0,6,0,2,1,0
694,1,1.1948,74,0,0.3081,5060.0,16,0,2,0,2
695,1,0.251,60,0,0.2996,7120.0,19,0,0,0,0
696,0,0.2227,68,0,0.2858,17750.0,6,0,1,0,0
697,0,0.0419,52,0,0.1266,5600.0,9,0,0,0,2
698,0,0.5771,48,2,1.397,4990.0,17,0,0,0,3
699,0,1.2342,22,0,0.2656,5530.0,5,0,0,0,1
700,0,0.2305,24,0,0.2774,4490.0,14,0,0,0,2
701,0,0.553,59,0,0.1402,5700.0,1,0,0,0,0
702,0,0.0073,33,0,0.7557,4400.0,19,0,1,0,0
703,1,1.8,25,0,0.4255,9760.0,2,0,1,0,0
704,0,0.0372,62,0,0.364,9200.0,1,0,1,0,1
705,0,0.5292,54,0,0.3758,18030.0,8,0,0,0,0
706,1,0.0191,27,1,0.6393,4850.0,16,1,0,0,0
707,0,0.1203,47,0,0.3369,5840.0,4,0,1,0,0
708,1,0.1404,46,0,0.1362,5700.0,12,0,0,0,1
709,0,0.3704,21,0,0.207,5540.0,7,0,2,0,1
710,0,0.0233,53,3,0.2007,9680.0,19,1,1,0,2
711,0,0.1573,42,0,0.53,1850.0,9,0,0,0,4
712,0,0.0849,68,0,0.7851,6480.0,9,0,0,0,2
713,1,0.0425,27,2,1.0827,16280.0,1,1,1,0,0
714,0,0.5895,66,1,0.1685,11130.0,6,1,0,0,3
715,0,0.1684,21,0,0.6519,10400.0,1,0,0,0,1
716,0,0.0343,62,0,0.3107,8150.0,17,0,0,0,2
717,0,0.2006,63,0,2.5963,3440.0,10,0,1,0,0
718,0,0.0686,43,0,1.0306,3130.0,7,0,1,0,0
719,1,0.0004,36,0,1.2475,3150.0,5,0,0,0,1
720,0,0.0385,28,0,0.7272,2480.0,14,0,1,0,0
721,0,0.4183,39,0,0.565,8670.0,13,0,1,0,2
722,0,0.0006,57,0,0.3529,11860.0,7,0,1,0,1
723,1,0.167,60,2,0.3136,6380.0,6,0,0,0,0
724,0,0.2452,30,0,0.278,7970.0,18,0,0,0,0
725,1,0.1045,21,1,0.6509,5860.0,2,1,1,1,0
726,0,0.2817,51,0,1.146,6910.0,10,0,0,0,0
727,0,0.6396,52,0,0.3627,1380.0,19,0,2,0,0
728,0,0.2191,73,0,0.2913,5940.0,7,0,1,0,0
729,0,0.2056,62,0,0.1845,3810.0,2,0,0,0,1
730,0,0.0531,50,0,0.5204,4800.0,16,0,0,0,0
731,0,0.2211,52,0,0.9395,5630.0,18,0,0,0,0
732,0,0.8117,55,0,0.9681,3200.0,2,0,1,0,1
733,0,0.2041,45,0,1.0274,2580.0,8,0,0,0,0
734,0,0.2551,57,0,0.5765,3140.0,2,0,2,0,4
735,0,1.0068,31,0,0.4743,2060.0,18,0,1,0,0
736,0,0.1399,65,0,0.9698,2460.0,16,0,1,0,2
737,0,0.0158,67,0,0.2308,2670.0,16,0,1,0,0
738,0,0.7353,44,0,0.3449,2080.0,7,0,2,0,0
739,0,0.2419,45,0,1.2542,6750.0,14,0,1,0,0
740,0,0.05,47,0,0.2358,2860.0,4,0,2,0,0
741,0,0.0307,65,1,0.4401,1610.0,3,0,1,0,0
742,0,0.2338,30,0,0.6563,3860.0,12,0,0,0,0
743,0,0.5493,39,0,0.4722,2520.0,19,0,0,0,0
744,0,0.0109,54,0,0.8955,11800.0,5,0,0,0,0
745,0,0.0255,58,0,1.1223,5320.0,9,0,2,0,2
746,0,0.0391,36,0,0.5992,2030.0,19,0,2,0,0
747,0,0.0595,27,0,1.0346,6910.0,9,0,0,0,1
748,1,0.3491,48,0,0.2574,5170.0,16,0,0,0,3
749,1,0.0198,55,3,0.4088,4260.0,14,1,1,1,3
750,1,0.6678,62,0,1.9024,12640.0,17,0,1,0,1
751,1,0.8815,21,0,1.4416,2740.0,7,0,1,0,0
752,1,1.7488,21,2,0.2088,9150.0,16,1,2,0,3
753,0,0.0034,41,0,0.4459,3840.0,16,0,1,0,4
754,0,0.0758,51,0,0.4876,4860.0,17,0,1,0,2
755,0,0.257,21,0,0.5769,3130.0,18,0,1,0,1
756,0,0.0245,30,0,0.9651,3260.0,7,0,0,0,0
757,0,1.44,43,3,1.3546,3780.0,16,0,1,0,1
758,0,1.1747,36,0,0.4595,1570.0,13,0,1,0,0
759,0,0.2393,59,0,0.8809,6050.0,2,0,2,0,0
760,0,0.6993,22,0,0.6629,5270.0,18,0,2,0,0
761,0,0.7253,68,0,0.4437,2000.0,14,0,1,0,0
762,0,0.2643,30,0,0.1622,7300.0,14,0,0,0,0
763,0,0.1711,44,0,0.8279,11780.0,2,0,1,0,0
764,1,0.7024,74,0,0.646,3300.0,19,0,1,0,0
765,0,0.2095,56,0,0.5677,3070.0,19,0,0,0,0
766,0,0.8689,74,1,0.2494,9590.0,17,1,1,0,0
767,0,0.3538,22,1,1.4557,6260.0,7,0,0,1,1
768,0,0.2396,59,1,0.4924,4530.0,2,0,1,0,0
769,0,0.175,25,0,0.2265,8010.0,15,0,0,0,0
770,0,0.1199,54,0,0.2057,5790.0,10,0,0,0,2
771,0,0.0772,38,1,0.6747,11580.0,5,0,1,0,1
772,0,0.0037,62,0,0.6868,4870.0,6,0,0,0,2
773,0,0.1087,27,0,0.3403,6350.0,13,0,1,0,1
774,0,0.0064,69,0,0.5931,9500.0,17,0,0,0,2
775,1,0.0876,46,4,0.6707,1130.0,11,1,0,1,1
776,0,1.1573,49,1,0.4887,9710.0,18,0,0,0,0
777,0,0.8656,51,0,0.295,3630.0,11,0,0,0,0
778,0,0.8414,22,0,0.8,6630.0,11,0,1,0,1
779,1,0.1401,37,2,0.7427,13340.0,7,1,1,1,2
780,0,1.0442,59,0,0.6317,4090.0,2,0,2,0,0
781,0,0.4022,72,0,0.2725,3740.0,5,0,0,0,0
782,0,0.0157,74,0,0.2022,4760.0,7,0,0,0,0
783,0,0.0918,49,0,0.4704,2060.0,12,0,0,0,0
784,0,0.3784,34,1,0.7849,18390.0,4,1,0,0,1
785,0,0.062,46,0,0.8388,4790.0,10,0,0,0,0
786,0,0.0415,46,0,0.638,13190.0,11,0,1,0,0
787,0,0.5007,42,0,0.3429,4020.0,10,0,0,0,3
788,1,0.0021,40,0,0.2773,5020.0,19,0,0,0,0
789,0,0.0123,67,1,0.4448,8660.0,4,0,1,0,2
790,0,0.6825,42,0,0.4473,2540.0,7,0,0,0,3
791,0,0.1224,22,0,0.8732,4620.0,7,0,0,0,2
792,0,0.9413,59,0,0.3369,8470.0,14,0,0,0,0
793,0,0.5382,56,0,0.3542,4330.0,13,0,2,0,0
794,0,0.4022,41,1,1.5419,3680.0,16,1,0,0,2
795,0,0.1497,55,0,1.1397,9600.0,11,0,0,0,1
796,0,0.0603,71,0,0.2646,11390.0,16,0,0,0,0
797,0,0.0272,70,2,1.0846,12530.0,1,0,1,0,2
798,0,0.502,63,0,0.2292,3280.0,3,0,0,0,1
799,0,0.0368,52,0,0.3463,3470.0,12,0,0,0,2
800,0,0.0715,22,0,0.3708,3700.0,5,0,1,0,0
801,0,0.2686,48,4,0.4289,7560.0,6,1,1,1,1
802,0,0.0138,65,0,0.6517,2400.0,5,0,1,0,0
803,0,0.3778,66,0,0.479,2480.0,3,0,0,0,0
804,0,0.0235,62,0,0.6498,3200.0,6,0,3,0,1
805,0,0.0715,74,0,0.3531,2800.0,18,0,0,0,0
806,0,0.0288,48,0,0.5624,8360.0,1,0,0,0,0
807,0,0.8178,26,0,0.4711,8020.0,19,0,0,0,0
808,0,1.2551,47,0,0.1953,3680.0,11,0,0,0,2
809,0,0.4602,38,0,0.6004,4380.0,15,0,0,0,2
810,0,0.4112,66,0,0.476,1070.0,15,0,1,0,0
811,0,0.1019,62,0,0.2928,3740.0,2,0,0,0,1
812,0,0.3953,43,0,0.3482,10370.0,5,0,0,0,0
813,0,0.4141,41,1,0.3534,3620.0,17,0,2,0,0
814,0,0.5005,29,0,0.3879,2550.0,13,0,0,0,0
815,0,0.5614,23,1,1.2909,11220.0,8,0,0,0,0
816,1,0.5807,37,1,1.5748,2520.0,11,1,2,0,0
817,1,0.0069,34,2,0.0875,12430.0,9,1,1,1,0
818,0,0.4116,35,0,0.6022,27800.0,2,0,2,0,0
819,1,0.3423,74,0,0.7969,4600.0,18,0,0,0,1
820,0,0.7217,57,0,0.3947,10370.0,5,0,0,0,2
821,0,0.0441,50,0,0.7842,1810.0,17,0,0,0,0
822,0,0.3931,30,0,1.2123,1760.0,5,0,0,0,0
823,0,0.2241,66,0,0.1973,3050.0,12,0,1,0,1
824,0,0.2295,55,0,0.4869,8050.0,10,0,0,0,2
825,0,0.0569,48,0,1.4536,4920.0,17,0,0,0,1
826,0,0.505,46,0,0.2138,4390.0,12,0,0,0,2
827,0,0.2482,50,2,0.4193,2270.0,12,1,0,0,0
828,0,0.0382,66,0,0.3433,4550.0,6,0,0,0,0
829,1,1.8,59,0,0.8446,3340.0,17,0,0,0,1
830,0,0.3273,47,0,0.9183,2830.0,3,0,0,0,0
831,1,0.1791,57,0,0.4953,2690.0,10,0,0,0,0
832,1,1.1413,71,1,0.4581,5510.0,6,1,1,0,3
833,0,0.6533,38,0,0.1602,3190.0,9,0,0,0,0
834,0,0.541,69,0,1.0553,4900.0,1,0,1,0,2
835,0,0.0252,53,0,0.3635,1700.0,14,0,0,0,3
836,0,0.3935,31,0,0.4126,6650.0,15,0,0,0,0
837,0,0.7647,73,2,0.8049,5680.0,14,0,2,0,3
838,0,0.2403,58,1,0.5059,4280.0,14,0,0,0,1
839,0,0.5114,41,0,0.8206,5410.0,1,0,1,0,2
840,0,0.114,32,0,0.6454,8610.0,13,0,0,0,0
841,0,0.0524,70,0,0.5078,2060.0,7,0,1,0,0
842,0,0.7575,65,0,0.5413,5120.0,12,0,1,0,0
843,0,0.1911,23,0,0.2291,2250.0,13,0,0,0,0
844,1,0.2504,55,0,0.4109,5180.0,6,0,0,0,1
845,1,0.1261,27,0,0.8611,4210.0,3,0,1,0,3
846,1,0.2422,36,2,0.2621,4840.0,3,1,1,0,3
847,0,0.1224,51,0,0.2925,8180.0,9,0,1,0,0
848,0,0.0198,34,0,0.2651,8030.0,12,0,2,0,0
849,0,0.6979,48,0,0.4926,9430.0,1,0,0,0,0
850,0,0.0655,44,3,1.0424,3870.0,14,0,1,1,0
851,0,0.1345,52,0,0.6239,7490.0,5,0,2,0,0
852,0,0.6805,64,0,0.1217,6660.0,16,0,3,0,0
853,0,0.3836,29,0,0.6631,3930.0,14,0,0,0,0
854,0,0.3052,63,0,0.3446,5270.0,14,0,1,0,0
855,0,0.7604,33,0,0.61,4540.0,4,0,0,0,0
856,0,0.0626,22,0,0.4108,11350.0,13,0,1,0,0
857,0,0.2339,45,0,0.2681,7990.0,13,0,1,0,0
858,0,0.2203,37,0,0.4305,4020.0,16,0,0,0,0
859,1,1.2226,30,0,0.3448,3850.0,11,0,0,0,1
860,0,0.6042,43,0,0.5404,8730.0,15,0,0,0,3
861,0,0.0772,67,0,0.2641,10980.0,9,0,0,0,0
862,0,0.0585,52,0,0.2288,5940.0,18,0,0,0,0
863,0,0.1621,60,0,0.6972,7300.0,14,0,0,0,1
864,1,0.0766,29,2,0.874,10740.0,1,1,0,0,0
865,0,0.1637,25,0,0.6364,4430.0,16,0,0,0,3
866,0,0.0396,39,0,0.3044,5170.0,3,0,1,0,0
867,0,0.3144,62,0,0.2882,6580.0,2,0,1,0,2
868,0,0.0781,68,0,0.2983,3800.0,12,0,0,0,0
869,0,0.0854,26,0,0.7666,13620.0,10,0,1,0,4
870,0,1.4038,46,0,0.2739,3780.0,8,0,0,0,0
871,0,0.5924,42,0,0.7637,5100.0,8,0,0,0,2
872,0,0.7492,61,0,0.6585,15520.0,7,0,0,0,0
873,0,0.023,32,0,0.9443,1610.0,18,0,1,0,0
874,0,0.107,47,0,0.8503,5590.0,15,0,0,0,1
875,0,0.1638,66,0,0.6223,3310.0,16,0,0,0,0
876,0,0.6123,46,0,0.1861,4920.0,11,0,2,0,1
877,0,0.3314,63,0,0.648,2380.0,15,0,1,0,0
878,0,0.0022,54,0,0.4816,3930.0,11,0,1,0,0
879,0,0.1179,53,0,0.3592,4990.0,18,0,0,0,1
880,0,0.5908,35,0,1.0175,5670.0,1,0,0,0,1
881,0,1.8,74,1,0.4103,8410.0,16,0,0,0,1
882,0,0.148,34,0,0.327,1220.0,9,0,0,0,0
883,0,0.2195,71,0,0.882,4560.0,7,0,2,0,1
884,1,0.3261,74,3,0.3524,4430.0,12,0,0,0,0
885,1,0.2195,48,1,0.3174,4730.0,18,0,0,0,0
886,0,0.5821,67,0,0.2285,5010.0,6,0,0,0,1
887,0,0.7749,59,1,0.2747,2990.0,10,0,1,0,0
888,0,0.0738,60,0,0.2892,1940.0,5,0,0,0,0
889,1,0.2774,24,1,0.6522,5600.0,16,1,0,0,0
890,0,0.0389,28,0,0.2438,2710.0,11,0,0,0,1
891,0,0.0614,24,0,0.1474,6260.0,6,0,1,0,0
892,1,0.2218,22,3,0.539,2800.0,18,1,1,0,0
893,0,0.1287,66,0,0.3072,7450.0,5,0,1,0,0
894,1,0.0319,30,1,0.445,4760.0,3,0,1,1,2
895,0,0.2622,21,0,0.9699,4960.0,5,0,1,0,2
896,0,0.4694,71,0,0.469,4240.0,6,0,0,0,3
897,0,0.4579,36,2,1.1116,3850.0,5,0,1,0,0
898,0,0.1325,65,0,0.4313,4270.0,2,0,0,0,0
899,1,0.2704,72,1,0.8222,9990.0,19,0,2,0,4
900,0,0.0777,49,1,0.3235,1960.0,7,0,1,0,1
901,0,0.0918,71,0,0.4793,3330.0,19,0,1,0,3
902,0,0.136,73,0,0.2567,9260.0,14,0,0,0,0
903,1,0.9966,28,0,0.2757,8040.0,16,0,0,0,2
904,0,0.1878,28,0,0.3927,11010.0,7,0,1,0,2
905,0,0.3088,40,0,0.2025,4740.0,13,0,0,0,1
906,0,0.2683,51,0,0.4944,2230.0,8,0,1,0,0
907,0,0.482,63,0,0.3747,2530.0,7,0,0,0,2
908,0,1.0216,30,0,0.5172,4110.0,18,0,1,0,0
909,0,0.1485,31,0,0.2044,7760.0,17,0,0,0,2
910,0,0.4602,37,0,0.6846,4220.0,7,0,1,0,0
911,0,0.1416,35,0,1.2443,4030.0,1,0,1,0,0
912,0,0.7234,71,0,1.0963,6240.0,11,0,1,0,0
913,0,0.0523,42,0,1.4082,5000.0,19,0,0,0,0
914,0,0.0509,67,0,0.4609,3770.0,18,0,0,0,3
915,1,0.2623,24,0,0.3637,2690.0,10,0,0,0,2
916,0,0.0299,26,1,0.602,8670.0,10,0,0,0,0
917,0,0.1131,64,0,0.3895,9220.0,17,0,1,0,1
918,0,0.2733,34,0,0.1581,2610.0,4,0,2,0,0
919,0,0.1062,25,1,0.7346,3860.0,6,0,1,0,1
920,1,0.9256,53,2,0.3904,7330.0,3,1,2,0,0
921,0,0.2739,28,0,0.1863,2480.0,12,0,2,0,0
922,0,0.2264,24,2,0.3312,6120.0,18,0,0,0,2
923,0,0.2606,42,0,0.3957,4040.0,6,0,0,0,3
924,0,0.4439,50,0,0.4525,2370.0,17,0,0,0,0
925,0,0.1264,49,0,0.4558,14280.0,10,0,0,0,0
926,0,0.4937,52,0,1.0216,4000.0,5,0,0,0,0
927,0,0.8924,22,1,0.2074,6730.0,19,1,0,1,1
928,1,0.7144,36,3,0.4101,2510.0,12,1,0,1,3
929,1,0.253,39,4,0.2652,12470.0,11,1,0,1,0
930,0,0.0852,36,0,0.9548,15810.0,4,0,0,0,0
931,0,0.1148,51,0,0.3208,2000.0,11,0,0,0,2
932,0,0.5629,33,0,0.3656,4450.0,5,0,1,0,0
933,0,0.3236,55,0,0.8435,10900.0,9,0,0,0,0
934,0,0.1382,71,0,0.9949,3710.0,18,0,1,0,2
935,1,0.0112,56,2,1.0872,6280.0,19,0,0,0,0
936,0,0.6893,41,0,0.1677,1790.0,8,0,1,0,4
937,0,0.0581,44,0,0.6003,3060.0,7,0,0,0,0
938,0,0.2092,52,3,0.5284,5900.0,4,0,2,0,1
939,0,0.11,60,0,0.4357,3450.0,4,0,2,0,3
940,0,0.1469,37,0,0.4676,3960.0,10,0,0,0,0
941,0,0.0283,23,0,0.9719,1980.0,19,0,0,0,0
942,0,0.1166,58,0,0.8379,7280.0,17,0,0,0,0
943,0,0.8769,56,0,0.7696,2200.0,6,0,0,0,0
944,0,0.2115,26,0,0.5087,12390.0,16,0,1,0,0
945,0,0.2045,54,0,1.7548,3260.0,9,0,0,0,0
946,0,0.3104,24,0,0.3533,7950.0,13,0,0,0,1
947,0,0.1526,55,0,0.1704,7490.0,5,0,0,0,0
948,0,0.1385,61,0,0.3832,2720.0,16,0,1,0,1
949,0,0.0069,21,0,0.4652,3480.0,9,0,0,0,0
950,1,0.5482,60,0,0.9821,3740.0,15,0,0,0,0
951,0,0.4241,27,0,0.3307,3890.0,5,0,0,0,0
952,0,0.1776,35,0,0.6033,2260.0,19,0,0,0,2
953,0,0.344,59,0,0.1852,6770.0,9,0,0,0,0
954,0,0.1779,40,0,0.8597,3250.0,13,0,1,0,0
955,1,0.043,73,2,0.4681,4590.0,11,1,3,0,1
956,0,0.0548,72,0,0.3797,8990.0,12,0,0,0,0
957,0,1.1688,74,0,1.6144,6930.0,5,0,0,0,0
958,0,0.4438,26,0,0.8538,3390.0,18,0,0,0,0
959,0,0.1564,30,0,0.2408,9180.0,4,0,0,0,0
960,0,0.496,30,0,0.4208,7330.0,7,0,1,0,3
961,0,0.2538,52,0,2.3205,3220.0,9,0,0,0,0
962,0,0.5401,44,1,1.473,3610.0,10,0,0,1,0
963,0,0.3842,61,0,0.7817,8960.0,5,0,0,0,1
964,1,0.4935,36,0,0.1483,7840.0,17,0,0,0,0
965,0,0.002,31,0,0.9993,2000.0,12,0,0,0,0
966,1,1.507,56,2,0.3069,2690.0,19,1,1,1,1
967,0,0.0166,54,2,0.9941,7460.0,7,0,1,0,2
968,0,0.1746,58,0,0.2912,2430.0,9,0,0,0,0
969,0,0.0463,37,0,0.6025,7970.0,11,0,0,0,0
970,0,0.0757,49,1,0.306,15700.0,12,0,1,0,0
971,1,0.1841,71,2,0.3613,6150.0,4,1,0,1,0
972,0,0.1542,54,0,0.6527,2820.0,16,0,0,0,2
973,1,1.0115,71,4,0.2037,5460.0,19,1,1,1,0
974,0,0.1703,44,0,1.8654,9140.0,10,0,1,0,1
975,0,1.0528,23,0,0.2426,5220.0,8,0,0,0,0
976,0,0.3056,62,0,0.2346,6570.0,8,0,1,0,0
977,0,0.1744,45,0,0.6538,3040.0,2,0,1,0,1
978,1,0.3199,23,0,0.9755,3180.0,2,0,0,0,0
979,0,0.3029,28,0,0.37,8460.0,8,0,2,0,0
980,0,0.1044,37,0,0.2362,3210.0,5,0,0,0,2
981,0,0.1019,31,0,0.2584,1040.0,6,0,0,0,2
982,1,0.8026,57,0,0.2422,4090.0,7,0,1,0,0
983,0,0.0279,54,0,0.5406,5930.0,4,0,0,0,1
984,0,0.2531,38,0,0.4309,9280.0,8,0,0,0,0
985,0,1.0685,25,0,0.5801,13190.0,1,0,1,0,1
986,0,0.1336,25,0,0.5593,5170.0,15,0,0,0,2
987,0,0.5886,72,0,0.7368,7300.0,14,0,0,0,1
988,0,0.1301,39,0,0.3514,5280.0,4,0,1,0,2
989,0,1.0938,26,0,0.2885,6080.0,4,0,0,0,0
990,0,0.0526,59,2,0.4935,4390.0,2,1,0,0,0
991,0,0.1854,67,0,0.4347,6200.0,4,0,1,0,0
992,0,0.2518,27,0,0.523,3170.0,12,0,1,0,1
993,0,0.4788,72,0,0.2932,16120.0,2,0,0,0,0
994,0,0.3002,60,0,0.6606,1170.0,1,0,0,0,0
995,0,0.5373,34,1,0.2216,6920.0,11,0,2,0,1
996,0,0.0536,62,0,0.345,5950.0,18,0,0,0,1
997,0,0.5584,43,0,0.8846,6140.0,9,0,0,0,1
998,0,0.8606,55,0,0.2279,2420.0,5,0,1,0,0
999,0,0.502,27,0,0.8438,1800.0,16,0,2,0,3
1000,0,0.1348,34,0,0.1929,7070.0,16,0,1,0,0
1001,0,0.0797,62,0,0.1736,10990.0,16,0,0,0,1
1002,0,0.111,64,0,0.1834,5610.0,8,0,1,0,0
1003,0,0.0447,21,0,0.4819,7970.0,1,0,1,0,0
1004,0,0.383,32,0,0.6961,3730.0,19,0,1,0,0
1005,0,0.2792,53,1,0.9759,6000.0,18,1,0,0,0
1006,1,0.2796,69,4,0.9303,10250.0,10,1,2,1,0
1007,0,0.3389,57,0,0.754,4070.0,15,0,1,0,0
1008,1,0.8019,59,0,0.2728,10010.0,19,0,1,0,0
1009,0,0.0239,41,0,0.2714,1840.0,2,0,2,0,0
1010,0,0.1783,23,0,0.7208,3400.0,9,0,0,0,4
1011,0,0.0866,62,1,1.0542,6820.0,17,0,1,0,0
1012,0,0.4348,64,0,0.242,15390.0,14,0,1,0,2
1013,0,0.7434,44,0,0.9767,4960.0,3,0,1,0,0
1014,0,0.1186,48,0,0.142,2640.0,2,0,0,0,2
1015,1,0.2195,33,0,0.5678,15180.0,7,0,0,0,3
1016,0,0.0168,45,0,0.4222,4560.0,9,0,1,0,1
1017,0,0.2221,34,1,0.3975,7320.0,3,0,0,0,0
1018,0,0.1295,43,0,0.4578,4020.0,6,0,2,0,1
1019,1,0.3394,28,0,0.2692,5350.0,10,0,1,0,4
1020,0,0.2344,53,1,0.5872,3510.0,16,0,0,0,0
1021,0,0.5648,34,0,0.466,19050.0,11,0,0,0,1
1022,0,0.1937,60,0,0.7876,10040.0,11,0,0,0,0
1023,0,0.2229,48,0,1.1668,14200.0,15,0,0,0,2
1024,0,0.6549,69,0,0.4849,3060.0,13,0,0,0,0
1025,0,0.2025,32,0,0.2749,1640.0,5,0,0,0,1
1026,0,0.3461,35,0,0.227,4120.0,5,0,1,0,0
1027,0,0.0886,34,0,1.2448,22250.0,3,0,2,0,2
1028,1,0.4975,55,0,1.1528,4050.0,3,0,1,0,0
1029,0,0.3617,26,0,0.7652,9240.0,16,0,1,0,2
1030,1,0.3757,58,1,0.4658,2660.0,13,0,0,0,0
1031,0,0.395,65,0,0.7328,2990.0,13,0,2,0,2
1032,0,0.3296,57,0,0.9828,4690.0,9,0,0,0,0
1033,0,0.0284,28,0,0.3101,17430.0,2,0,1,0,3
1034,0,0.1285,47,0,0.4574,9510.0,8,0,1,0,0
1035,0,0.7333,49,0,0.2314,1430.0,3,0,0,0,3
1036,1,0.6133,42,0,0.4158,7330.0,19,0,1,0,0
1037,0,0.6019,46,0,1.1349,2470.0,8,0,2,0,0
1038,1,1.0269,62,4,0.8582,3270.0,3,1,1,1,4
1039,0,0.2935,66,0,0.4872,6680.0,6,0,0,0,0
1040,0,0.2721,37,1,0.0893,11370.0,13,0,0,0,0
1041,1,0.2427,38,0,0.3032,11040.0,9,0,0,0,0
1042,0,0.0235,32,0,0.4778,6000.0,2,0,0,0,0
1043,0,0.2576,42,0,0.3947,6050.0,7,0,2,0,1
1044,1,0.4648,50,0,0.4583,11020.0,14,0,0,0,0
1045,0,0.1155,59,0,0.5197,1910.0,11,0,0,0,1
1046,0,0.7824,35,0,0.3262,14710.0,11,0,0,0,2
1047,0,0.3521,32,0,0.4473,3160.0,13,0,0,0,0
1048,1,0.419,22,1,0.4108,5750.0,14,0,0,1,3
1049,0,0.3289,26,1,0.2947,3650.0,9,1,0,0,0
1050,0,0.597,23,0,1.3604,2460.0,15,0,0,0,1
1051,0,0.2168,32,3,0.3376,6480.0,18,1,2,0,1
1052,0,0.2735,58,0,0.1162,5660.0,3,0,0,0,1
1053,0,0.0961,62,0,1.3099,4610.0,14,0,0,0,0
1054,0,0.2531,73,0,0.2704,4480.0,6,0,1,0,0
1055,1,0.0952,50,0,0.771,12280.0,3,0,0,0,0
1056,0,0.632,45,0,0.2986,18320.0,5,0,1,0,0
1057,0,0.2983,69,0,0.6323,10420.0,18,0,0,0,0
1058,1,0.2937,28,1,0.4365,5800.0,12,0,0,0,1
1059,0,0.5604,55,0,0.8189,1840.0,9,0,0,0,2
1060,0,0.0871,65,0,0.3953,7160.0,5,0,0,0,0
1061,0,0.0908,48,0,0.3033,7350.0,11,0,1,0,3
1062,0,1.0794,35,0,0.5242,7810.0,10,0,0,0,1
1063,0,0.3215,54,0,0.3572,2480.0,8,0,0,0,1
1064,0,0.2967,74,0,0.1412,8180.0,9,0,0,0,0
1065,0,0.0058,33,0,0.3132,12540.0,14,0,0,0,2
1066,0,0.1738,51,0,2.5125,2730.0,12,0,1,0,1
1067,0,0.8083,23,0,0.1506,7410.0,1,0,0,0,0
1068,0,0.5852,33,0,0.5192,3020.0,7,0,2,0,0
1069,0,0.1787,62,0,0.3884,4620.0,2,0,0,0,0
1070,0,0.3693,47,0,1.3524,2780.0,18,0,0,0,4
1071,0,0.1631,31,2,0.2307,3980.0,7,0,0,0,4
1072,1,0.2114,39,0,0.4775,4000.0,19,0,0,0,1
1073,1,0.1522,27,0,0.6782,6290.0,5,0,2,0,0
1074,0,0.0863,63,0,0.4035,8390.0,7,0,1,0,0
1075,0,0.2762,71,0,0.2835,10200.0,8,0,0,0,0
1076,0,0.2357,26,0,0.4434,3320.0,18,0,0,0,2
1077,0,1.0762,33,0,0.3732,6100.0,2,0,0,0,0
1078,1,0.0407,67,3,0.3726,2540.0,16,1,0,0,1
1079,1,0.2093,68,0,0.7854,4600.0,13,0,0,0,0
1080,0,0.5052,62,0,0.5722,5040.0,5,0,1,0,0
1081,0,0.2547,59,0,0.6257,2830.0,17,0,1,0,0
1082,0,0.9283,67,0,0.5478,6870.0,11,0,0,0,0
1083,0,0.1702,41,0,0.7993,4480.0,10,0,0,0,0
1084,0,0.0578,69,0,0.9827,5390.0,8,0,1,0,2
1085,0,0.7532,68,0,0.3783,10250.0,8,0,1,0,2
1086,0,0.0248,33,0,0.7347,3800.0,16,0,0,0,1
1087,0,0.1953,24,0,0.2064,8190.0,19,0,1,0,0
1088,0,0.1459,49,0,0.1163,11680.0,17,0,0,0,1
1089,1,0.3223,61,0,1.3443,11260.0,7,0,0,0,4
1090,0,0.4547,66,1,0.3679,4390.0,12,0,0,0,0
1091,0,0.2243,28,1,0.5228,2740.0,19,0,0,1,1
1092,0,0.6596,41,0,0.2154,3210.0,12,0,1,0,0
1093,1,0.0165,62,0,0.2095,1900.0,1,0,1,0,0
1094,0,0.137,24,0,0.2929,7420.0,14,0,0,0,1
1095,0,0.3056,60,1,0.6608,7700.0,11,0,0,1,2
1096,0,0.1667,36,0,0.3296,5270.0,10,0,0,0,2
1097,0,0.0544,22,0,0.3673,2150.0,1,0,0,0,2
1098,0,0.0802,34,0,0.2874,3950.0,9,0,1,0,2
1099,0,0.177,61,1,0.9044,11250.0,16,0,1,0,1
1100,0,0.1473,67,0,0.7566,7090.0,11,0,0,0,0
1101,0,0.4579,25,1,0.3361,7860.0,6,0,1,0,0
1102,0,0.4146,46,0,0.6774,35770.0,16,0,3,0,2
1103,0,0.3921,31,0,0.3878,5980.0,9,0,0,0,0
1104,0,0.3403,57,0,0.367,1350.0,13,0,0,0,0
1105,0,0.4891,63,0,0.4361,2540.0,1,0,0,0,4
1106,1,1.0353,72,0,0.661,5900.0,3,0,2,0,0
1107,0,0.1222,40,0,0.2631,4970.0,4,0,0,0,0
1108,0,0.754,37,0,0.6074,4430.0,3,0,1,0,0
1109,0,0.0053,37,0,2.0111,4480.0,9,0,1,0,0
1110,1,1.0634,62,0,0.5015,3070.0,8,0,0,0,2
1111,0,0.037,45,0,0.4591,6150.0,2,0,0,0,0
1112,0,0.0418,22,0,0.4272,11350.0,13,0,1,0,2
1113,0,0.1994,72,0,0.5987,13900.0,10,0,0,0,0
1114,1,0.0583,26,0,0.171,13660.0,8,0,0,0,0
1115,0,0.0043,71,1,1.2469,2770.0,5,0,2,0,4
1116,0,0.0,29,1,0.8095,4860.0,8,0,0,0,0
1117,0,0.117,50,0,0.3052,4070.0,4,0,1,0,0
1118,0,0.6116,37,0,0.4579,7010.0,18,0,0,0,1
1119,0,0.045,58,1,0.3216,4680.0,10,0,0,0,0
1120,0,0.3214,42,0,0.5377,4290.0,17,0,0,0,0
1121,0,0.604,40,0,0.4662,11760.0,17,0,0,0,2
1122,0,0.0762,46,0,0.5154,5210.0,10,0,0,0,1
1123,0,0.1194,73,0,0.2424,5290.0,8,0,3,0,0
1124,0,1.7722,34,0,0.3366,6300.0,14,0,0,0,0
1125,1,0.4222,32,3,0.8937,7370.0,8,1,0,1,0
1126,0,0.2528,24,0,0.3262,7400.0,9,0,1,0,0
1127,0,0.6516,60,0,0.092,12470.0,8,0,1,0,4
1128,0,0.0381,57,0,0.4105,2270.0,12,0,3,0,0
1129,0,0.5417,53,0,1.9096,5970.0,2,0,0,0,4
1130,0,0.4784,22,0,0.7478,4620.0,6,0,0,0,1
1131,1,0.1586,63,2,0.3165,4100.0,13,1,1,1,0
1132,0,0.1273,64,0,0.4359,7740.0,10,0,1,0,2
1133,0,0.2882,72,0,0.6756,10700.0,14,0,0,0,0
1134,0,0.5082,71,1,0.1566,3450.0,13,0,2,0,0
1135,0,0.5621,35,0,0.2688,13520.0,7,0,1,0,0
1136,0,0.7912,59,0,0.5706,2080.0,9,0,0,0,2
1137,0,0.0704,42,0,1.1696,7000.0,2,0,1,0,1
1138,0,0.0969,53,0,0.3452,2880.0,15,0,0,0,0
1139,1,0.4732,38,1,1.1505,3340.0,9,1,0,0,2
1140,0,0.0706,56,0,0.2858,5100.0,6,0,0,0,0
1141,0,0.0032,72,0,0.0589,3870.0,11,0,0,0,0
1142,0,0.0834,56,3,0.7021,880.0,1,0,0,0,3
1143,0,0.1268,70,2,0.6214,7090.0,8,0,1,1,1
1144,0,0.1277,71,0,0.6989,7850.0,18,0,1,0,1
1145,1,0.3938,27,3,0.6827,4460.0,8,0,0,1,1
1146,0,0.3552,73,0,0.5041,4260.0,7,0,0,0,0
1147,0,0.2075,65,0,0.3847,3930.0,9,0,1,0,4
1148,0,0.4548,44,0,0.3936,1760.0,5,0,0,0,0
1149,0,0.2349,53,0,0.3409,1650.0,5,0,0,0,0
1150,0,0.3666,54,0,0.3534,7960.0,10,0,0,0,0
1151,0,1.1009,63,0,0.1516,9310.0,13,0,1,0,4
1152,1,0.4951,64,0,0.2168,7030.0,5,0,2,0,1
1153,0,0.1099,26,0,0.4074,6170.0,5,0,0,0,0
1154,0,0.0601,21,0,0.1171,7860.0,14,0,1,0,0
1155,0,0.9953,34,0,0.1347,7550.0,10,0,1,0,0
1156,0,0.3779,49,3,0.3677,3070.0,6,1,3,0,0
1157,0,0.6251,66,0,0.416,5620.0,17,0,1,0,0
1158,0,0.3045,56,1,0.3723,4110.0,19,1,0,0,0
1159,0,0.3055,28,0,0.1077,4150.0,17,0,0,0,0
1160,0,1.8,59,0,1.1405,9740.0,6,0,0,0,4
1161,0,0.8686,46,0,0.1898,12640.0,19,0,0,0,0
1162,0,0.0231,40,0,0.275,1200.0,7,0,0,0,2
1163,1,0.0662,62,0,0.2108,4220.0,2,0,0,0,2
1164,0,0.1567,36,0,0.9796,4090.0,11,0,1,0,0
1165,0,0.1489,54,0,0.5786,9870.0,19,0,0,0,0
1166,0,0.0688,30,0,0.3383,2060.0,1,0,1,0,1
1167,0,0.3878,41,0,0.3243,820.0,1,0,0,0,3
1168,0,0.1944,51,0,0.5005,8040.0,1,0,1,0,0
1169,0,0.7596,54,0,0.2127,8760.0,16,0,1,0,0
1170,1,0.1527,70,0,0.5646,1690.0,5,0,1,0,0
1171,0,0.261,36,0,0.3233,4560.0,10,0,0,0,2
1172,0,0.1915,69,0,0.6137,12310.0,2,0,1,0,0
1173,0,0.372,65,0,0.6014,2570.0,18,0,2,0,0
1174,1,0.1011,40,0,0.3147,5220.0,15,0,1,0,0
1175,0,0.6189,28,0,0.1311,6670.0,11,0,0,0,1
1176,0,1.197,34,0,0.3875,2090.0,17,0,0,0,0
1177,0,0.0242,56,0,0.1883,3500.0,4,0,1,0,2
1178,0,0.0015,63,1,0.471,1780.0,8,0,0,0,0
1179,1,0.1862,54,0,0.3852,4450.0,19,0,1,0,1
1180,0,0.2705,60,0,0.3158,3060.0,10,0,2,0,2
1181,0,0.454,26,0,0.2065,5570.0,6,0,0,0,2
1182,0,0.187,48,0,0.9158,7190.0,12,0,0,0,0
1183,0,0.2179,68,0,0.3423,11310.0,18,0,0,0,1
1184,0,0.3253,42,0,1.8441,19920.0,2,0,0,0,3
1185,0,0.1761,69,0,0.4588,5570.0,19,0,0,0,2
1186,1,1.1949,27,0,0.5549,4060.0,9,0,0,0,2
1187,0,0.0233,73,0,0.46,3930.0,2,0,0,0,3
1188,0,0.0421,63,0,0.5515,2750.0,19,0,0,0,0
1189,0,0.2611,54,0,0.8656,6430.0,11,0,0,0,0
1190,0,0.1084,54,0,0.8716,3650.0,4,0,0,0,2
1191,0,0.6053,71,1,0.1557,6710.0,4,0,0,0,2
1192,0,0.1493,41,0,0.7507,2810.0,2,0,3,0,0
1193,0,0.08,29,0,0.6055,3720.0,11,0,0,0,2
1194,0,0.0618,70,0,0.4591,6370.0,6,0,0,0,0
1195,0,0.3387,26,1,1.2555,4560.0,7,0,1,0,3
1196,0,0.0625,56,0,1.2862,1550.0,11,0,0,0,0
1197,0,0.1982,35,0,0.7732,4870.0,19,0,2,0,1
1198,0,0.4001,71,3,0.3243,3040.0,17,1,0,1,4
1199,0,0.4517,73,0,0.2197,9990.0,2,0,0,0,1
1200,0,0.1678,46,0,0.7066,8800.0,7,0,0,0,0
1201,0,0.0165,49,1,1.0158,1250.0,5,0,1,0,0
1202,0,0.1579,45,1,0.133,7950.0,7,0,0,0,1
1203,0,0.1901,43,0,0.8622,6210.0,18,0,0,0,1
1204,1,0.2167,71,0,0.3856,2020.0,7,0,0,0,2
1205,0,0.0955,36,0,0.1518,8320.0,13,0,1,0,1
1206,0,1.4723,72,0,0.5955,2280.0,16,0,3,0,0
1207,0,0.4845,56,0,0.7754,9770.0,6,0,0,0,0
1208,0,0.0328,72,0,0.3639,3340.0,9,0,0,0,1
1209,0,0.0296,54,0,0.2383,1980.0,16,0,1,0,1
1210,0,0.2091,65,0,1.2551,17540.0,7,0,0,0,0
1211,0,0.5605,47,2,0.3008,1940.0,13,1,1,1,3
1212,0,0.0303,45,1,0.9009,3030.0,4,0,1,0,1
1213,0,0.5649,34,0,0.1813,3410.0,18,0,0,0,2
1214,0,0.3747,32,0,0.5767,3740.0,3,0,0,0,1
1215,0,0.5843,23,0,0.5669,7470.0,14,0,0,0,0
1216,0,0.6051,41,0,0.7589,5090.0,19,0,1,0,3
1217,1,0.4854,74,0,1.1005,8980.0,3,0,0,0,1
1218,0,0.3311,71,0,0.2758,6140.0,10,0,3,0,1
1219,0,0.7326,58,0,0.6141,1800.0,19,0,0,0,0
1220,0,0.35,40,0,0.1979,6840.0,2,0,1,0,2
1221,0,0.2982,49,0,0.1966,5650.0,6,0,1,0,3
1222,0,0.2626,61,3,0.3176,3380.0,18,0,1,1,0
1223,0,0.4901,21,0,0.5744,17060.0,3,0,0,0,2
1224,0,0.1221,70,0,1.2289,7080.0,19,0,0,0,0
1225,1,1.5027,68,0,1.3708,8650.0,15,0,0,0,0
1226,0,0.5634,73,1,0.3632,8830.0,5,0,1,0,2
1227,0,0.0627,26,0,0.5397,3820.0,4,0,1,0,1
1228,0,0.4444,72,0,0.7912,7190.0,7,0,1,0,0
1229,0,0.4617,54,0,0.7112,5940.0,11,0,3,0,0
1230,0,0.0459,50,0,0.4059,3520.0,19,0,0,0,1
1231,0,0.1963,30,0,0.4703,2360.0,16,0,0,0,0
1232,0,0.1199,47,1,0.4206,4990.0,1,0,0,1,0
1233,0,0.0705,40,0,0.3965,6990.0,12,0,0,0,2
1234,0,0.1033,74,0,0.3661,4960.0,7,0,0,0,0
1235,0,0.4793,39,0,0.4182,4410.0,11,0,0,0,0
1236,0,0.2465,32,0,0.3522,5000.0,9,0,2,0,1
1237,0,0.1221,72,0,0.2274,4140.0,12,0,0,0,1
1238,0,0.0807,31,0,0.7539,12450.0,15,0,2,0,0
1239,1,0.631,69,1,0.6125,5780.0,5,0,0,0,1
1240,0,0.2158,73,0,1.3854,3670.0,7,0,0,0,0
1241,0,0.423,37,0,0.5609,1660.0,1,0,1,0,3
1242,0,0.1945,58,3,0.3499,4370.0,7,0,0,0,1
1243,0,0.1045,64,0,0.3086,3480.0,19,0,0,0,1
1244,0,0.4904,49,0,0.4623,3400.0,14,0,1,0,1
1245,0,0.2531,58,4,0.6261,8650.0,13,1,2,1,0
1246,0,0.3619,28,0,0.388,5160.0,17,0,1,0,0
1247,0,0.662,48,0,0.186,1790.0,11,0,0,0,0
1248,0,0.9012,48,1,0.2884,7120.0,2,0,1,0,1
1249,0,0.4462,51,0,0.4542,1900.0,13,0,1,0,4
1250,0,0.3417,71,0,0.7006,7450.0,3,0,0,0,0
1251,0,0.557,65,0,0.1842,3700.0,4,0,2,0,3
1252,0,0.1133,53,0,0.5268,5180.0,13,0,0,0,0
1253,0,0.1361,42,0,0.5131,4840.0,18,0,0,0,0
1254,0,0.4586,42,0,0.3427,4500.0,6,0,1,0,0
1255,0,0.1352,22,0,0.316,5570.0,6,0,0,0,0
1256,0,0.1331,50,1,0.2889,5160.0,13,1,0,0,2
1257,0,0.7443,34,0,0.4889,15090.0,6,0,0,0,0
1258,0,0.5921,68,0,0.8835,5620.0,4,0,2,0,2
1259,0,0.1395,62,0,0.9219,5700.0,5,0,0,0,2
1260,0,0.2121,70,0,0.2289,3210.0,16,0,3,0,0
1261,0,0.6102,74,0,0.4016,6180.0,12,0,1,0,0
1262,0,0.0345,42,0,0.1205,2660.0,7,0,0,0,0
1263,0,0.4466,44,0,0.4798,9800.0,19,0,0,0,1
1264,0,0.0657,53,2,0.6431,2020.0,7,0,1,0,3
1265,0,0.6838,44,0,1.1532,2960.0,14,0,2,0,0
1266,0,0.2243,36,0,0.1538,1850.0,4,0,0,0,3
1267,0,0.0614,59,1,0.2339,6320.0,18,1,0,0,4
1268,0,0.0002,45,0,0.4899,3810.0,5,0,0,0,1
1269,0,0.0114,71,0,0.1702,7420.0,9,0,0,0,1
1270,0,0.1389,32,0,0.4982,2740.0,12,0,0,0,2
1271,0,0.5381,44,0,0.653,6760.0,10,0,0,0,4
1272,0,0.0127,49,0,0.2083,6960.0,12,0,0,0,1
1273,0,0.4681,70,1,0.4865,5580.0,15,1,1,0,0
1274,0,0.7831,52,0,0.2171,5010.0,16,0,0,0,2
1275,0,0.1501,24,1,1.0256,5340.0,7,0,0,0,0
1276,0,0.4681,39,0,0.5086,2850.0,12,0,0,0,0
1277,0,0.0057,68,0,0.306,2580.0,11,0,0,0,1
1278,0,0.0455,35,0,0.2138,6810.0,9,0,0,0,0
1279,0,0.1,39,0,0.5675,3940.0,10,0,1,0,0
1280,0,0.194,29,0,1.0149,6450.0,16,0,1,0,0
1281,0,0.4334,59,0,0.2828,12460.0,13,0,0,0,0
1282,0,0.6088,28,0,0.3451,3740.0,1,0,1,0,4
1283,0,0.1665,40,0,0.2861,3430.0,2,0,2,0,0
1284,0,0.2518,59,0,1.1426,4050.0,14,0,1,0,2
1285,0,1.4053,69,0,0.143,5030.0,11,0,1,0,0
1286,0,0.2775,32,0,0.9718,7100.0,11,0,1,0,0
1287,0,0.1864,38,0,0.3583,4830.0,17,0,0,0,0
1288,1,0.6034,27,0,0.4304,17110.0,5,0,2,0,0
1289,0,1.8,44,0,0.3663,6330.0,5,0,0,0,0
1290,0,0.1889,74,0,0.5188,7850.0,13,0,0,0,3
1291,0,0.3862,37,0,0.29,4810.0,15,0,0,0,2
1292,0,0.8616,35,0,0.8479,9020.0,19,0,0,0,0
1293,0,0.1565,42,0,0.8688,4350.0,18,0,1,0,0
1294,0,0.206,69,3,0.2491,3340.0,7,1,0,1,0
1295,0,0.2724,50,0,0.6706,8460.0,4,0,2,0,0
1296,0,0.2999,53,0,0.3628,4750.0,13,0,1,0,0
1297,0,0.4683,63,0,0.4635,5690.0,4,0,2,0,1
1298,0,0.4202,59,0,1.122,8860.0,9,0,1,0,1
1299,0,0.1911,53,0,0.2999,5340.0,6,0,1,0,0
1300,0,0.8988,51,0,0.7834,4490.0,8,0,2,0,0
1301,0,0.1992,49,0,0.5911,3560.0,17,0,2,0,1
1302,0,0.0942,30,0,0.3999,9290.0,6,0,1,0,0
1303,0,0.342,43,0,0.5601,4000.0,17,0,0,0,0
1304,0,0.6422,66,0,0.5215,4770.0,5,0,0,0,0
1305,0,0.1095,23,0,0.2242,5840.0,6,0,0,0,2
1306,1,0.3132,65,1,0.3122,5820.0,5,0,0,1,2
1307,0,0.1398,51,2,0.24,9030.0,15,1,0,0,0
1308,1,0.0115,39,0,0.3806,4710.0,15,0,0,0,1
1309,0,0.0973,27,0,1.007,11220.0,1,0,1,0,2
1310,0,0.4098,62,0,0.6367,4230.0,7,0,2,0,0
1311,0,0.4919,21,0,0.1902,6140.0,18,0,0,0,0
1312,0,0.0927,50,0,0.3814,4400.0,11,0,1,0,2
1313,0,0.3483,29,0,0.5169,17260.0,4,0,2,0,1
1314,0,0.1963,70,0,0.7022,3980.0,5,0,1,0,0
1315,0,0.325,30,0,0.3041,4200.0,9,0,1,0,0
1316,0,0.0136,64,0,0.2139,5270.0,5,0,2,0,0
1317,0,0.0551,51,0,0.4344,4190.0,9,0,0,0,0
1318,0,0.076,23,0,0.6322,5940.0,12,0,0,0,1
1319,1,0.1197,59,3,0.5173,10270.0,9,1,0,1,0
1320,0,0.1917,68,0,0.2643,5370.0,12,0,0,0,1
1321,1,0.1995,32,0,1.2876,5490.0,2,0,2,0,0
1322,0,0.1952,73,0,0.4235,4280.0,10,0,0,0,0
1323,0,0.0489,64,0,0.5047,3630.0,2,0,0,0,1
1324,0,1.0116,61,0,0.302,5210.0,14,0,2,0,2
1325,0,0.1468,39,0,0.8728,4940.0,10,0,1,0,0
1326,0,0.2811,27,0,0.6332,9940.0,13,0,0,0,0
1327,0,0.6945,44,0,0.5427,2760.0,7,0,1,0,4
1328,0,0.0479,64,2,0.2251,11760.0,4,0,0,0,0
1329,0,0.293,52,1,0.8662,4500.0,13,0,0,0,0
1330,0,0.1742,55,0,0.7076,5370.0,2,0,2,0,3
1331,0,0.5875,63,0,0.8261,2590.0,10,0,1,0,0
1332,0,0.2307,39,0,0.4594,6890.0,6,0,2,0,1
1333,0,0.1514,23,1,0.4296,2760.0,7,0,0,0,0
1334,0,0.0047,68,0,0.4028,6150.0,9,0,0,0,1
1335,0,0.9457,54,0,1.7637,5800.0,9,0,1,0,3
1336,0,0.0399,51,1,0.3245,4040.0,4,1,0,1,0
1337,0,0.3422,51,0,0.2205,1420.0,3,0,1,0,2
1338,0,0.1299,67,0,0.3592,17970.0,10,0,0,0,0
1339,0,1.1533,62,0,0.3263,2610.0,6,0,1,0,2
1340,0,0.0583,57,0,0.9569,5790.0,1,0,0,0,3
1341,1,0.9485,63,0,0.1992,3170.0,17,0,3,0,2
1342,0,1.4476,36,0,0.3209,9220.0,10,0,2,0,0
1343,0,0.1106,59,0,0.5037,3910.0,2,0,1,0,1
1344,0,0.0391,73,2,0.9617,3130.0,7,0,1,0,0
1345,0,0.372,33,0,0.6893,7020.0,3,0,0,0,0
1346,0,0.107,51,0,1.187,2290.0,19,0,0,0,0
1347,0,0.1372,57,0,0.5529,3840.0,10,0,1,0,0
1348,0,0.4735,48,0,0.3977,7440.0,17,0,0,0,0
1349,1,0.7417,73,0,0.7508,12140.0,7,0,0,0,1
1350,0,0.3255,42,0,0.1978,2760.0,19,0,0,0,0
1351,0,0.5749,32,0,0.1611,3410.0,18,0,0,0,0
1352,0,0.0428,28,1,0.8072,6070.0,13,0,1,0,0
1353,0,0.8764,66,0,0.5098,1480.0,8,0,1,0,0
1354,0,0.0482,58,0,0.8012,11100.0,19,0,1,0,0
1355,1,0.0418,52,0,0.2694,2700.0,11,0,1,0,1
1356,0,0.1069,44,0,0.9713,3780.0,4,0,2,0,4
1357,0,0.2623,43,2,0.6718,5750.0,2,1,0,0,0
1358,0,0.0639,71,0,0.441,5070.0,11,0,1,0,1
1359,0,0.902,57,0,0.5089,2760.0,5,0,0,0,2
1360,0,0.0883,73,0,0.5533,13810.0,15,0,0,0,0
1361,1,0.7509,64,0,0.2687,1050.0,11,0,0,0,0
1362,0,0.8738,62,0,0.3566,2510.0,10,0,0,0,0
1363,0,0.199,50,0,0.5481,3350.0,6,0,1,0,1
1364,0,0.7865,34,0,0.3482,2780.0,5,0,1,0,0
1365,0,0.5827,56,0,0.1861,10220.0,4,0,1,0,1
1366,0,0.1827,59,0,0.5363,1820.0,13,0,1,0,0
1367,0,0.5871,49,0,0.742,12510.0,15,0,0,0,1
1368,0,0.4034,22,0,0.8531,4160.0,19,0,0,0,0
1369,0,0.116,72,0,0.6184,2170.0,13,0,0,0,1
1370,0,1.301,65,0,0.7342,1390.0,10,0,0,0,0
1371,0,0.3398,40,0,0.8126,4320.0,14,0,0,0,3
1372,0,0.6535,47,0,0.4713,3230.0,5,0,0,0,1
1373,0,0.1974,27,0,0.126,5660.0,17,0,0,0,1
1374,0,0.3744,71,0,0.9011,3750.0,1,0,0,0,2
1375,0,0.0994,33,0,0.2629,8720.0,18,0,0,0,0
1376,0,0.1283,41,0,0.228,4510.0,2,0,0,0,0
1377,0,0.5019,44,0,0.2318,3810.0,18,0,0,0,0
1378,0,0.7119,35,0,1.9952,8810.0,15,0,0,0,0
1379,0,1.435,55,0,0.5853,5640.0,8,0,0,0,0
1380,0,0.2448,74,0,0.2405,7820.0,10,0,1,0,3
1381,0,0.0104,67,0,0.2982,9790.0,6,0,0,0,0
1382,0,0.0642,49,0,0.4491,4120.0,4,0,0,0,0
1383,0,0.0669,28,0,0.6222,5030.0,6,0,1,0,1
1384,0,1.1682,67,1,0.5313,8150.0,17,0,1,0,0
1385,0,0.1308,34,0,0.2574,1130.0,5,0,1,0,0
1386,0,0.1363,70,1,0.5435,4620.0,9,0,0,0,3
1387,0,0.9488,42,0,0.3114,4290.0,14,0,2,0,2
1388,0,0.277,48,0,0.8421,6150.0,16,0,0,0,1
1389,0,0.151,44,0,0.4648,3040.0,6,0,2,0,0
1390,0,0.011,45,0,0.2849,9480.0,16,0,1,0,0
1391,0,0.0345,29,0,0.6793,3160.0,4,0,0,0,0
1392,0,0.0859,50,0,0.5655,3730.0,14,0,0,0,0
1393,0,0.0938,42,2,0.3379,3300.0,3,1,0,0,0
1394,1,0.2124,66,0,0.6963,10280.0,19,0,1,0,0
1395,0,0.317,46,2,0.6554,1410.0,2,0,2,0,0
1396,1,0.0981,73,1,0.9241,14360.0,18,1,1,0,1
1397,0,0.3035,37,0,0.688,11900.0,15,0,3,0,0
1398,0,0.1962,38,0,0.3952,3500.0,3,0,0,0,0
1399,0,0.6228,22,0,0.1629,9100.0,15,0,0,0,0
1400,0,0.2682,60,1,0.5026,5310.0,7,1,1,0,3
1401,0,0.245,24,0,0.5516,13250.0,19,0,0,0,3
1402,0,0.1691,36,0,0.4633,8690.0,19,0,0,0,1
1403,0,0.2339,70,0,0.0738,18320.0,18,0,0,0,1
1404,0,0.1277,53,0,0.6752,1930.0,13,0,0,0,0
1405,0,0.1007,51,2,0.26,5510.0,18,1,1,0,0
1406,0,0.3031,64,0,0.678,1750.0,9,0,0,0,0
1407,0,0.1422,62,0,1.2466,3600.0,2,0,0,0,1
1408,0,0.1357,68,0,0.3861,18950.0,17,0,0,0,2
1409,0,1.1175,56,0,0.5846,6510.0,1,0,1,0,0
1410,0,0.4054,45,0,0.4583,8870.0,13,0,0,0,0
1411,0,0.1777,28,0,0.6159,6690.0,11,0,0,0,0
1412,1,0.388,40,0,0.4781,6440.0,8,0,0,0,0
1413,0,0.6298,59,0,0.3295,3590.0,15,0,0,0,0
1414,0,1.3852,34,0,0.2611,3210.0,6,0,1,0,4
1415,0,0.2923,57,0,1.1668,3540.0,18,0,0,0,0
1416,0,0.0203,28,0,0.5846,960.0,17,0,1,0,0
1417,0,0.2508,24,1,0.7396,4680.0,18,0,1,0,0
1418,0,0.0301,40,1,0.5709,5680.0,17,0,0,1,1
1419,0,1.1963,33,0,0.8069,3390.0,16,0,1,0,3
1420,0,0.0547,68,0,0.2625,4540.0,18,0,0,0,1
1421,0,0.025,41,0,0.4723,6730.0,18,0,0,0,2
1422,0,0.809,43,1,0.6085,8360.0,15,0,1,0,1
1423,1,0.2019,42,4,0.9759,2400.0,16,1,0,1,3
1424,0,0.2525,38,0,2.2341,3050.0,4,0,1,0,1
1425,0,0.2048,70,0,0.5738,7720.0,4,0,0,0,1
1426,0,0.9288,60,0,0.3022,7000.0,8,0,0,0,4
1427,0,0.3054,29,0,0.2193,11010.0,7,0,0,0,1
1428,1,0.225,32,4,0.2611,10740.0,7,1,0,0,0
1429,1,0.0397,25,2,0.2824,20930.0,6,1,0,1,3
1430,0,1.025,34,3,0.0788,4120.0,5,0,0,0,1
1431,0,0.092,56,0,0.2996,12670.0,11,0,1,0,2
1432,0,0.9673,71,0,0.6908,2830.0,16,0,1,0,0
1433,0,0.0173,47,1,0.4701,20670.0,16,0,2,0,3
1434,0,0.7149,25,0,0.3847,6460.0,3,0,2,0,2
1435,0,0.1965,23,0,0.1698,6800.0,11,0,1,0,1
1436,0,1.5169,43,0,0.8439,8900.0,10,0,1,0,2
1437,0,0.6216,35,0,0.6108,2180.0,16,0,0,0,2
1438,0,0.0452,52,0,0.4459,2580.0,17,0,2,0,2
1439,0,0.0475,27,1,0.1199,5270.0,7,0,0,1,1
1440,0,0.1377,33,0,0.3347,6050.0,15,0,1,0,1
1441,0,1.2259,51,0,0.5829,17150.0,12,0,1,0,3
1442,0,0.3142,36,0,0.4417,2780.0,6,0,3,0,1
1443,0,0.3093,40,0,0.5042,12380.0,11,0,0,0,0
1444,0,0.6237,32,0,0.6779,4190.0,1,0,0,0,0
1445,0,0.4306,23,0,0.493,4160.0,2,0,0,0,2
1446,1,0.4163,39,0,0.6635,4450.0,8,0,1,0,0
1447,0,0.6715,38,0,0.2709,4090.0,19,0,1,0,1
1448,0,0.2969,69,0,0.2157,6580.0,12,0,0,0,2
1449,0,0.4619,69,0,0.5983,3880.0,13,0,1,0,1
1450,0,0.174,44,0,0.6767,2110.0,17,0,0,0,0
1451,0,0.2637,36,0,0.6135,4190.0,9,0,1,0,3
1452,0,0.3402,43,0,0.4862,6460.0,11,0,2,0,0
1453,0,0.1757,53,0,0.3699,2120.0,6,0,2,0,0
1454,0,0.6035,41,0,0.51,6970.0,6,0,1,0,0
1455,0,0.8337,61,0,0.5642,9980.0,18,0,1,0,2
1456,0,0.0644,73,0,0.5848,11940.0,14,0,0,0,1
1457,1,0.6437,42,0,2.1475,6020.0,3,0,1,0,1
1458,0,0.024,27,0,0.2586,1660.0,8,0,0,0,0
1459,0,0.0824,27,0,3.113,7250.0,15,0,0,0,0
1460,0,0.2965,68,0,0.2114,8780.0,16,0,0,0,1
1461,0,0.676,43,0,0.5663,3240.0,13,0,0,0,0
1462,0,1.2789,38,0,0.2194,4710.0,1,0,0,0,4
1463,0,0.365,54,1,0.54,6570.0,8,0,1,0,0
1464,0,0.0207,72,0,0.81,14360.0,8,0,0,0,0
1465,0,0.5342,43,0,0.4582,4220.0,4,0,0,0,0
1466,0,0.0811,38,0,0.8056,8390.0,9,0,1,0,0
1467,0,0.0881,67,0,0.3485,5940.0,7,0,2,0,0
1468,0,0.0331,25,1,0.1313,5540.0,12,0,0,0,0
1469,0,0.2319,66,2,0.6544,10920.0,6,1,2,1,2
1470,0,0.1412,49,1,0.4577,2980.0,7,0,0,0,0
1471,0,0.7158,22,0,0.337,5640.0,17,0,1,0,0
1472,1,0.4426,33,1,0.3512,5000.0,8,1,2,1,0
1473,0,0.1536,57,0,0.5735,1990.0,4,0,0,0,0
1474,0,0.1269,61,1,0.2756,10300.0,14,0,2,0,0
1475,0,0.2513,31,0,0.5628,8080.0,5,0,1,0,0
1476,0,0.1006,56,1,0.9168,5020.0,4,0,3,1,0
1477,0,0.0182,74,0,1.5466,4200.0,15,0,0,0,0
1478,0,0.1544,58,0,1.0436,4920.0,5,0,0,0,3
1479,0,0.1012,58,4,0.4951,7510.0,1,1,1,0,0
1480,0,0.4577,31,0,0.5245,5070.0,2,0,0,0,1
1481,0,0.3703,55,1,0.3534,3290.0,15,1,1,0,0
1482,0,0.0903,59,0,0.3398,3600.0,5,0,0,0,1
1483,0,0.6975,26,0,0.7582,4880.0,8,0,0,0,0
1484,0,0.2893,37,0,0.3736,2810.0,10,0,0,0,0
1485,0,1.0546,68,0,0.5597,6000.0,6,0,1,0,0
1486,0,0.5208,74,0,0.2522,3050.0,4,0,0,0,1
1487,0,0.8129,30,0,1.0224,2770.0,2,0,0,0,4
1488,0,1.1124,60,0,0.3703,33390.0,2,0,1,0,0
1489,0,0.1806,48,0,0.8631,15740.0,18,0,1,0,1
1490,0,0.3853,52,0,0.2946,5360.0,19,0,0,0,1
1491,0,0.0606,48,1,0.2854,8190.0,13,0,0,0,3
1492,0,0.0974,67,1,0.9968,9070.0,9,0,1,0,1
1493,0,0.08,45,0,0.3086,4700.0,16,0,0,0,0
1494,0,0.2163,52,0,0.1754,5820.0,16,0,1,0,1
1495,1,0.4362,57,0,0.2408,4200.0,9,0,0,0,2
1496,0,0.2954,50,0,0.7513,10440.0,15,0,1,0,2
1497,1,0.01,68,1,0.7092,10530.0,2,1,0,0,2
1498,0,0.0849,33,0,0.2844,12550.0,4,0,0,0,0
1499,1,0.4373,72,0,0.3076,5770.0,17,0,0,0,0
1500,0,0.3555,57,0,0.6729,18050.0,10,0,0,0,0
1501,0,0.1117,72,0,0.9896,4690.0,16,0,1,0,4
1502,0,0.1279,41,0,0.4312,16780.0,11,0,0,0,0
1503,0,0.5283,46,0,0.6266,3720.0,3,0,0,0,0
1504,1,0.2565,23,0,0.7589,2260.0,3,0,2,0,1
1505,0,0.3181,70,0,1.6353,16590.0,11,0,0,0,0
1506,0,0.1993,65,0,0.2246,7300.0,3,0,1,0,2
1507,0,0.4772,37,0,0.3008,6710.0,17,0,1,0,1
1508,0,0.7804,23,0,0.3316,3960.0,6,0,2,0,0
1509,0,1.1738,58,0,0.7382,2960.0,14,0,1,0,1
1510,0,0.3932,57,0,0.3863,3130.0,5,0,0,0,1
1511,0,0.1809,49,0,0.5419,5340.0,15,0,2,0,0
1512,0,0.0554,29,0,0.4834,4490.0,6,0,0,0,3
1513,0,0.0128,70,0,0.4498,1530.0,10,0,1,0,0
1514,0,1.082,44,0,0.4792,13580.0,5,0,0,0,0
1515,0,0.4728,60,0,0.8336,3820.0,17,0,0,0,1
1516,0,0.1737,67,0,0.251,10330.0,11,0,1,0,0
1517,0,0.3347,50,0,0.411,3220.0,10,0,2,0,1
1518,0,0.6611,26,0,0.2167,5390.0,6,0,0,0,0
1519,1,1.36,68,1,0.5148,8810.0,4,0,0,0,2
1520,0,0.0774,57,0,0.3996,8110.0,15,0,1,0,2
1521,0,0.3175,69,0,0.8535,4180.0,2,0,1,0,2
1522,1,0.557,54,1,0.448,6670.0,1,1,2,0,0
1523,0,1.627,70,0,0.3443,7370.0,13,0,0,0,0
1524,0,0.4972,67,0,0.3875,4500.0,12,0,0,0,3
1525,0,0.3418,32,0,1.2637,2520.0,7,0,0,0,0
1526,0,0.4037,30,0,0.1752,3380.0,15,0,0,0,0
1527,0,0.1236,29,0,0.3084,3910.0,2,0,2,0,0
1528,1,0.4018,64,2,0.4591,4990.0,9,0,0,1,0
1529,0,0.6939,33,0,0.3067,12780.0,18,0,0,0,0
1530,0,0.1081,45,0,0.6031,8470.0,7,0,0,0,0
1531,0,0.9422,63,2,0.4344,3010.0,15,1,1,1,0
1532,0,0.0385,44,0,0.5239,14790.0,6,0,0,0,1
1533,0,0.1706,24,0,0.4822,4690.0,5,0,0,0,0
1534,0,0.0634,40,0,0.4224,7360.0,7,0,2,0,0
1535,0,0.03,26,0,0.2071,2800.0,6,0,1,0,2
1536,0,1.287,41,0,0.4994,3750.0,3,0,2,0,2
1537,0,0.1111,60,0,0.156,9160.0,18,0,0,0,0
1538,0,0.2523,49,0,0.3002,2900.0,12,0,0,0,0
1539,0,0.344,57,0,0.6026,5080.0,19,0,1,0,2
1540,0,0.0492,26,0,0.9174,6520.0,12,0,0,0,0
1541,0,0.1206,61,0,1.8398,2660.0,17,0,3,0,0
1542,0,0.114,43,0,0.3475,1690.0,8,0,3,0,1
1543,0,0.1305,36,0,0.2674,8470.0,4,0,0,0,0
1544,0,0.2307,56,0,0.6147,27390.0,19,0,3,0,1
1545,0,0.1419,28,1,1.3799,6470.0,16,0,2,0,0
1546,0,0.5899,47,0,1.1271,7260.0,18,0,1,0,0
1547,0,0.2525,43,0,0.2415,2890.0,18,0,0,0,3
1548,0,0.183,29,0,0.413,11870.0,6,0,0,0,3
1549,0,0.0908,72,0,0.7484,3920.0,11,0,0,0,1
1550,0,0.5026,40,0,0.7802,9880.0,14,0,1,0,3
1551,0,0.1703,23,0,0.6409,7080.0,17,0,0,0,2
1552,0,0.172,44,0,0.3433,7180.0,3,0,1,0,0
1553,1,1.1652,73,0,0.6375,7020.0,18,0,1,0,1
1554,0,0.0207,57,0,0.7848,6880.0,15,0,1,0,4
1555,1,0.1837,55,4,0.2569,5830.0,9,1,0,0,1
1556,0,0.3233,69,2,0.9981,8790.0,14,0,1,0,2
1557,0,0.4832,25,0,0.8148,3180.0,6,0,0,0,1
1558,0,0.463,50,0,0.2879,4260.0,7,0,1,0,0
1559,0,0.1137,38,0,0.7827,11860.0,4,0,0,0,0
1560,0,0.0026,57,0,0.7319,5450.0,8,0,0,0,1
1561,0,0.3869,67,1,0.7488,4040.0,6,0,1,0,0
1562,0,0.3119,25,0,1.1567,9140.0,12,0,0,0,0
1563,0,0.0323,29,0,0.4465,8120.0,9,0,1,0,0
1564,0,0.2475,72,0,0.5482,2250.0,6,0,0,0,0
1565,0,0.0719,47,1,0.0923,7620.0,8,0,0,0,0
1566,0,0.0425,38,0,0.8777,5340.0,11,0,0,0,0
1567,0,0.2986,29,0,0.8284,7530.0,16,0,0,0,0
1568,0,0.3924,40,0,1.0137,4950.0,17,0,1,0,3
1569,0,0.3388,21,0,0.2561,6490.0,6,0,0,0,3
1570,0,0.1288,33,0,0.8003,1640.0,9,0,2,0,0
1571,0,0.324,30,0,0.828,2870.0,14,0,1,0,0
1572,0,0.2137,25,0,0.3041,7660.0,4,0,2,0,0
1573,1,0.2518,73,0,0.8467,23690.0,14,0,1,0,1
1574,0,0.4456,63,0,0.5932,6130.0,11,0,0,0,0
1575,0,0.3165,71,0,0.1622,3240.0,3,0,0,0,0
1576,0,0.3486,33,0,0.6381,5330.0,13,0,1,0,1
1577,0,0.5747,36,0,0.2836,2880.0,4,0,1,0,0
1578,0,0.1616,36,0,0.1644,10400.0,10,0,1,0,0
1579,0,0.2596,51,0,0.5599,5060.0,6,0,0,0,1
1580,1,0.3626,30,0,0.4321,9250.0,1,0,1,0,0
1581,0,0.6229,33,0,1.0432,4480.0,13,0,1,0,2
1582,0,0.1035,73,0,0.5011,9750.0,13,0,0,0,0
1583,1,0.5138,40,4,0.7169,1860.0,6,1,1,1,0
1584,1,0.1129,63,2,0.6097,4990.0,1,1,0,1,3
1585,0,0.139,33,0,0.8291,6790.0,17,0,0,0,3
1586,0,0.1925,71,0,0.264,4180.0,8,0,0,0,1
1587,0,0.0406,58,0,0.5062,6100.0,17,0,2,0,1
1588,0,0.7552,67,1,0.4129,6040.0,8,0,1,0,0
1589,0,0.6907,48,0,0.6651,9220.0,15,0,0,0,0
1590,0,1.0748,69,0,0.5239,7140.0,17,0,2,0,0
1591,0,0.3153,40,0,0.3109,6220.0,13,0,1,0,0
1592,0,0.3974,46,0,0.3669,8330.0,17,0,1,0,3
1593,1,0.1235,24,0,1.2082,2180.0,2,0,2,0,0
1594,0,0.0101,30,0,0.1626,3130.0,15,0,1,0,1
1595,0,0.4651,62,0,0.6877,2140.0,14,0,0,0,2
1596,1,0.0769,38,1,0.9464,6830.0,16,1,0,0,0
1597,0,0.101,26,0,0.6359,6300.0,13,0,0,0,1
1598,0,1.7431,36,1,1.4661,11280.0,5,0,0,0,0
1599,0,0.0581,40,0,0.7891,6070.0,12,0,0,0,0
1600,0,0.0325,59,0,0.5658,3360.0,14,0,0,0,1
1601,1,0.0274,25,3,0.3396,5330.0,19,1,0,0,0
1602,1,0.3737,22,2,0.5721,1600.0,15,1,0,0,0
1603,0,0.1565,60,1,0.6764,3850.0,16,1,0,0,0
1604,0,0.1418,28,1,0.4503,1200.0,15,0,1,0,0
1605,0,0.2789,43,0,0.2877,5990.0,2,0,1,0,0
1606,0,0.0375,57,0,0.2182,4160.0,16,0,1,0,1
1607,1,0.0495,48,0,0.5022,4540.0,14,0,0,0,2
1608,1,0.8717,27,1,0.1849,2810.0,4,1,1,0,0
1609,0,0.7429,59,1,0.3386,3290.0,4,0,0,0,0
1610,1,0.2903,23,3,0.1045,7450.0,5,1,0,0,3
1611,0,0.8576,33,1,0.7407,2080.0,12,0,0,0,0
1612,1,0.0278,26,0,0.898,6660.0,15,0,1,0,1
1613,0,0.283,48,0,0.4711,3020.0,17,0,0,0,0
1614,1,0.4003,58,0,1.3483,1790.0,3,0,3,0,0
1615,0,0.6488,56,0,1.0085,10260.0,19,0,0,0,0
1616,0,0.301,28,0,0.5992,10910.0,3,0,0,0,1
1617,0,0.2947,39,0,0.4198,3560.0,12,0,1,0,0
1618,0,0.1207,28,1,0.3644,3530.0,19,0,0,0,2
1619,0,0.3851,39,0,0.6297,4230.0,8,0,2,0,0
1620,0,0.0474,33,0,0.4128,3020.0,19,0,1,0,0
1621,0,0.6832,60,1,0.6243,3360.0,13,0,1,0,0
1622,0,0.2376,61,0,0.6528,6440.0,7,0,2,0,0
1623,0,0.0401,65,0,0.3915,17060.0,17,0,0,0,0
1624,0,0.1252,31,0,0.8672,3970.0,1,0,0,0,0
1625,0,0.2183,21,0,0.3918,9080.0,15,0,0,0,0
1626,0,1.2275,22,0,0.4551,6070.0,8,0,1,0,3
1627,0,0.3947,66,0,0.2499,1800.0,14,0,1,0,0
1628,0,0.5496,69,0,0.382,4840.0,1,0,0,0,2
1629,1,1.62,32,2,1.6404,4490.0,18,1,0,0,1
1630,0,0.4796,68,1,0.2618,11830.0,3,0,1,1,2
1631,0,0.0266,49,0,0.5843,12130.0,12,0,1,0,1
1632,1,0.4338,30,3,0.3421,6160.0,5,0,0,1,2
1633,0,0.5198,37,0,0.119,10180.0,18,0,0,0,0
1634,0,0.1322,35,0,0.6284,4500.0,16,0,0,0,0
1635,0,0.062,62,0,0.3218,9620.0,16,0,0,0,1
1636,1,0.2852,31,1,0.5441,5220.0,8,0,0,0,0
1637,1,1.8,30,2,0.8137,9500.0,4,1,1,0,0
1638,0,0.5366,59,1,0.5172,10090.0,1,0,0,1,0
1639,0,0.7169,37,0,0.5472,7550.0,4,0,1,0,1
1640,0,0.5179,34,0,0.2669,3150.0,13,0,0,0,1
1641,0,0.1486,64,0,0.6867,3820.0,7,0,1,0,0
1642,0,0.3353,71,0,0.401,7720.0,2,0,0,0,0
1643,1,1.0261,50,0,0.1355,8400.0,19,0,0,0,1
1644,0,0.1256,65,0,0.7381,5400.0,17,0,0,0,2
1645,0,0.0198,66,0,0.8867,4070.0,9,0,1,0,0
1646,0,1.8,52,0,1.0927,5510.0,5,0,1,0,0
1647,0,0.1749,65,0,1.6528,4160.0,9,0,1,0,1
1648,0,1.6219,21,0,0.7147,4170.0,5,0,0,0,0
1649,0,0.3136,22,0,0.6116,15930.0,2,0,1,0,0
1650,1,0.289,68,0,0.865,3690.0,8,0,2,0,0
1651,0,0.3701,28,0,0.2639,6670.0,4,0,0,0,1
1652,0,0.3028,60,0,0.1648,5390.0,3,0,0,0,3
1653,0,1.1503,43,0,0.3375,2350.0,19,0,0,0,0
1654,1,0.1896,63,2,0.9669,2310.0,1,0,1,0,0
1655,0,0.0578,56,0,0.3022,4680.0,16,0,2,0,4
1656,0,0.6848,24,0,0.5941,1520.0,18,0,1,0,4
1657,0,0.4022,39,0,0.6338,14740.0,9,0,0,0,0
1658,0,0.0124,59,0,0.5203,3960.0,17,0,1,0,0
1659,1,0.3993,70,0,0.2088,3770.0,10,0,0,0,1
1660,0,0.5833,64,0,0.5519,10240.0,18,0,0,0,1
1661,1,0.1335,69,2,0.3489,4520.0,16,1,0,1,1
1662,0,0.1852,72,0,1.2482,7260.0,13,0,2,0,0
1663,0,0.0452,69,0,0.8888,3490.0,11,0,1,0,1
1664,0,0.1197,52,0,0.3564,5050.0,1,0,0,0,2
1665,0,0.3956,39,0,1.2962,8790.0,6,0,0,0,0
1666,0,0.011,48,0,0.5522,2930.0,19,0,2,0,1
1667,0,0.5244,63,0,0.1648,6750.0,18,0,1,0,0
1668,0,1.0183,43,0,0.4287,1150.0,14,0,0,0,3
1669,0,0.0408,65,0,1.1986,10500.0,10,0,3,0,0
1670,1,0.2039,58,3,0.2747,3520.0,8,1,1,0,2
1671,0,0.0828,32,0,0.4313,4670.0,8,0,0,0,0
1672,0,0.2324,70,1,0.1987,4630.0,14,0,1,0,1
1673,0,0.5555,66,0,0.2186,2740.0,6,0,1,0,0
1674,0,0.3744,53,0,0.2724,2620.0,11,0,0,0,1
1675,0,0.1837,31,0,0.2151,6720.0,12,0,0,0,0
1676,0,0.0746,33,0,0.3101,6910.0,13,0,1,0,1
1677,1,1.4132,66,0,1.275,2890.0,4,0,0,0,0
1678,0,0.1076,21,0,0.4397,6800.0,16,0,1,0,2
1679,0,0.127,47,0,0.7199,6870.0,9,0,2,0,0
1680,1,0.0018,54,0,0.865,3920.0,18,0,1,0,0
1681,0,1.5581,33,0,0.2311,2260.0,9,0,1,0,0
1682,0,0.5325,67,0,0.2728,4810.0,16,0,1,0,0
1683,0,0.6974,49,0,0.7114,6120.0,3,0,0,0,0
1684,0,0.6784,24,1,0.3071,4740.0,18,0,0,0,0
1685,0,0.1867,38,0,0.6837,3440.0,1,0,1,0,1
1686,0,0.2067,42,0,1.2292,6500.0,11,0,0,0,1
1687,0,0.5876,33,1,0.1876,10500.0,15,0,1,0,0
1688,0,0.4499,71,0,0.3627,3100.0,7,0,0,0,0
1689,0,0.0293,40,0,0.3989,4110.0,19,0,1,0,0
1690,0,0.2416,48,0,0.3276,25490.0,13,0,1,0,2
1691,0,1.1445,49,0,0.312,5850.0,18,0,1,0,0
1692,0,0.3238,32,0,0.3344,2300.0,11,0,0,0,1
1693,0,0.3537,51,0,0.4452,3690.0,14,0,1,0,2
1694,1,0.1073,40,2,0.4961,3120.0,2,0,1,1,0
1695,1,1.4097,21,0,0.7962,6170.0,2,0,0,0,1
1696,0,0.8566,43,0,0.4426,5910.0,11,0,1,0,0
1697,0,0.2508,52,0,0.8789,3350.0,8,0,0,0,2
1698,1,0.1545,27,0,0.315,14970.0,8,0,0,0,0
1699,0,0.1137,63,0,0.2185,5170.0,12,0,0,0,1
1700,0,0.1843,56,0,0.3742,3740.0,8,0,0,0,3
1701,0,0.0584,37,0,0.593,2360.0,19,0,1,0,0
1702,0,0.0984,52,0,0.753,2870.0,14,0,1,0,1
1703,1,0.0175,37,4,1.0791,2330.0,12,1,0,1,0
1704,0,0.6902,55,0,0.5348,4380.0,17,0,0,0,1
1705,0,0.0307,29,1,0.706,2890.0,1,0,1,0,0
1706,0,0.0186,53,0,1.0215,7870.0,4,0,0,0,0
1707,0,0.6829,23,0,0.2815,3460.0,16,0,1,0,2
1708,0,0.2722,21,0,0.3961,8140.0,16,0,1,0,0
1709,0,0.4527,34,0,2.3692,6600.0,12,0,0,0,1
1710,0,0.6083,30,0,0.7511,7240.0,4,0,3,0,1
1711,0,0.24,47,0,0.6104,8420.0,6,0,0,0,0
1712,0,0.4719,29,0,0.7681,16250.0,11,0,2,0,0
1713,0,0.2573,34,0,0.2016,2950.0,2,0,0,0,0
1714,0,1.3279,26,1,0.3048,8160.0,17,0,2,0,0
1715,0,0.5918,68,1,0.2448,6240.0,7,0,1,0,2
1716,1,0.1267,60,0,0.5776,9300.0,18,0,3,0,1
1717,0,0.2514,32,0,0.3601,5250.0,11,0,1,0,0
1718,1,0.0776,27,3,0.4758,9950.0,6,1,2,0,1
1719,0,0.4451,66,0,0.3728,2260.0,1,0,0,0,1
1720,0,0.0974,57,0,0.1693,2690.0,16,0,1,0,0
1721,0,0.2545,68,0,0.7641,3490.0,13,0,0,0,0
1722,0,0.2631,30,1,0.1561,4700.0,17,0,1,0,1
1723,1,0.2863,40,0,0.2904,5050.0,5,0,0,0,0
1724,1,0.0999,27,0,0.2041,3150.0,4,0,1,0,0
1725,0,0.2615,43,0,0.265,2710.0,5,0,0,0,0
1726,1,0.6566,29,0,0.5072,3320.0,8,0,0,0,1
1727,0,0.1041,21,0,0.9427,1760.0,8,0,3,0,1
1728,1,0.1497,48,4,0.1761,4130.0,15,1,2,1,1
1729,0,0.4224,73,0,0.3216,4750.0,19,0,2,0,2
1730,0,0.0801,55,0,0.1573,6400.0,1,0,0,0,0
1731,0,1.0622,61,0,0.3125,5430.0,11,0,2,0,0
1732,0,0.5083,64,0,0.4691,14420.0,12,0,0,0,2
1733,0,0.51,73,0,0.7119,8000.0,5,0,1,0,0
1734,0,0.4393,27,0,0.126,7650.0,8,0,0,0,0
1735,0,0.1303,34,0,0.6252,6120.0,14,0,1,0,0
1736,0,0.2133,54,1,0.2507,6780.0,10,0,0,0,0
1737,0,0.251,65,0,0.2166,4310.0,2,0,0,0,0
1738,0,0.2697,62,0,0.4679,5220.0,8,0,1,0,0
1739,0,0.4851,60,0,0.6546,15570.0,7,0,0,0,0
1740,1,0.1313,37,0,0.423,4710.0,4,0,1,0,3
1741,0,0.2124,40,2,0.2332,2210.0,2,0,0,0,0
1742,0,1.2237,25,1,0.4229,7470.0,7,0,0,0,0
1743,0,1.0042,37,0,0.2908,8310.0,17,0,0,0,0
1744,0,0.1253,29,0,0.6456,5390.0,17,0,0,0,1
1745,0,0.386,71,0,0.8566,1590.0,3,0,0,0,2
1746,0,0.0869,25,0,0.8244,10640.0,12,0,1,0,3
1747,0,0.1437,40,0,0.444,5640.0,15,0,0,0,0
1748,0,0.1369,68,0,0.8813,4080.0,10,0,0,0,0
1749,1,0.3751,72,1,0.2435,10020.0,1,0,0,0,1
1750,1,0.928,41,0,1.3096,1460.0,14,0,1,0,2
1751,0,0.2231,46,0,0.2427,5260.0,4,0,0,0,0
1752,0,1.0598,49,1,0.1329,3550.0,4,0,1,0,4
1753,1,0.7802,65,0,1.0194,12030.0,6,0,1,0,2
1754,0,0.2642,62,0,0.2934,5690.0,2,0,0,0,0
1755,0,0.399,49,0,0.4819,2930.0,18,0,2,0,1
1756,0,0.3357,41,1,0.2421,9730.0,11,0,1,1,3
1757,1,0.6281,41,2,1.8555,1120.0,16,0,1,0,0
1758,0,0.3155,56,0,1.3406,6670.0,1,0,0,0,3
1759,0,0.2503,66,0,1.1365,2300.0,4,0,1,0,0
1760,0,0.3208,25,1,0.4738,3720.0,3,0,1,1,3
1761,0,0.3039,62,3,0.8093,4250.0,2,1,0,0,0
1762,0,0.1036,46,0,0.4353,8490.0,14,0,1,0,1
1763,0,0.0086,28,0,0.881,18440.0,4,0,1,0,0
1764,0,0.1772,26,1,0.3512,1690.0,18,0,1,0,0
1765,0,0.1565,39,0,1.1628,6420.0,15,0,1,0,0
1766,0,1.8,34,0,0.3408,18430.0,6,0,0,0,0
1767,0,0.2929,26,0,0.3648,3490.0,6,0,1,0,2
1768,0,0.3104,36,0,0.3396,3360.0,8,0,0,0,3
1769,0,0.3812,66,0,0.5043,5660.0,11,0,2,0,1
1770,0,0.4141,59,0,0.356,8080.0,13,0,1,0,2
1771,0,0.0615,32,0,0.6019,7290.0,9,0,1,0,0
1772,0,0.2276,57,0,0.3367,3960.0,16,0,0,0,1
1773,1,0.0291,45,1,0.7221,3040.0,15,0,0,0,0
1774,0,0.0005,61,0,1.1174,10830.0,5,0,1,0,2
1775,0,0.2544,34,0,0.4707,3090.0,8,0,0,0,1
1776,1,1.395,24,2,1.7006,1560.0,16,1,0,0,3
1777,0,0.2246,37,0,0.8838,2050.0,14,0,1,0,3
1778,0,0.0258,74,0,1.6208,3480.0,19,0,0,0,0
1779,0,0.1211,51,0,0.4331,12030.0,2,0,1,0,1
1780,0,0.0712,23,0,0.1658,2410.0,2,0,1,0,2
1781,1,0.4525,73,3,0.2941,12250.0,10,1,1,0,0
1782,0,0.1341,65,0,0.3127,10770.0,5,0,0,0,2
1783,0,0.3636,50,2,0.2536,5630.0,15,1,0,1,0
1784,0,0.1936,60,0,0.1203,1060.0,14,0,0,0,0
1785,0,0.3612,30,0,0.8309,2420.0,9,0,0,0,1
1786,0,0.3353,52,0,0.1472,3360.0,1,0,1,0,0
1787,0,0.7699,70,0,0.7845,13880.0,7,0,0,0,2
1788,0,0.1289,44,2,1.6675,3490.0,6,1,1,0,1
1789,0,0.1491,23,0,0.2817,3090.0,8,0,0,0,0
1790,0,0.2268,61,2,0.567,5500.0,17,0,2,1,2
1791,0,0.2599,60,0,0.3537,2110.0,15,0,0,0,1
1792,0,0.081,60,0,0.738,4840.0,13,0,1,0,0
1793,0,0.2812,56,1,0.2194,3040.0,1,0,1,0,2
1794,0,0.4666,28,0,0.4152,24650.0,13,0,0,0,0
1795,0,0.1051,27,0,0.8805,2830.0,10,0,3,0,0
1796,0,0.7525,63,0,0.4363,15650.0,12,0,0,0,4
1797,0,0.6243,67,0,0.1691,2480.0,8,0,0,0,0
1798,1,0.5781,25,1,0.9465,5750.0,10,0,3,1,0
1799,0,0.4878,52,0,0.2065,6640.0,7,0,0,0,3
1800,0,0.3731,48,0,0.4711,5350.0,15,0,0,0,0
1801,0,0.2323,39,0,0.6374,5160.0,8,0,0,0,0
1802,0,0.385,55,0,0.4828,8240.0,17,0,3,0,0
1803,1,0.6723,70,2,2.0595,6310.0,18,0,1,1,2
1804,0,0.1995,65,1,0.6979,4430.0,16,0,0,0,0
1805,0,0.064,29,0,0.398,3280.0,10,0,0,0,1
1806,0,1.1017,46,0,0.6451,4450.0,10,0,0,0,1
1807,0,0.9096,71,0,0.5096,4420.0,10,0,1,0,0
1808,0,0.1573,33,1,0.4615,4360.0,15,0,0,0,2
1809,0,0.1752,67,0,0.5201,5140.0,17,0,0,0,0
1810,0,0.55,47,0,0.3463,2110.0,15,0,1,0,3
1811,0,0.2053,49,0,0.5106,2650.0,14,0,0,0,3
1812,1,0.2117,34,4,0.3318,8100.0,9,1,0,1,1
1813,0,0.2764,70,0,0.144,1270.0,5,0,1,0,0
1814,0,0.0951,49,0,0.8906,10080.0,7,0,1,0,0
1815,1,0.2911,52,1,0.3201,3510.0,19,0,0,0,2
1816,0,0.0856,45,2,0.4891,13380.0,8,0,1,0,0
1817,0,0.1564,25,0,0.2847,10260.0,10,0,1,0,0
1818,0,0.1207,63,0,0.2899,4040.0,10,0,1,0,0
1819,0,0.0284,38,0,0.2409,4300.0,7,0,1,0,2
1820,0,0.7347,33,0,0.7937,12780.0,3,0,0,0,0
1821,0,0.14,63,0,0.9174,10550.0,5,0,1,0,0
1822,0,0.1293,31,0,0.4564,8810.0,5,0,0,0,3
1823,0,1.8,57,0,0.3256,9760.0,4,0,0,0,3
1824,0,0.3166,46,0,0.1627,2560.0,2,0,0,0,0
1825,0,0.019,64,0,0.7242,5560.0,18,0,2,0,1
1826,0,0.1992,23,0,0.2994,3100.0,2,0,1,0,0
1827,0,0.1472,62,0,0.2298,2520.0,3,0,1,0,2
1828,0,0.2303,33,0,0.4573,5420.0,11,0,1,0,2
1829,0,0.0738,68,0,0.3677,3830.0,18,0,0,0,0
1830,0,0.067,40,0,0.1807,4450.0,14,0,0,0,1
1831,0,0.0338,21,0,0.1962,3640.0,3,0,0,0,0
1832,0,0.4526,47,0,0.5499,2320.0,12,0,0,0,0
1833,0,0.0104,23,0,0.3032,13600.0,12,0,1,0,0
1834,0,0.5423,35,0,0.6103,5400.0,14,0,0,0,2
1835,0,0.0616,59,0,0.4906,2070.0,6,0,1,0,0
1836,1,0.5083,51,1,0.8424,5480.0,8,1,0,0,2
1837,0,0.4507,59,0,0.2727,12240.0,19,0,0,0,1
1838,1,0.3884,68,0,0.5167,8740.0,16,0,0,0,0
1839,0,0.0137,46,0,0.659,3600.0,5,0,2,0,1
1840,0,0.1536,50,1,0.3086,3650.0,15,1,0,1,0
1841,1,0.3741,24,0,0.8837,2770.0,17,0,0,0,0
1842,0,0.0075,36,0,0.1653,3150.0,14,0,0,0,0
1843,0,0.133,60,0,0.2726,3310.0,12,0,0,0,2
1844,0,0.1807,24,0,0.1617,2040.0,15,0,1,0,2
1845,1,0.7357,40,3,0.2889,3770.0,11,1,2,1,1
1846,0,0.0938,28,0,0.4095,6040.0,5,0,0,0,3
1847,0,0.0773,67,0,0.74,3830.0,10,0,0,0,0
1848,0,1.1969,51,0,0.4094,5600.0,11,0,1,0,0
1849,0,0.16,55,0,0.3144,13010.0,15,0,0,0,1
1850,0,0.1607,57,0,0.1774,14790.0,15,0,0,0,0
1851,0,0.5046,33,0,0.2169,4720.0,3,0,0,0,0
1852,0,0.43,23,0,0.5412,8330.0,2,0,1,0,1
1853,0,0.2034,42,1,0.7625,4450.0,4,0,3,0,0
1854,1,0.3377,31,0,0.3494,3670.0,5,0,0,0,0
1855,0,0.1425,38,0,0.9292,2510.0,6,0,0,0,2
1856,0,0.4181,38,0,0.2541,5180.0,10,0,1,0,0
1857,0,0.0529,63,1,0.3555,9420.0,14,1,0,0,1
1858,0,0.053,38,1,0.3739,2290.0,8,1,0,0,3
1859,0,0.1541,29,0,1.1248,4140.0,9,0,0,0,2
1860,0,0.0063,72,0,0.4868,4020.0,18,0,0,0,2
1861,0,0.0915,23,0,0.1527,5700.0,15,0,0,0,0
1862,0,0.26,32,0,0.7953,5750.0,15,0,0,0,0
1863,0,0.1494,39,1,1.3601,6780.0,15,0,2,0,1
1864,1,0.0516,24,1,0.3868,15340.0,1,0,0,0,0
1865,1,1.8,69,0,0.2623,2920.0,14,0,1,0,1
1866,1,0.6862,40,1,0.7547,2820.0,9,0,1,0,0
1867,0,0.1051,63,0,1.4602,5700.0,12,0,3,0,0
1868,0,0.644,28,0,0.7477,11750.0,15,0,1,0,0
1869,0,0.9012,49,0,0.1697,2040.0,1,0,1,0,0
1870,0,0.487,27,0,0.7067,6000.0,13,0,0,0,1
1871,0,0.0198,33,2,0.5727,4360.0,17,1,0,0,0
1872,1,0.2923,43,0,0.2534,8210.0,11,0,0,0,0
1873,0,0.258,67,0,0.9736,7160.0,13,0,1,0,0
1874,1,0.2684,37,0,0.5845,5060.0,2,0,0,0,1
1875,0,0.0418,61,1,0.989,6580.0,15,0,0,0,2
1876,0,0.4398,25,0,0.2377,3310.0,18,0,0,0,0
1877,0,0.7473,34,0,0.5708,7940.0,7,0,0,0,1
1878,0,0.0303,53,0,0.2626,11290.0,8,0,0,0,1
1879,0,0.1108,46,0,0.5213,5220.0,10,0,1,0,0
1880,0,0.0041,48,0,1.0902,3850.0,3,0,1,0,0
1881,0,0.6085,57,0,0.1909,4500.0,2,0,2,0,1
1882,0,1.684,25,0,0.1976,7890.0,2,0,3,0,0
1883,0,0.007,58,0,0.7971,4790.0,4,0,0,0,3
1884,0,0.8005,67,0,0.4455,2390.0,15,0,0,0,1
1885,0,0.2062,62,0,0.9073,8700.0,12,0,0,0,0
1886,1,1.0126,36,2,0.2768,2730.0,12,1,2,0,1
1887,0,1.316,39,0,0.4633,6340.0,2,0,0,0,0
1888,0,0.5674,72,0,0.679,1600.0,5,0,0,0,1
1889,0,0.0471,63,1,0.5097,5240.0,18,0,0,0,2
1890,0,0.2793,71,1,0.1536,4720.0,11,0,0,0,0
1891,1,0.0661,70,0,2.4438,1510.0,2,0,0,0,0
1892,0,1.6561,44,0,0.5104,6000.0,18,0,1,0,0
1893,1,0.2243,27,0,0.201,2540.0,11,0,0,0,0
1894,1,0.0887,33,0,0.5425,5170.0,10,0,3,0,0
1895,0,0.1249,36,0,0.5813,3840.0,12,0,3,0,0
1896,0,1.1806,66,0,0.8158,2020.0,8,0,1,0,0
1897,0,0.0403,35,0,0.7837,2620.0,14,0,0,0,3
1898,0,0.4595,40,0,0.3952,2750.0,6,0,0,0,0
1899,0,0.7741,66,0,0.1599,8860.0,7,0,0,0,0
1900,0,0.1818,29,0,0.5926,8120.0,4,0,1,0,0
1901,0,0.3824,56,0,0.1677,18340.0,4,0,0,0,2
1902,0,0.2847,50,0,0.9316,3620.0,18,0,0,0,3
1903,0,0.214,74,0,0.2895,3550.0,4,0,0,0,0
1904,0,0.1795,47,0,0.6577,5330.0,4,0,0,0,3
1905,0,0.0245,49,0,0.3031,3970.0,10,0,0,0,2
1906,0,0.1193,66,0,0.3345,3460.0,2,0,0,0,0
1907,0,0.0681,74,0,0.2779,5080.0,8,0,0,0,0
1908,0,0.2122,60,0,0.6905,7500.0,3,0,2,0,3
1909,0,0.4912,58,1,0.3095,1380.0,5,0,1,1,2
1910,1,0.0955,68,4,0.7126,3490.0,4,1,0,1,1
1911,0,0.1157,73,0,0.3144,2120.0,17,0,1,0,0
1912,0,0.1375,60,0,0.3911,4480.0,9,0,1,0,0
1913,0,0.5483,36,0,0.459,6370.0,1,0,0,0,0
1914,0,0.6979,55,0,0.4928,9610.0,18,0,1,0,0
1915,0,0.0524,33,0,0.2581,3790.0,19,0,0,0,1
1916,0,0.8183,48,0,0.6854,5240.0,3,0,1,0,0
1917,0,0.5377,45,0,0.3818,1790.0,2,0,0,0,1
1918,0,0.0336,74,0,0.6227,2930.0,3,0,0,0,1
1919,0,0.3871,50,0,0.445,5570.0,6,0,0,0,4
1920,0,0.3135,72,0,0.6388,2170.0,9,0,1,0,2
1921,0,0.2603,64,0,0.3511,10320.0,16,0,1,0,4
1922,0,0.0284,66,0,0.2798,6730.0,18,0,2,0,0
1923,0,0.3653,30,0,0.5805,2860.0,17,0,0,0,3
1924,0,0.2722,62,0,0.3341,2020.0,18,0,2,0,2
1925,0,0.1098,34,0,1.0782,3190.0,2,0,0,0,1
1926,0,0.2082,52,0,0.4679,2870.0,19,0,0,0,0
1927,0,0.5143,47,0,0.1971,2370.0,13,0,0,0,0
1928,0,0.0165,35,0,0.3162,2110.0,3,0,0,0,0
1929,0,0.1915,74,0,0.2467,4280.0,19,0,0,0,0
1930,0,0.6436,68,0,0.8553,7630.0,14,0,1,0,0
1931,0,0.1963,52,0,0.7147,3210.0,15,0,0,0,2
1932,0,0.6854,21,0,0.4332,6420.0,13,0,2,0,0
1933,0,0.0627,30,0,0.5348,4040.0,15,0,3,0,0
1934,0,0.5164,33,2,0.4263,7100.0,1,0,2,0,0
1935,0,0.972,73,0,0.7529,3070.0,11,0,0,0,3
1936,0,0.0535,42,0,0.6138,5820.0,13,0,0,0,0
1937,0,0.6172,23,0,0.6839,5280.0,17,0,2,0,0
1938,0,0.106,52,0,0.4005,11130.0,14,0,0,0,0
1939,1,0.0428,72,2,0.3076,6870.0,5,1,0,1,1
1940,0,0.0362,51,3,0.6697,5730.0,13,1,1,1,0
1941,0,0.1817,44,0,1.1397,2030.0,5,0,1,0,2
1942,1,0.0051,30,1,0.8725,3590.0,5,0,0,0,0
1943,0,0.0985,68,0,1.1607,3040.0,12,0,0,0,0
1944,0,0.1827,26,0,0.4952,3000.0,7,0,0,0,0
1945,0,0.2052,71,0,0.2511,4960.0,7,0,0,0,3
1946,0,0.0811,33,0,0.2648,5680.0,11,0,0,0,0
1947,1,0.1339,28,0,1.0281,5810.0,4,0,2,0,0
1948,0,0.0706,39,0,0.147,10480.0,3,0,1,0,2
1949,0,0.0975,21,0,1.1083,6570.0,9,0,0,0,4
1950,1,0.4192,21,4,0.2801,2350.0,4,1,0,1,4
1951,0,0.1872,31,0,1.4248,5550.0,14,0,3,0,0
1952,1,0.4779,58,0,0.4307,6980.0,14,0,1,0,1
1953,0,0.0968,64,2,0.6932,10480.0,18,0,0,0,1
1954,0,0.0095,34,0,1.8795,4480.0,4,0,3,0,2
1955,0,0.27,55,0,0.3686,4510.0,15,0,2,0,0
1956,0,0.4402,39,0,0.3649,9390.0,1,0,0,0,0
1957,0,0.035,44,0,0.2961,5470.0,12,0,1,0,0
1958,0,0.3961,39,0,0.2463,1880.0,4,0,1,0,1
1959,0,0.0429,69,0,0.3687,1660.0,14,0,1,0,1
1960,0,0.1256,48,0,0.3221,14830.0,2,0,0,0,4
1961,0,0.2854,48,0,0.2122,1760.0,1,0,1,0,1
1962,0,0.0355,67,1,0.396,4450.0,6,0,0,0,3
1963,1,0.3414,56,1,0.5885,8350.0,7,0,0,0,3
1964,0,0.2663,29,0,0.2625,1700.0,15,0,1,0,0
1965,0,0.3752,31,2,0.4076,2570.0,4,1,0,0,0
1966,0,0.028,39,1,1.0449,2330.0,15,0,1,0,4
1967,0,0.1018,26,1,0.1917,14480.0,10,1,0,0,1
1968,0,0.5761,58,0,1.4319,16500.0,2,0,1,0,0
1969,1,0.0083,47,0,0.2999,3160.0,19,0,1,0,0
1970,0,0.6095,23,0,0.5069,6960.0,11,0,1,0,0
1971,0,0.4567,42,1,0.968,5910.0,17,0,1,0,0
1972,0,0.034,65,0,1.1625,4150.0,2,0,1,0,3
1973,0,0.0586,69,1,0.5956,1850.0,9,0,0,0,0
1974,0,0.5259,72,0,0.2962,19620.0,4,0,1,0,0
1975,0,0.2311,70,0,0.2809,1650.0,10,0,2,0,2
1976,0,0.192,53,0,0.3182,5580.0,15,0,0,0,2
1977,1,0.1089,71,2,1.3959,3330.0,17,1,0,1,0
1978,0,0.2003,72,0,0.357,9000.0,19,0,0,0,0
1979,1,0.1553,55,0,0.5456,8160.0,5,0,0,0,0
1980,1,0.185,43,3,0.2402,2730.0,6,1,1,1,0
1981,0,0.6218,73,0,0.2245,3060.0,15,0,0,0,0
1982,0,0.0122,43,0,0.4565,1940.0,15,0,0,0,1
1983,0,0.7654,29,0,0.3698,5520.0,7,0,0,0,0
1984,0,0.1183,26,1,0.3863,7530.0,7,0,1,0,0
1985,0,0.1162,51,0,0.185,3770.0,4,0,0,0,0
1986,0,0.3961,22,0,0.4299,4240.0,15,0,1,0,0
1987,0,0.687,27,0,1.1383,15440.0,3,0,1,0,0
1988,0,0.286,34,0,0.2693,8620.0,11,0,1,0,0
1989,1,0.0968,49,0,0.7699,11030.0,8,0,2,0,1
1990,0,0.0382,46,0,0.0562,1280.0,11,0,1,0,1
1991,0,0.189,48,1,0.2776,6820.0,18,1,0,0,0
1992,0,0.027,48,0,0.1428,5710.0,16,0,1,0,1
1993,0,0.6667,74,1,0.9434,2320.0,18,0,0,0,2
1994,0,0.1214,32,1,0.7613,2630.0,14,0,2,1,1
1995,0,0.4524,46,0,0.2416,4310.0,9,0,3,0,1
1996,0,0.5728,54,0,0.5345,2200.0,19,0,0,0,2
1997,0,0.3004,35,0,0.9241,3040.0,11,0,0,0,0
1998,0,0.4632,30,0,1.0144,3730.0,7,0,1,0,3
1999,0,0.2921,23,0,0.3522,6930.0,17,0,0,0,1
2000,0,0.1488,38,0,0.1194,3220.0,19,0,0,0,1
2001,0,0.4409,34,0,0.2621,3760.0,10,0,3,0,2
2002,0,0.4087,31,0,0.7115,9090.0,16,0,0,0,0
2003,0,0.0535,35,0,1.583,1710.0,10,0,0,0,0
2004,0,0.4964,58,0,0.4349,5630.0,10,0,0,0,1
2005,0,0.1574,65,0,0.3122,6210.0,11,0,1,0,1
2006,0,0.9389,48,0,1.8958,6310.0,10,0,2,0,2
2007,0,0.6472,24,0,0.5732,3640.0,17,0,2,0,0
2008,0,0.2528,60,0,0.2151,2590.0,18,0,0,0,0
2009,0,0.3277,29,0,0.4184,12230.0,16,0,0,0,0
2010,0,0.0496,24,0,0.8187,2940.0,12,0,3,0,0
2011,0,0.236,51,0,0.4308,2510.0,3,0,2,0,1
2012,0,0.2046,43,0,0.7237,4970.0,7,0,0,0,1
2013,1,0.1611,37,4,0.1715,3150.0,3,1,0,1,0
2014,0,0.2149,73,0,0.19,9230.0,1,0,1,0,0
2015,0,1.4512,25,0,0.2891,4190.0,13,0,0,0,1
2016,0,0.0527,23,0,0.3793,9980.0,6,0,1,0,3
2017,0,0.0315,52,1,0.549,6430.0,2,0,0,1,0
2018,0,0.2101,43,2,0.6584,3890.0,5,0,1,0,1
2019,0,0.1403,64,0,1.9732,9590.0,2,0,0,0,0
2020,0,0.3629,23,0,0.2885,3330.0,3,0,0,0,0
2021,0,0.0983,43,0,0.3722,4060.0,10,0,0,0,1
2022,0,0.6782,28,0,0.2933,6750.0,13,0,0,0,3
2023,0,0.5748,23,0,0.8587,5630.0,15,0,1,0,0
2024,0,0.0727,45,1,0.8872,3280.0,8,0,0,0,0
2025,0,0.0472,60,0,0.3435,1960.0,15,0,0,0,0
2026,0,0.3963,29,0,1.5518,4860.0,2,0,1,0,1
2027,0,0.0118,66,0,0.2937,3180.0,3,0,0,0,0
2028,0,0.1072,49,0,0.8336,5000.0,7,0,1,0,0
2029,0,0.7031,46,0,1.0754,3820.0,13,0,0,0,1
2030,0,0.0479,70,0,0.1985,3200.0,3,0,3,0,1
2031,1,0.3015,38,0,0.6355,4180.0,1,0,3,0,0
2032,0,0.2182,31,0,0.0876,4700.0,12,0,0,0,1
2033,0,1.1639,63,0,0.7368,7460.0,8,0,1,0,2
2034,0,0.1597,26,1,0.232,6340.0,9,0,1,0,0
2035,0,0.5935,68,0,0.6316,17270.0,8,0,2,0,2
2036,0,0.8257,65,0,0.7068,5350.0,18,0,1,0,0
2037,0,0.0572,73,0,0.8799,3280.0,3,0,0,0,0
2038,0,0.2274,45,1,0.7665,4450.0,12,0,0,0,0
2039,0,0.2607,54,0,0.4647,6910.0,15,0,2,0,0
2040,0,0.2247,68,2,0.3576,8970.0,15,1,0,0,1
2041,0,0.611,28,0,0.4297,10990.0,2,0,0,0,0
2042,0,0.0178,37,0,0.23,2670.0,7,0,0,0,0
2043,0,0.0943,46,0,0.3957,10600.0,19,0,0,0,2
2044,0,0.074,54,0,0.3774,4780.0,15,0,0,0,0
2045,0,0.0308,57,0,0.28,2820.0,18,0,0,0,0
2046,0,0.0907,70,0,0.1581,4350.0,14,0,0,0,1
2047,0,0.1332,47,3,0.2088,10160.0,2,1,0,0,0
2048,0,0.1372,30,0,0.0679,6470.0,19,0,1,0,0
2049,0,0.0109,31,0,0.3735,2380.0,16,0,1,0,0
2050,0,0.2547,64,0,0.5578,2390.0,13,0,1,0,3
2051,0,0.0605,45,0,0.0899,2350.0,1,0,0,0,0
2052,0,0.1851,55,0,0.5179,3170.0,18,0,1,0,0
2053,0,0.2286,51,1,0.4175,5150.0,17,0,0,0,1
2054,0,0.3165,64,0,0.2218,2500.0,17,0,0,0,0
2055,0,0.1669,32,1,0.3469,3800.0,6,0,0,1,0
2056,0,0.0302,30,0,0.8441,11400.0,18,0,2,0,0
2057,0,0.0041,60,0,0.2504,12970.0,1,0,0,0,1
2058,0,0.1746,44,1,0.4711,12460.0,11,0,0,0,3
2059,0,0.5552,65,0,0.5532,1670.0,15,0,0,0,1
2060,0,1.2249,27,0,0.2744,13420.0,5,0,0,0,2
2061,0,0.4594,35,0,0.8228,5190.0,19,0,0,0,3
2062,0,0.155,72,0,0.5725,5150.0,12,0,0,0,0
2063,1,0.9362,66,0,0.3863,9110.0,4,0,0,0,1
2064,0,0.8391,24,0,1.8551,7500.0,18,0,0,0,4
2065,0,0.5085,65,0,0.8249,1600.0,3,0,1,0,1
2066,1,0.8635,24,2,0.1634,3400.0,19,1,1,0,0
2067,0,0.481,27,0,0.3558,3950.0,19,0,3,0,3
2068,0,0.2607,69,0,1.9738,2210.0,18,0,0,0,0
2069,1,0.5423,27,2,0.2492,8940.0,7,0,0,0,0
2070,0,0.3481,37,0,0.4676,11650.0,9,0,3,0,1
2071,0,0.8026,28,0,0.9404,4880.0,15,0,1,0,0
2072,0,0.086,53,0,0.6646,5880.0,16,0,0,0,0
2073,0,0.0525,24,0,0.7246,4880.0,4,0,0,0,0
2074,0,0.2133,36,0,0.6995,5220.0,10,0,1,0,0
2075,0,0.0422,38,0,0.4562,9610.0,8,0,1,0,0
2076,0,0.2183,56,0,0.2793,1700.0,14,0,0,0,0
2077,0,0.3971,47,0,0.5832,6580.0,15,0,0,0,0
2078,0,0.6671,31,0,0.3529,4950.0,9,0,1,0,2
2079,0,1.2248,46,0,0.3366,3200.0,17,0,0,0,0
2080,0,0.1327,45,0,1.0936,3630.0,6,0,1,0,1
2081,0,0.1687,40,0,0.3575,14760.0,15,0,0,0,3
2082,0,0.1532,49,1,1.2507,2220.0,9,1,0,0,0
2083,0,0.0163,38,1,0.5242,4440.0,3,1,1,0,4
2084,0,0.0607,39,0,0.4084,13060.0,6,0,2,0,1
2085,0,0.0372,63,0,0.151,2290.0,16,0,1,0,3
2086,0,0.2882,34,0,1.6031,3740.0,9,0,0,0,0
2087,0,0.1961,38,0,0.4477,5040.0,15,0,1,0,1
2088,0,0.983,28,0,0.115,6300.0,13,0,1,0,0
2089,0,0.0099,58,0,0.8127,4680.0,8,0,0,0,3
2090,0,0.1115,59,0,0.436,2870.0,4,0,1,0,0
2091,0,0.1768,57,0,0.257,6430.0,14,0,1,0,0
2092,0,0.3187,30,0,0.7856,4630.0,13,0,2,0,0
2093,1,0.0918,45,1,0.0974,7160.0,6,1,0,0,0
2094,0,0.1311,36,0,0.2927,8550.0,2,0,2,0,0
2095,1,0.0933,62,0,0.3754,2010.0,8,0,1,0,0
2096,0,0.4028,39,0,0.7492,9140.0,1,0,0,0,0
2097,1,0.0921,43,1,1.7231,4220.0,15,0,3,0,0
2098,0,0.4348,45,0,0.388,8060.0,5,0,0,0,0
2099,1,0.437,62,0,0.5921,6610.0,8,0,1,0,0
2100,0,0.2661,58,0,2.3374,14950.0,4,0,0,0,1
2101,0,0.1278,65,0,0.4506,4930.0,18,0,1,0,0
2102,0,0.0411,44,0,0.5951,3860.0,16,0,1,0,1
2103,0,0.198,65,0,0.2139,3610.0,18,0,2,0,0
2104,0,0.393,68,0,1.4557,2640.0,15,0,2,0,0
2105,0,1.8,49,0,0.2929,7980.0,3,0,0,0,0
2106,0,0.1306,57,0,0.5279,2540.0,13,0,1,0,0
2107,0,0.0502,70,0,0.519,7940.0,9,0,1,0,0
2108,0,0.0318,66,0,0.4729,4300.0,14,0,0,0,0
2109,1,0.7763,35,0,0.3463,1710.0,14,0,0,0,0
2110,0,0.2403,59,2,0.5193,12000.0,13,0,1,0,0
2111,0,0.1236,45,0,1.2897,650.0,12,0,0,0,0
2112,0,0.2052,29,0,1.7657,4680.0,16,0,0,0,0
2113,0,0.1423,41,1,0.4045,5660.0,17,1,2,0,0
2114,0,0.1938,73,0,0.3431,1230.0,11,0,0,0,2
2115,0,0.341,72,0,0.2766,6400.0,1,0,2,0,0
2116,0,0.0893,63,0,2.2517,3290.0,1,0,0,0,2
2117,1,0.472,74,0,0.4854,4230.0,1,0,2,0,2
2118,0,0.5526,51,0,0.8772,11000.0,17,0,0,0,0
2119,0,0.0506,61,0,0.6825,5350.0,9,0,0,0,0
2120,1,0.0552,29,2,1.6905,3980.0,9,1,0,0,0
2121,0,0.1982,37,0,0.3873,4440.0,6,0,1,0,0
2122,0,0.4759,30,0,0.2313,14270.0,18,0,0,0,2
2123,0,0.157,71,0,1.3712,6270.0,5,0,1,0,2
2124,1,1.7982,54,0,0.7726,2890.0,17,0,0,0,0
2125,0,0.5759,71,0,0.5908,3670.0,13,0,1,0,1
2126,0,0.0189,43,0,1.1288,2410.0,8,0,0,0,2
2127,0,0.3067,42,0,0.6114,3750.0,13,0,0,0,0
2128,1,0.464,57,2,1.1525,12900.0,18,1,1,0,0
2129,0,0.0477,51,0,0.521,4450.0,2,0,0,0,0
2130,0,0.6611,41,0,0.772,2200.0,2,0,0,0,0
2131,0,0.086,38,0,0.6162,6360.0,4,0,1,0,0
2132,0,0.0816,48,0,0.3697,3880.0,13,0,0,0,0
2133,0,0.3293,25,0,0.3972,6880.0,10,0,0,0,0
2134,0,0.0232,31,0,0.355,4250.0,13,0,1,0,3
2135,0,0.3654,23,0,0.5269,11700.0,8,0,0,0,0
2136,0,0.0981,29,0,0.3418,2850.0,16,0,0,0,0
2137,0,0.0837,31,0,0.5836,2440.0,9,0,0,0,1
2138,0,0.4215,25,0,0.5719,8630.0,9,0,0,0,1
2139,0,0.2394,23,0,0.5082,1480.0,10,0,2,0,0
2140,0,0.4437,65,0,0.5135,4430.0,5,0,1,0,0
2141,0,0.2743,30,0,0.3199,7950.0,19,0,1,0,0
2142,0,0.7499,50,1,0.3794,1320.0,1,0,0,0,0
2143,0,0.5572,26,0,0.1649,5110.0,1,0,0,0,2
2144,1,0.1719,72,0,0.4181,2000.0,9,0,0,0,3
2145,0,0.3661,33,0,0.2487,1620.0,14,0,0,0,0
2146,0,0.0429,61,0,0.4771,2590.0,9,0,0,0,0
2147,0,0.4217,55,0,0.2927,4400.0,16,0,0,0,0
2148,0,0.0408,62,0,0.1313,3220.0,7,0,0,0,2
2149,0,0.0064,54,0,1.7358,9550.0,5,0,0,0,2
2150,0,0.1803,48,0,0.3911,5160.0,13,0,0,0,2
2151,0,0.1524,62,0,1.0706,3670.0,5,0,1,0,3
2152,1,0.3977,65,0,0.3275,2240.0,11,0,1,0,0
2153,1,0.0299,41,0,1.2447,5620.0,13,0,0,0,2
2154,0,0.802,71,1,0.2251,16900.0,3,1,1,0,3
2155,0,0.6416,74,0,0.4994,3220.0,5,0,0,0,1
2156,0,0.9704,59,0,0.2333,3460.0,1,0,0,0,0
2157,0,0.035,71,0,2.1392,2600.0,5,0,1,0,3
2158,0,0.1502,26,0,0.3869,10000.0,17,0,0,0,0
2159,1,0.0656,50,2,0.7387,8570.0,1,1,0,0,0
2160,0,0.0859,56,0,0.5888,3760.0,15,0,0,0,0
2161,0,0.204,71,0,0.4425,3430.0,4,0,0,0,0
2162,0,0.1073,27,0,0.613,2790.0,9,0,1,0,1
2163,0,0.0874,64,0,1.0156,4130.0,1,0,1,0,0
2164,0,0.1556,25,0,0.6709,9060.0,10,0,0,0,1
2165,0,0.2672,40,0,0.4953,5040.0,18,0,0,0,0
2166,1,0.0647,58,0,0.6136,10640.0,3,0,0,0,0
2167,0,0.1419,36,0,1.4177,3190.0,6,0,1,0,0
2168,0,0.2202,66,0,0.3499,1230.0,6,0,1,0,0
2169,0,0.7232,71,0,0.1477,23460.0,14,0,0,0,2
2170,0,0.2687,29,0,0.2327,5590.0,16,0,0,0,0
2171,0,0.9682,34,0,0.2433,7840.0,6,0,0,0,0
2172,1,1.0464,25,0,0.2648,3060.0,3,0,1,0,1
2173,0,0.0758,59,0,0.2703,2170.0,17,0,3,0,0
2174,0,0.034,68,0,0.443,5390.0,2,0,0,0,1
2175,0,1.0317,53,0,0.5212,1490.0,17,0,0,0,0
2176,0,0.8485,28,0,0.5179,4190.0,11,0,0,0,0
2177,0,1.452,30,1,0.2899,9080.0,15,0,0,0,1
2178,0,0.4997,22,0,0.8157,6430.0,16,0,0,0,0
2179,0,0.0372,47,0,0.6192,5730.0,14,0,1,0,0
2180,0,0.3314,59,0,1.1604,13990.0,8,0,1,0,0
2181,0,0.2635,29,0,0.7468,6160.0,7,0,0,0,0
2182,0,0.6122,66,1,0.3643,1570.0,13,0,1,0,4
2183,0,0.0754,34,0,0.9834,4490.0,10,0,0,0,3
2184,0,0.0666,48,2,0.5295,15600.0,18,0,1,1,1
2185,0,0.2975,57,1,0.7253,4080.0,15,0,0,0,1
2186,0,0.0459,50,0,0.6923,15040.0,17,0,0,0,2
2187,0,0.05,46,0,0.417,9080.0,8,0,1,0,0
2188,0,0.8102,39,0,0.4781,3850.0,9,0,2,0,0
2189,0,0.9569,44,0,0.4153,2570.0,17,0,0,0,0
2190,0,0.7231,33,0,0.2693,6030.0,6,0,1,0,2
2191,0,0.4582,36,0,0.1241,10530.0,16,0,0,0,1
2192,0,0.1377,61,0,0.2963,1910.0,11,0,1,0,1
2193,0,0.1411,68,0,0.5064,5280.0,8,0,0,0,0
2194,0,0.6554,66,0,0.8619,1440.0,18,0,1,0,1
2195,0,1.2253,38,0,0.7244,4010.0,6,0,0,0,0
2196,0,0.0018,38,0,0.3799,1820.0,13,0,0,0,0
2197,0,1.693,24,0,0.2988,6890.0,7,0,0,0,0
2198,0,0.0743,35,2,0.4034,3250.0,19,0,0,1,0
2199,0,0.6177,52,0,0.2503,9850.0,11,0,0,0,0
2200,0,0.0844,35,0,0.1263,3550.0,12,0,2,0,0
2201,0,0.1586,60,0,0.1778,3360.0,7,0,1,0,0
2202,0,0.361,23,0,1.0252,1860.0,1,0,0,0,0
2203,0,0.0974,43,0,1.3694,6210.0,19,0,0,0,0
2204,0,0.8514,36,0,0.7064,6600.0,9,0,0,0,0
2205,0,0.054,47,0,0.4339,8640.0,13,0,1,0,0
2206,0,0.0244,22,0,0.1948,7280.0,18,0,1,0,0
2207,0,1.1215,43,0,0.4079,6250.0,7,0,0,0,0
2208,0,0.5774,63,0,0.6486,7030.0,1,0,0,0,3
2209,0,0.1649,67,0,0.7393,7470.0,15,0,0,0,0
2210,0,0.2241,34,0,0.6793,8470.0,12,0,0,0,0
2211,0,0.3814,44,0,0.9284,1970.0,13,0,0,0,1
2212,0,0.5633,58,0,1.4416,3730.0,8,0,1,0,3
2213,0,0.1661,46,0,0.3524,1860.0,18,0,2,0,4
2214,1,0.3574,50,1,2.4186,6000.0,8,0,1,0,0
2215,0,0.1106,39,1,0.1337,13070.0,1,1,0,0,0
2216,0,0.0118,66,0,0.2817,8420.0,11,0,2,0,1
2217,0,0.6341,55,0,0.5066,3410.0,15,0,0,0,2
2218,0,0.0385,72,0,0.6246,6660.0,8,0,0,0,1
2219,0,0.0073,63,0,0.4029,6060.0,9,0,1,0,0
2220,0,0.7653,40,1,0.3337,5650.0,18,0,0,0,0
2221,0,0.8072,38,0,1.6846,2250.0,12,0,0,0,0
2222,0,0.2087,25,0,0.3243,10820.0,6,0,1,0,0
2223,0,0.2841,54,0,0.2437,2420.0,7,0,0,0,0
2224,0,0.1561,61,0,1.2392,3940.0,15,0,0,0,2
2225,0,0.186,40,0,0.7479,8740.0,15,0,0,0,1
2226,0,0.097,22,0,0.8666,3930.0,2,0,3,0,0
2227,0,0.0859,65,0,0.5054,5150.0,15,0,0,0,1
2228,0,0.145,33,0,0.1968,5280.0,7,0,0,0,0
2229,0,0.6275,52,0,0.4727,5110.0,3,0,0,0,0
2230,0,1.1218,23,0,0.1812,5270.0,3,0,0,0,0
2231,0,0.5644,24,0,0.5196,5590.0,17,0,0,0,2
2232,0,0.43,69,0,0.665,5140.0,5,0,2,0,1
2233,0,0.2282,57,0,0.8566,2870.0,10,0,1,0,0
2234,0,0.1184,21,1,0.4251,1940.0,11,0,1,0,0
2235,0,0.3514,26,0,0.7039,8950.0,10,0,0,0,0
2236,0,0.0236,47,0,0.2612,9190.0,7,0,1,0,0
2237,0,1.3517,57,0,0.8025,6020.0,1,0,2,0,3
2238,0,0.432,43,0,0.6735,5990.0,1,0,0,0,3
2239,1,0.7366,68,3,0.278,2840.0,10,1,0,0,1
2240,1,0.0046,56,0,0.6177,1140.0,17,0,1,0,0
2241,0,0.0369,54,0,0.864,4230.0,17,0,1,0,0
2242,0,0.4983,36,0,0.471,1570.0,13,0,0,0,0
2243,1,0.0096,57,4,0.2743,5490.0,6,1,1,1,0
2244,0,0.2686,68,1,0.4999,10750.0,19,1,0,0,4
2245,0,0.0891,23,0,0.6259,3400.0,8,0,2,0,0
2246,0,0.1313,60,0,0.2731,3510.0,16,0,1,0,1
2247,0,0.4368,68,0,0.2455,2690.0,3,0,0,0,0
2248,0,0.0955,44,0,0.6145,5050.0,11,0,0,0,2
2249,0,0.1323,62,0,0.7364,4820.0,5,0,1,0,2
2250,0,0.3369,40,0,1.6321,2670.0,9,0,0,0,0
2251,0,0.0612,31,0,0.6699,8500.0,15,0,0,0,0
2252,0,0.4269,65,1,0.2175,24870.0,18,0,1,0,0
2253,0,0.6597,37,0,1.5279,10040.0,2,0,3,0,0
2254,0,0.8372,61,0,0.8462,4600.0,9,0,0,0,0
2255,1,0.2634,38,2,0.1349,4570.0,2,1,1,0,2
2256,0,0.0881,42,0,0.2422,3610.0,11,0,2,0,0
2257,0,0.064,57,0,0.3346,3570.0,19,0,0,0,0
2258,0,0.063,39,0,0.7429,8730.0,7,0,0,0,1
2259,0,0.012,64,0,0.1078,8960.0,8,0,0,0,0
2260,0,0.4719,23,0,0.4183,2440.0,6,0,0,0,2
2261,1,0.2343,21,0,0.7179,6120.0,17,0,0,0,0
2262,0,0.766,25,0,0.082,9570.0,17,0,0,0,0
2263,0,0.0446,34,0,0.7033,3980.0,16,0,0,0,3
2264,0,1.0658,23,1,0.7559,4330.0,5,0,0,0,2
2265,0,0.2012,41,0,0.2704,7460.0,5,0,0,0,0
2266,0,0.041,22,0,0.2249,7590.0,3,0,0,0,1
2267,0,0.0066,61,0,0.2678,6360.0,4,0,1,0,1
2268,0,0.0773,29,0,0.0904,5720.0,14,0,1,0,0
2269,0,0.6641,73,0,0.3695,6210.0,11,0,1,0,0
2270,0,0.0772,67,0,0.5126,4160.0,16,0,0,0,1
2271,0,0.4297,58,0,0.2162,2510.0,13,0,0,0,2
2272,0,0.0283,64,0,0.8051,1930.0,18,0,1,0,1
2273,0,0.2041,62,0,0.4778,7030.0,1,0,2,0,0
2274,0,0.3434,66,1,0.5252,5240.0,13,0,1,0,1
2275,0,0.6121,50,0,0.353,6460.0,3,0,0,0,0
2276,1,0.377,54,2,0.7018,2990.0,7,1,0,0,1
2277,0,0.0162,46,0,0.9747,5230.0,9,0,0,0,0
2278,0,0.5269,54,0,0.3519,5150.0,10,0,2,0,1
2279,0,0.0019,41,0,0.7094,10590.0,5,0,1,0,0
2280,0,0.0695,27,0,0.7141,8190.0,4,0,0,0,0
2281,0,0.8409,71,0,0.5774,3150.0,3,0,0,0,0
2282,1,0.4376,58,3,1.229,6650.0,5,0,0,0,0
2283,0,0.4097,59,0,0.2906,3140.0,14,0,1,0,0
2284,0,0.2439,36,0,0.3489,1020.0,18,0,0,0,1
2285,0,0.4242,62,1,0.2819,13840.0,7,0,0,0,0
2286,0,0.0702,49,2,0.6942,3920.0,17,1,0,0,0
2287,0,0.2696,25,0,0.3816,9170.0,16,0,2,0,0
2288,0,0.1554,72,0,0.296,3310.0,6,0,0,0,0
2289,0,0.1382,74,1,1.2188,3030.0,4,0,0,0,0
2290,0,0.3734,68,0,1.3307,3540.0,8,0,0,0,0
2291,0,0.1013,46,1,0.3689,5720.0,3,0,1,0,1
2292,1,0.3355,33,4,0.1978,5460.0,19,1,0,1,1
2293,0,0.1833,21,0,1.3745,6630.0,16,0,1,0,0
2294,0,1.7296,60,0,0.596,3650.0,8,0,1,0,0
2295,0,0.0934,69,0,0.5784,5040.0,10,0,0,0,0
2296,1,0.0256,26,2,0.4785,2960.0,7,0,2,0,2
2297,0,0.7756,57,1,0.278,11870.0,1,0,0,0,0
2298,0,1.1951,22,0,0.3506,2230.0,4,0,1,0,4
2299,1,0.3937,62,2,0.6748,3000.0,1,0,0,1,1
2300,0,0.0162,22,0,0.3435,3810.0,8,0,0,0,4
2301,0,0.0064,73,1,0.5826,20610.0,8,0,0,1,0
2302,0,0.0379,30,0,0.4529,7790.0,7,0,1,0,3
2303,0,0.741,42,0,0.2383,2940.0,14,0,0,0,3
2304,0,1.2331,58,0,1.1885,8050.0,14,0,1,0,0
2305,0,0.0537,66,0,0.6417,6700.0,11,0,0,0,4
2306,0,0.0612,40,0,0.5479,5790.0,7,0,1,0,0
2307,0,0.0761,73,0,0.6269,7460.0,7,0,0,0,0
2308,0,0.6812,21,0,0.1532,5090.0,9,0,0,0,0
2309,0,0.3428,46,0,0.3342,5450.0,14,0,0,0,0
2310,0,0.325,74,0,0.1797,1940.0,7,0,1,0,1
2311,0,0.0033,35,1,0.4842,11680.0,14,0,0,0,1
2312,0,0.2135,49,0,0.5464,3760.0,7,0,0,0,0
2313,0,0.2348,45,0,0.4891,2340.0,11,0,2,0,0
2314,0,0.0949,42,0,0.9113,3630.0,5,0,0,0,0
2315,0,0.0161,62,0,0.183,3720.0,2,0,1,0,1
2316,0,0.3707,49,0,0.2782,3040.0,10,0,1,0,0
2317,0,0.3593,59,0,0.5761,7840.0,14,0,0,0,0
2318,0,0.1267,49,0,0.5264,8820.0,9,0,0,0,0
2319,0,0.6217,74,0,0.2041,1520.0,15,0,0,0,2
2320,0,0.5745,46,0,0.9212,3610.0,2,0,1,0,1
2321,0,0.4606,63,0,1.1342,3770.0,1,0,2,0,4
2322,0,0.222,54,0,0.58,4430.0,18,0,0,0,1
2323,0,1.6921,64,0,0.1817,13680.0,11,0,0,0,0
2324,0,0.1033,68,0,0.4945,3020.0,7,0,0,0,2
2325,0,0.2267,33,0,0.5511,12550.0,13,0,0,0,0
2326,0,0.6838,37,0,0.3817,4500.0,15,0,0,0,0
2327,0,0.5004,37,0,1.0084,12620.0,17,0,2,0,1
2328,0,0.2424,47,0,0.4191,4080.0,18,0,0,0,0
2329,0,0.3244,47,0,1.5884,3800.0,7,0,0,0,0
2330,0,0.5843,21,0,0.7188,4850.0,1,0,0,0,0
2331,1,0.2171,69,0,0.5303,10670.0,8,0,2,0,0
2332,0,0.0433,67,0,0.7806,5400.0,3,0,0,0,0
2333,0,0.0875,53,0,1.1258,5570.0,10,0,1,0,1
2334,0,0.2793,37,1,0.7706,7200.0,4,0,1,0,0
2335,1,0.0186,65,0,0.4293,2900.0,13,0,1,0,0
2336,0,0.376,35,0,0.3024,6020.0,17,0,0,0,1
2337,0,0.0298,37,0,0.2292,3370.0,4,0,1,0,0
2338,0,0.1463,74,1,0.1039,11880.0,11,0,0,0,1
2339,1,0.362,70,0,0.4988,6320.0,19,0,0,0,0
2340,0,0.0676,52,0,0.3561,7450.0,6,0,1,0,0
2341,0,0.2552,30,1,0.3677,1450.0,16,0,1,0,1
2342,0,1.8,27,0,0.833,7510.0,1,0,0,0,0
2343,0,0.0241,73,0,0.4201,4420.0,13,0,1,0,1
2344,0,0.3437,35,0,1.4008,2070.0,1,0,1,0,0
2345,0,0.3776,57,0,0.3186,5200.0,2,0,2,0,0
2346,0,0.3854,40,0,0.2509,1980.0,11,0,1,0,0
2347,0,1.046,47,0,0.2113,7090.0,17,0,0,0,0
2348,0,0.4424,74,0,0.6933,11620.0,14,0,0,0,1
2349,0,1.1625,53,0,0.8966,1680.0,8,0,0,0,0
2350,1,0.2454,44,3,0.3145,4830.0,8,0,0,0,0
2351,0,0.2553,43,0,0.2373,4450.0,9,0,1,0,0
2352,0,1.2813,33,0,1.1254,1490.0,6,0,1,0,2
2353,0,0.3308,51,1,0.1882,8520.0,1,0,0,0,2
2354,0,0.1184,51,0,0.8238,7150.0,16,0,1,0,3
2355,0,0.518,26,0,0.319,16580.0,11,0,0,0,2
2356,0,0.3576,42,0,0.5702,6620.0,17,0,1,0,0
2357,0,0.4589,55,0,0.8574,2900.0,12,0,0,0,1
2358,0,0.3298,23,0,0.598,6690.0,8,0,1,0,1
2359,0,0.661,73,2,0.3764,10620.0,2,1,0,0,4
2360,0,0.1729,67,0,1.0384,3720.0,15,0,0,0,1
2361,0,0.0683,55,0,0.5344,8200.0,12,0,0,0,0
2362,1,0.0892,21,1,3.5,1200.0,17,0,2,0,1
2363,0,0.4502,48,0,0.1615,11910.0,5,0,0,0,3
2364,0,0.3525,69,0,0.1601,7940.0,8,0,0,0,0
2365,0,1.0894,22,0,0.8159,1070.0,5,0,1,0,3
2366,0,0.2691,63,1,0.4408,6180.0,4,0,1,0,0
2367,0,0.1143,66,0,0.7229,1490.0,17,0,1,0,0
2368,0,1.5165,25,2,0.2325,3410.0,7,0,3,0,0
2369,0,0.9191,33,0,0.4642,7390.0,1,0,0,0,0
2370,1,0.6124,60,3,0.5912,4530.0,2,1,1,0,0
2371,0,0.8218,70,0,0.3243,10450.0,7,0,0,0,0
2372,0,0.1885,62,0,0.5164,5110.0,1,0,2,0,0
2373,0,0.1072,49,0,0.1985,4810.0,17,0,1,0,0
2374,1,0.1455,53,0,0.5694,9500.0,16,0,2,0,0
2375,0,0.796,49,0,1.0696,4010.0,18,0,1,0,1
2376,1,0.5401,52,0,0.2138,4840.0,17,0,1,0,0
2377,0,0.0225,62,0,0.2062,5240.0,1,0,2,0,2
2378,0,0.416,23,0,0.9176,4720.0,13,0,0,0,0
2379,0,0.1239,32,0,0.2041,9860.0,17,0,0,0,0
2380,0,1.1932,24,0,0.7441,3290.0,17,0,1,0,3
2381,0,0.5605,64,0,0.4645,2990.0,9,0,2,0,0
2382,0,0.402,60,0,0.3497,2600.0,18,0,1,0,1
2383,0,0.282,23,0,1.0832,1360.0,4,0,0,0,0
2384,0,0.0761,26,0,0.7842,11970.0,14,0,0,0,1
2385,0,0.4447,35,2,0.5314,2860.0,6,1,1,0,4
2386,0,0.2776,34,4,0.1235,4260.0,18,1,1,0,0
2387,0,0.6544,49,0,0.6889,12520.0,18,0,0,0,1
2388,0,0.1493,47,0,0.2363,4510.0,18,0,0,0,1
2389,0,0.4004,40,0,0.3934,6690.0,2,0,0,0,0
2390,0,0.0392,29,0,0.4513,2100.0,6,0,0,0,0
2391,0,0.0849,56,0,1.4027,11370.0,8,0,1,0,0
2392,1,0.0816,63,2,0.386,4570.0,19,0,0,1,0
2393,1,0.1592,55,4,0.1913,2670.0,13,1,0,1,1
2394,1,0.7345,64,0,1.0852,2670.0,19,0,0,0,0
2395,0,0.2291,70,0,0.6945,13550.0,17,0,1,0,0
2396,0,0.2728,66,0,0.7102,3460.0,6,0,1,0,0
2397,0,0.0304,56,0,1.0975,2700.0,4,0,1,0,0
2398,0,0.2193,23,0,1.2636,3790.0,12,0,1,0,0
2399,1,0.2405,39,0,0.2631,5050.0,15,0,0,0,0
2400,0,0.1504,44,0,0.195,5380.0,5,0,2,0,1
2401,0,0.3869,59,1,0.7449,6420.0,13,0,0,0,0
2402,0,0.2488,66,0,0.3839,5660.0,8,0,0,0,1
2403,1,0.0648,55,0,0.4053,7250.0,15,0,0,0,0
2404,0,0.3298,40,1,0.2292,4170.0,12,0,2,0,0
2405,0,0.2535,63,0,0.6378,17040.0,14,0,0,0,0
2406,0,0.1502,58,0,0.5719,3670.0,1,0,0,0,0
2407,0,0.0098,64,0,0.4093,11060.0,17,0,0,0,2
2408,0,0.1924,52,0,0.1953,3430.0,13,0,2,0,3
2409,0,0.8733,55,0,0.9282,2090.0,4,0,0,0,0
2410,0,0.6522,39,2,0.5238,1810.0,10,1,0,0,3
2411,0,0.3109,42,0,0.8787,5900.0,6,0,0,0,0
2412,0,0.0759,35,0,0.1272,9870.0,3,0,0,0,1
2413,0,0.5313,34,0,0.4649,2460.0,10,0,2,0,0
2414,0,0.6095,56,0,0.2923,2900.0,14,0,0,0,1
2415,0,0.0171,41,1,0.4592,6200.0,15,0,0,0,2
2416,0,0.926,28,0,0.7913,4910.0,18,0,1,0,2
2417,0,0.98,22,0,0.561,3460.0,12,0,1,0,2
2418,0,0.0893,67,0,0.4542,2280.0,1,0,3,0,0
2419,0,0.1572,44,0,0.4528,5920.0,8,0,0,0,2
2420,0,0.0252,52,2,0.1762,7270.0,9,1,0,0,0
2421,0,0.5791,69,0,0.2608,6600.0,19,0,2,0,0
2422,0,0.2621,27,0,0.8805,4990.0,3,0,0,0,0
2423,0,0.4428,71,0,0.3318,2610.0,17,0,0,0,0
2424,1,0.3812,58,0,0.8907,5940.0,4,0,2,0,1
2425,0,0.4853,55,0,0.7377,5680.0,13,0,0,0,1
2426,0,0.2205,44,0,0.7615,2240.0,10,0,1,0,0
2427,0,0.104,59,0,0.5487,4100.0,19,0,2,0,2
2428,0,0.2081,32,1,0.3459,6120.0,6,0,1,0,0
2429,0,0.0615,37,0,0.4104,4690.0,10,0,2,0,2
2430,0,1.48,72,0,0.6598,1520.0,13,0,1,0,1
2431,0,0.1953,35,0,0.1255,3350.0,4,0,1,0,0
2432,0,0.1154,59,0,0.9477,3220.0,6,0,1,0,1
2433,0,0.1576,71,0,0.3328,6870.0,15,0,0,0,0
2434,0,0.1674,53,0,0.4267,23370.0,15,0,0,0,0
2435,0,0.2476,37,0,0.4289,5330.0,13,0,1,0,3
2436,1,0.2489,66,0,0.4387,2400.0,4,0,0,0,0
2437,0,0.1251,65,0,0.2043,4460.0,5,0,0,0,2
2438,0,0.2528,50,0,0.4922,4950.0,18,0,0,0,2
2439,0,1.4304,27,1,0.6419,7740.0,18,0,0,0,2
2440,0,0.0457,44,0,0.1318,10360.0,8,0,1,0,0
2441,0,0.0747,44,3,0.2059,11320.0,11,1,3,0,2
2442,1,1.2578,31,0,0.7691,6780.0,2,0,0,0,0
2443,0,0.6038,42,0,0.6879,4910.0,13,0,0,0,2
2444,0,1.1901,29,0,0.5375,11970.0,2,0,1,0,0
2445,0,0.4361,58,0,0.2984,3990.0,2,0,0,0,1
2446,1,0.7308,44,1,0.6903,5080.0,11,1,0,0,0
2447,0,0.0316,60,0,0.2183,4250.0,17,0,0,0,1
2448,0,0.6979,45,1,0.4138,1370.0,18,0,0,0,4
2449,1,0.2909,59,0,0.2052,10540.0,9,0,1,0,0
2450,0,0.7597,60,0,0.4077,7370.0,10,0,0,0,0
2451,0,0.3309,29,0,0.2421,1190.0,11,0,1,0,1
2452,0,0.0029,44,0,0.7071,8960.0,9,0,1,0,0
2453,0,0.1347,61,0,0.5827,4100.0,14,0,0,0,0
2454,0,0.0811,53,2,0.3191,8890.0,15,1,0,0,4
2455,1,0.4839,32,0,0.8643,5140.0,9,0,0,0,0
2456,0,0.387,65,0,0.2531,2180.0,5,0,1,0,2
2457,0,0.1282,31,0,0.4399,4990.0,16,0,0,0,0
2458,0,0.1892,74,0,0.3107,2870.0,13,0,1,0,1
2459,0,0.0874,59,1,0.7015,2360.0,8,0,1,0,0
2460,0,0.0794,38,0,0.661,8270.0,5,0,0,0,1
2461,0,0.0381,31,0,0.9814,6220.0,8,0,2,0,1
2462,0,0.2618,69,0,0.4723,12070.0,17,0,0,0,0
2463,1,0.1109,49,4,0.0761,3880.0,7,1,0,0,0
2464,0,0.2149,64,0,0.347,2760.0,17,0,0,0,1
2465,0,0.2994,65,1,1.1493,7210.0,5,0,1,0,0
2466,0,0.3123,24,0,0.3697,2980.0,4,0,0,0,0
2467,0,0.0841,57,0,0.1422,4080.0,2,0,3,0,0
2468,0,0.1265,39,1,0.5884,6730.0,3,0,2,0,0
2469,0,0.005,70,1,0.6153,4560.0,5,0,0,0,0
2470,0,0.1884,32,0,0.2905,3670.0,14,0,0,0,1
2471,0,0.4865,22,0,0.3875,2120.0,11,0,0,0,2
2472,0,0.013,56,1,0.2703,8620.0,13,0,0,0,0
2473,0,0.6368,50,0,0.6148,3940.0,2,0,0,0,1
2474,0,0.7958,50,0,0.4649,7120.0,12,0,1,0,0
2475,0,0.293,35,0,0.2232,6580.0,13,0,0,0,0
2476,0,0.6383,47,0,0.4468,9460.0,10,0,2,0,1
2477,0,0.2166,73,0,0.2894,4270.0,13,0,2,0,0
2478,0,0.1153,62,0,1.0796,3990.0,3,0,0,0,1
2479,0,0.0222,74,0,0.7681,2530.0,10,0,1,0,2
2480,0,0.0178,38,0,0.4175,3550.0,14,0,0,0,1
2481,1,0.642,67,1,0.4717,6030.0,3,0,0,0,0
2482,0,0.9678,41,0,0.8255,3010.0,4,0,1,0,0
2483,0,0.277,71,1,0.4049,5940.0,15,0,1,0,2
2484,0,0.781,67,0,0.7082,11850.0,11,0,1,0,1
2485,0,0.3589,29,0,1.0903,3760.0,5,0,0,0,0
2486,1,0.5874,73,0,0.3347,2230.0,7,0,0,0,0
2487,0,0.3307,53,0,1.2065,3840.0,17,0,1,0,2
2488,1,0.3159,62,0,1.0132,2090.0,7,0,2,0,0
2489,0,0.1492,52,0,0.5216,10940.0,7,0,1,0,1
2490,0,0.3294,32,0,0.3443,5170.0,16,0,0,0,1
2491,0,0.1052,74,0,0.5177,3170.0,4,0,0,0,0
2492,0,0.0201,27,0,0.388,3510.0,9,0,0,0,2
2493,0,0.2686,64,1,0.2792,2420.0,6,0,1,0,1
2494,0,0.0345,32,0,0.6184,9020.0,10,0,0,0,1
2495,0,0.1989,63,0,0.2431,14800.0,6,0,2,0,1
2496,0,0.0077,43,0,0.3667,2010.0,18,0,3,0,3
2497,0,0.3339,33,0,0.3696,9190.0,3,0,2,0,0
2498,0,0.1325,33,0,0.1981,4240.0,11,0,3,0,2
2499,0,0.0464,38,0,0.667,10510.0,13,0,0,0,0
2500,0,0.1872,69,0,0.3918,1640.0,16,0,0,0,2
2501,0,0.1762,62,0,0.9795,5630.0,2,0,1,0,2
2502,0,0.5162,57,0,0.388,3850.0,17,0,0,0,4
2503,0,0.8827,55,0,0.3521,7300.0,5,0,2,0,1
2504,0,0.493,43,1,0.2611,5100.0,14,0,0,0,0
2505,0,0.0446,69,0,0.46,4980.0,1,0,0,0,3
2506,0,0.0938,35,0,0.4615,4610.0,3,0,1,0,1
2507,0,1.8,71,0,0.7012,12550.0,11,0,0,0,1
2508,0,0.1827,41,0,0.4678,4420.0,3,0,0,0,1
2509,0,0.1782,39,0,1.5783,8250.0,9,0,1,0,0
2510,0,0.5891,46,0,0.5908,7170.0,9,0,1,0,1
2511,0,0.5684,61,0,0.2486,8380.0,10,0,0,0,4
2512,0,0.049,59,0,0.2362,2670.0,2,0,0,0,1
2513,0,0.3157,62,0,0.6193,7510.0,14,0,1,0,2
2514,0,0.0436,25,0,0.2439,6020.0,6,0,1,0,1
2515,0,0.6362,29,0,0.642,2410.0,14,0,0,0,1
2516,0,0.0275,66,0,0.769,4330.0,4,0,1,0,1
2517,0,0.2686,73,0,0.7802,19470.0,4,0,0,0,4
2518,1,0.7279,27,1,0.2667,3890.0,1,1,0,0,1
2519,0,0.204,69,0,0.781,3940.0,17,0,1,0,0
2520,0,0.435,35,0,0.5453,6440.0,8,0,0,0,0
2521,0,0.3104,73,0,0.312,3550.0,3,0,3,0,0
2522,0,0.7,74,1,0.4083,5350.0,5,1,3,0,1
2523,0,1.0708,55,0,0.5962,3750.0,3,0,0,0,0
2524,0,0.4424,31,0,0.3001,6260.0,2,0,0,0,2
2525,0,0.9068,63,0,0.5385,4740.0,2,0,1,0,0
2526,0,0.1515,26,0,1.0697,15850.0,14,0,1,0,2
2527,0,0.2762,39,0,0.8013,5050.0,12,0,0,0,3
2528,0,0.209,55,1,0.472,4300.0,18,0,0,1,4
2529,0,0.936,24,1,0.5171,9110.0,19,0,0,0,0
2530,0,0.5952,42,0,0.3254,2130.0,12,0,0,0,0
2531,0,0.1312,64,0,0.3309,13560.0,11,0,0,0,2
2532,0,0.1641,25,0,0.1787,2720.0,18,0,0,0,3
2533,0,1.1039,40,0,0.5224,10050.0,18,0,0,0,0
2534,0,0.0965,21,0,0.6767,11780.0,4,0,1,0,0
2535,0,0.1783,56,1,0.4306,3590.0,12,1,0,0,0
2536,0,0.1598,25,0,0.2654,3800.0,15,0,0,0,0
2537,0,0.0094,36,0,0.4675,4600.0,17,0,1,0,2
2538,0,0.3124,49,0,1.0051,7140.0,8,0,1,0,3
2539,0,0.1885,32,0,0.7701,2700.0,13,0,0,0,0
2540,0,0.0462,33,0,0.4415,4600.0,10,0,1,0,3
2541,0,0.0061,66,0,1.5349,4070.0,12,0,0,0,1
2542,0,0.193,62,0,2.2688,2460.0,13,0,2,0,0
2543,0,0.6013,25,0,0.3369,2630.0,12,0,0,0,0
2544,0,0.5402,67,0,0.3877,5310.0,15,0,0,0,0
2545,0,0.0952,46,0,0.6811,5250.0,2,0,0,0,0
2546,0,0.1264,28,1,0.2598,3110.0,2,0,0,0,0
2547,0,0.2326,69,0,0.7479,5150.0,16,0,1,0,2
2548,0,0.0335,39,0,0.4775,3330.0,8,0,3,0,0
2549,0,0.3573,38,0,0.5616,10770.0,8,0,1,0,3
2550,0,0.1042,28,2,0.3181,4620.0,15,0,0,0,0
2551,0,0.7453,68,0,0.2801,9500.0,11,0,1,0,0
2552,0,0.3655,36,0,0.1365,1780.0,11,0,0,0,1
2553,0,0.1308,52,2,1.0951,5960.0,18,0,1,0,3
2554,0,0.58,33,2,0.7905,7030.0,7,0,0,0,0
2555,0,0.8003,69,0,0.673,4520.0,6,0,0,0,0
2556,0,0.2745,63,0,0.5538,3560.0,1,0,0,0,1
2557,0,0.1124,48,0,0.1128,4480.0,18,0,2,0,3
2558,0,1.1621,39,0,0.2863,7670.0,1,0,0,0,0
2559,0,0.7078,56,0,0.3853,2380.0,8,0,1,0,1
2560,0,0.8539,47,2,0.2349,7480.0,9,0,0,0,0
2561,1,0.3911,71,0,0.1627,5950.0,18,0,0,0,0
2562,0,0.3656,57,0,0.25,4200.0,10,0,1,0,0
2563,0,0.4167,22,0,0.4628,4310.0,1,0,1,0,1
2564,0,0.0631,65,0,0.4628,5100.0,5,0,0,0,2
2565,0,0.3281,31,0,0.7745,13300.0,10,0,1,0,0
2566,0,0.0667,37,0,1.5495,6060.0,16,0,1,0,1
2567,0,0.1041,44,1,0.678,2790.0,2,0,0,0,1
2568,0,0.1384,32,0,0.4044,3790.0,14,0,0,0,0
2569,0,0.5065,71,0,1.3234,2470.0,4,0,0,0,0
2570,0,0.2518,73,0,0.1739,1580.0,4,0,0,0,3
2571,1,0.2514,29,4,0.1291,2450.0,3,1,0,1,0
2572,0,0.3769,38,0,0.2639,5280.0,4,0,1,0,0
2573,0,0.2498,41,0,0.7315,10560.0,12,0,1,0,0
2574,0,0.4411,57,0,0.4971,8930.0,17,0,0,0,1
2575,0,0.027,53,0,0.2283,2460.0,2,0,0,0,0
2576,0,0.1782,57,0,0.2905,3050.0,18,0,0,0,3
2577,0,0.2611,22,0,0.2133,2800.0,5,0,0,0,1
2578,0,0.0408,48,0,0.2133,1040.0,19,0,2,0,0
2579,0,0.2151,32,1,1.1396,4440.0,16,0,0,0,0
2580,1,0.2193,33,1,0.4123,7960.0,14,1,0,0,2
2581,0,0.4302,62,0,1.2992,4220.0,10,0,1,0,1
2582,0,0.1378,28,2,0.2634,2300.0,18,0,0,0,1
2583,0,0.3841,22,0,0.6033,2960.0,10,0,1,0,0
2584,0,0.4785,47,0,0.5149,4030.0,3,0,0,0,0
2585,0,0.4129,60,1,0.7617,7800.0,7,0,2,0,1
2586,0,0.1121,48,0,0.5235,4400.0,3,0,0,0,0
2587,0,0.4571,29,0,0.8114,7190.0,5,0,1,0,2
2588,0,0.4205,62,0,0.6266,4680.0,1,0,0,0,2
2589,1,0.1365,41,0,0.2335,5670.0,9,0,0,0,3
2590,0,0.0931,59,0,0.6974,2800.0,11,0,0,0,0
2591,0,0.131,31,2,0.4224,3260.0,10,1,0,0,0
2592,0,0.0606,70,0,0.2819,2310.0,5,0,0,0,1
2593,0,0.2873,36,0,0.6814,7050.0,6,0,0,0,0
2594,0,0.2596,73,0,0.7811,4130.0,11,0,0,0,1
2595,0,0.2081,41,0,0.3362,570.0,7,0,1,0,0
2596,0,0.1227,60,0,0.3641,6560.0,1,0,1,0,0
2597,0,0.038,48,0,0.1955,8820.0,14,0,1,0,0
2598,0,0.801,25,0,0.1522,3020.0,11,0,1,0,1
2599,0,0.2988,26,0,0.3885,6560.0,4,0,0,0,2
2600,0,0.5314,42,0,0.7227,4330.0,17,0,0,0,0
2601,0,0.626,31,0,0.3186,1380.0,5,0,1,0,0
2602,0,0.5348,53,0,1.0583,15860.0,14,0,0,0,0
2603,0,0.1946,28,1,0.3973,4350.0,1,0,1,0,3
2604,0,0.3496,52,0,0.3983,5550.0,7,0,0,0,0
2605,0,0.016,32,0,0.3778,3380.0,5,0,0,0,0
2606,0,0.5967,30,0,0.8097,4120.0,2,0,1,0,1
2607,0,0.8328,40,1,0.2528,5420.0,9,0,0,0,0
2608,0,0.9581,52,2,0.4159,2630.0,5,0,2,1,0
2609,0,0.0973,42,0,0.3235,13580.0,5,0,0,0,2
2610,0,0.0872,39,0,0.3208,8130.0,10,0,0,0,1
2611,0,0.2395,39,0,0.4589,6700.0,17,0,1,0,0
2612,0,0.3582,39,4,0.4198,4510.0,5,1,1,0,1
2613,0,0.3219,42,0,0.8445,3110.0,3,0,0,0,1
2614,0,0.6995,66,0,0.4464,9120.0,15,0,0,0,0
2615,1,0.2645,52,2,0.6269,7090.0,8,1,0,0,3
2616,0,0.2545,43,0,0.4984,3870.0,18,0,0,0,0
2617,0,0.2717,61,0,1.0432,2560.0,14,0,0,0,0
2618,0,0.1984,49,0,0.3748,1910.0,4,0,1,0,0
2619,0,0.1924,72,1,0.3754,5000.0,15,1,0,0,0
2620,0,0.1353,51,0,0.7026,4230.0,1,0,0,0,1
2621,0,0.0532,32,1,0.3717,10010.0,9,0,1,0,0
2622,0,0.1073,51,0,0.6059,8910.0,2,0,1,0,2
2623,0,0.0527,62,0,1.8271,5030.0,15,0,0,0,0
2624,0,0.234,32,1,0.2497,4680.0,16,0,1,0,1
2625,0,1.2801,31,0,1.1264,2460.0,18,0,1,0,0
2626,0,0.3086,53,0,0.3344,9290.0,2,0,0,0,3
2627,0,0.2754,68,0,1.0026,4750.0,17,0,1,0,1
2628,0,0.2866,39,0,0.6782,7070.0,15,0,0,0,0
2629,0,0.087,48,0,0.6442,9960.0,17,0,2,0,0
2630,0,0.2328,56,0,0.4104,3500.0,8,0,1,0,0
2631,0,0.0801,56,1,0.3866,2990.0,13,0,2,0,0
2632,1,0.383,28,1,0.2914,21620.0,9,1,1,0,1
2633,0,0.6478,42,1,0.451,7020.0,13,0,0,0,0
2634,1,0.0867,74,0,0.4024,4160.0,14,0,1,0,0
2635,1,0.9558,68,3,0.5039,10340.0,6,1,1,1,0
2636,0,0.7772,62,1,0.1927,4080.0,7,0,0,1,0
2637,0,0.0006,22,0,0.4555,5970.0,19,0,0,0,0
2638,1,0.1569,43,3,0.9585,3490.0,16,1,0,0,2
2639,0,0.0751,23,0,0.7917,4860.0,2,0,0,0,2
2640,1,0.0595,37,1,0.4556,4170.0,2,1,0,1,0
2641,1,0.6168,67,0,2.0906,3130.0,16,0,1,0,1
2642,0,0.44,41,0,0.3178,5690.0,14,0,0,0,2
2643,0,0.2318,30,0,0.4266,3350.0,5,0,0,0,0
2644,0,0.5706,59,0,0.1882,6940.0,18,0,1,0,2
2645,0,0.5074,61,0,0.3527,4090.0,1,0,1,0,2
2646,0,0.0332,56,0,1.3135,1750.0,4,0,1,0,1
2647,0,0.0292,64,1,0.3609,7130.0,11,0,2,0,0
2648,0,0.4974,58,0,0.1797,7210.0,11,0,1,0,0
2649,0,0.0357,55,0,0.7582,19000.0,5,0,1,0,0
2650,0,0.6606,69,0,0.5675,4970.0,13,0,0,0,2
2651,0,0.3624,38,0,0.7396,5490.0,16,0,1,0,1
2652,0,0.4474,45,0,0.376,6550.0,3,0,0,0,1
2653,0,0.1866,51,0,0.2455,9060.0,15,0,2,0,2
2654,0,0.1091,57,0,0.4025,8730.0,11,0,1,0,0
2655,0,0.1428,46,0,0.6268,5950.0,18,0,1,0,0
2656,0,0.0441,44,1,0.4302,4820.0,5,0,1,0,0
2657,0,0.1493,29,0,0.5671,8150.0,14,0,1,0,1
2658,0,0.4107,55,0,0.3256,4700.0,15,0,1,0,0
2659,0,0.7233,27,0,0.5799,2270.0,7,0,0,0,0
2660,1,0.0223,46,3,0.4485,2000.0,11,1,0,0,0
2661,0,0.6913,43,0,0.2942,4120.0,14,0,3,0,0
2662,0,1.0678,62,1,0.4887,5280.0,8,0,1,0,3
2663,0,0.9204,46,0,0.3563,21660.0,13,0,0,0,0
2664,0,0.2767,21,1,0.6507,4570.0,15,0,0,0,3
2665,0,0.6891,48,0,0.7587,5050.0,5,0,0,0,1
2666,0,0.5022,32,0,0.6071,3860.0,14,0,3,0,2
2667,0,0.266,41,0,0.1685,7120.0,12,0,2,0,2
2668,0,0.2918,37,0,0.2519,5820.0,4,0,0,0,0
2669,0,0.0619,29,1,0.3067,3350.0,16,0,0,0,0
2670,0,0.606,72,0,0.2787,2680.0,1,0,0,0,0
2671,1,0.0279,34,0,0.3244,3860.0,12,0,0,0,0
2672,0,0.403,48,0,0.7828,2960.0,5,0,0,0,0
2673,0,1.3554,65,0,0.6833,4280.0,14,0,1,0,2
2674,0,0.4992,40,1,0.3484,5350.0,17,1,1,0,1
2675,0,0.2828,71,0,0.6409,3640.0,13,0,0,0,0
2676,0,0.1666,42,0,0.5473,11760.0,8,0,0,0,0
2677,0,0.6607,72,0,0.4406,9850.0,13,0,1,0,2
2678,0,0.0331,45,1,0.8949,4280.0,4,0,0,0,0
2679,0,0.2366,21,1,0.3022,2760.0,2,0,0,0,0
2680,0,0.5219,67,0,0.4638,4830.0,8,0,0,0,2
2681,1,0.1432,67,0,0.2392,4540.0,12,0,1,0,0
2682,0,0.1728,72,1,0.2462,4730.0,8,0,0,0,0
2683,1,0.0324,27,2,0.1986,3870.0,3,1,1,0,0
2684,0,0.0566,66,0,0.2487,2620.0,9,0,2,0,0
2685,0,0.0104,39,0,0.4723,5020.0,17,0,0,0,0
2686,0,0.1498,66,0,0.3748,3980.0,9,0,1,0,1
2687,0,0.2575,73,0,0.3822,4200.0,9,0,1,0,1
2688,0,0.1392,31,0,0.3755,5200.0,6,0,1,0,3
2689,0,0.122,41,3,1.3017,4710.0,10,1,0,0,0
2690,0,0.4045,35,0,0.2271,5130.0,6,0,0,0,0
2691,0,0.9684,37,1,0.213,3870.0,19,0,1,1,1
2692,0,0.2636,53,0,0.2706,6100.0,16,0,0,0,1
2693,0,0.2757,43,0,0.4304,3190.0,14,0,1,0,0
2694,1,0.1166,56,0,0.6119,2560.0,13,0,1,0,0
2695,0,0.1636,57,0,0.6513,2880.0,7,0,2,0,0
2696,1,0.1442,31,1,0.792,3270.0,13,0,1,0,1
2697,0,1.0726,23,0,0.4211,2270.0,19,0,2,0,1
2698,1,0.4348,61,0,0.3542,1780.0,4,0,2,0,0
2699,0,0.5373,30,1,1.1973,6650.0,17,0,0,0,2
2700,0,0.0751,31,0,0.0845,10560.0,19,0,0,0,2
2701,0,0.6052,53,0,0.4666,6870.0,2,0,0,0,0
2702,0,0.2036,35,1,0.5816,3680.0,2,1,0,0,1
2703,0,0.0522,31,0,1.3829,1750.0,10,0,0,0,0
2704,1,0.3589,37,0,0.1659,5510.0,13,0,1,0,2
2705,0,0.0558,49,0,0.3492,1870.0,10,0,1,0,0
2706,0,0.2114,66,0,0.199,4670.0,15,0,0,0,2
2707,0,0.0462,74,0,0.1527,3040.0,16,0,1,0,1
2708,0,0.2759,60,1,0.3974,1250.0,6,1,1,0,0
2709,0,0.0791,69,0,0.7407,11950.0,10,0,1,0,2
2710,1,0.0844,49,4,0.9264,2310.0,2,1,1,1,2
2711,0,0.0568,43,0,0.3266,3970.0,3,0,1,0,1
2712,1,0.0148,65,0,0.6703,4550.0,15,0,1,0,0
2713,1,0.0469,37,0,0.3991,3710.0,18,0,0,0,1
2714,0,0.5216,64,0,0.6275,6490.0,11,0,0,0,1
2715,0,0.1652,74,0,0.8982,3150.0,14,0,0,0,0
2716,0,0.626,42,1,0.3999,6180.0,19,0,1,0,0
2717,0,0.9346,55,1,0.8574,5950.0,2,0,2,0,3
2718,0,1.0131,63,0,0.217,2150.0,14,0,1,0,2
2719,0,0.0256,63,0,0.6662,5660.0,12,0,1,0,0
2720,0,0.2742,32,1,0.8354,2610.0,18,1,0,0,2
2721,0,0.0374,72,0,0.7852,2440.0,6,0,0,0,0
2722,0,0.7437,48,0,0.2207,5850.0,13,0,1,0,1
2723,0,0.5314,23,0,0.3971,3850.0,17,0,2,0,0
2724,0,0.1571,27,0,0.5386,6150.0,10,0,0,0,0
2725,0,0.1721,60,0,0.5862,6180.0,6,0,0,0,0
2726,1,0.2842,44,1,0.4817,2090.0,18,0,2,0,0
2727,1,0.4102,26,0,1.0592,7660.0,3,0,0,0,3
2728,0,0.6508,49,0,0.2065,5830.0,16,0,0,0,3
2729,0,0.0405,53,2,0.389,3460.0,16,0,0,1,0
2730,0,0.2883,25,0,0.1632,4530.0,1,0,2,0,3
2731,0,0.1677,39,0,0.6523,7800.0,7,0,0,0,3
2732,1,0.1118,45,0,0.6267,4060.0,12,0,1,0,0
2733,0,0.4306,63,0,3.3507,17490.0,2,0,0,0,0
2734,0,0.1799,56,0,0.8318,12020.0,3,0,0,0,0
2735,0,0.4946,25,0,0.5482,5270.0,7,0,0,0,0
2736,0,0.6133,54,0,0.5236,4290.0,19,0,0,0,0
2737,0,0.1657,69,3,0.3716,4400.0,9,1,2,0,0
2738,0,0.0059,23,1,0.4859,3430.0,13,0,1,0,2
2739,0,1.234,74,0,0.5303,5300.0,12,0,2,0,1
2740,0,0.4279,26,2,0.1382,7420.0,9,0,1,0,0
2741,0,0.7948,54,0,0.5057,2190.0,2,0,0,0,0
2742,0,0.0332,39,2,0.4774,7230.0,19,1,0,0,3
2743,0,0.0488,60,0,1.2871,8610.0,11,0,0,0,0
2744,0,0.0216,66,0,0.4152,6930.0,7,0,0,0,0
2745,0,0.086,67,1,0.2838,4550.0,9,0,0,0,0
2746,0,0.0031,67,0,0.5279,6760.0,9,0,0,0,2
2747,0,0.7341,65,0,0.4698,10720.0,19,0,0,0,0
2748,0,0.1322,37,0,0.4155,4750.0,8,0,0,0,1
2749,1,0.5594,46,0,0.2086,4980.0,19,0,0,0,0
2750,0,0.6253,59,0,0.4092,17670.0,3,0,0,0,0
2751,0,0.6203,30,0,0.3174,5910.0,4,0,0,0,1
2752,0,0.232,52,0,0.3946,2690.0,3,0,0,0,0
2753,0,1.2322,49,0,0.6972,8300.0,18,0,0,0,1
2754,0,0.7756,74,0,0.2998,6260.0,12,0,1,0,1
2755,1,1.1179,23,0,0.3935,3320.0,10,0,2,0,2
2756,0,0.3099,26,0,0.6217,2530.0,2,0,0,0,3
2757,0,0.7152,22,0,0.3823,5670.0,4,0,0,0,0
2758,0,0.2148,50,0,2.1501,4740.0,18,0,0,0,0
2759,0,0.4633,50,0,0.5217,2330.0,19,0,0,0,0
2760,0,0.4209,52,0,0.2133,4660.0,7,0,0,0,4
2761,0,0.026,34,0,0.2716,4490.0,14,0,0,0,1
2762,0,0.0788,37,0,0.2556,4730.0,7,0,0,0,3
2763,0,0.5422,43,0,0.2739,6600.0,19,0,0,0,3
2764,0,0.0092,23,0,0.6201,1710.0,3,0,1,0,3
2765,0,0.5127,61,0,0.2313,2520.0,2,0,0,0,0
2766,0,0.3088,23,0,0.3683,3670.0,7,0,0,0,0
2767,1,1.6464,57,1,0.8919,10890.0,4,1,1,0,0
2768,0,0.012,45,0,0.3289,20350.0,14,0,0,0,0
2769,0,0.2532,74,2,0.6723,4930.0,18,1,0,1,0
2770,1,1.112,58,0,0.1637,5050.0,19,0,0,0,3
2771,0,0.003,46,0,0.3597,1130.0,19,0,1,0,1
2772,0,0.3727,58,0,0.2641,8460.0,4,0,2,0,1
2773,0,0.1513,27,0,0.5379,6440.0,1,0,1,0,1
2774,0,0.1017,30,0,0.2415,5820.0,4,0,2,0,0
2775,0,0.4746,47,0,1.5555,2330.0,15,0,1,0,0
2776,0,0.2191,67,0,0.168,16120.0,3,0,0,0,2
2777,0,0.2978,65,0,0.8882,12240.0,13,0,1,0,0
2778,0,0.0001,41,0,0.7611,5860.0,11,0,1,0,0
2779,0,0.2738,36,0,0.5411,8910.0,16,0,0,0,0
2780,0,0.0279,73,0,0.4642,5070.0,3,0,0,0,1
2781,0,0.2302,51,0,1.3675,8040.0,9,0,0,0,0
2782,0,0.0314,27,0,1.979,2240.0,2,0,0,0,2
2783,0,0.3852,33,0,0.3968,1260.0,1,0,1,0,0
2784,0,0.0662,66,0,0.4939,2290.0,15,0,1,0,0
2785,0,0.0095,69,0,0.3226,3030.0,11,0,0,0,0
2786,1,0.5971,70,3,0.2228,3340.0,16,0,0,1,0
2787,0,0.0855,21,0,0.5933,6430.0,2,0,0,0,2
2788,0,0.0028,65,0,0.5219,4210.0,6,0,0,0,1
2789,0,0.4185,27,0,0.171,4830.0,3,0,0,0,0
2790,0,0.2611,64,0,0.5907,2410.0,12,0,1,0,0
2791,1,0.3307,68,0,0.5325,2290.0,11,0,1,0,0
2792,1,0.7188,40,2,0.3133,5040.0,15,1,0,1,1
2793,0,0.0709,31,0,0.3012,3550.0,2,0,0,0,2
2794,0,0.0991,59,0,0.5794,4930.0,1,0,2,0,4
2795,1,0.4812,24,4,1.1798,6810.0,17,1,1,1,0
2796,0,0.1585,52,0,0.5707,13140.0,13,0,1,0,0
2797,1,0.103,38,0,0.7177,4850.0,3,0,0,0,0
2798,0,0.5863,43,0,0.2727,14590.0,6,0,0,0,1
2799,0,0.1512,65,0,0.3504,6270.0,8,0,0,0,1
2800,0,0.1458,74,2,0.6471,7430.0,8,0,0,1,2
2801,0,1.0244,42,0,0.1989,9250.0,14,0,0,0,0
2802,0,0.0059,36,0,0.5088,7570.0,7,0,1,0,2
2803,1,1.0514,66,0,0.6041,3040.0,12,0,2,0,1
2804,0,0.1412,43,0,0.4391,9410.0,14,0,1,0,0
2805,0,1.145,31,1,0.5442,3930.0,2,0,0,0,4
2806,0,0.0485,69,1,0.4652,5890.0,9,0,0,0,0
2807,1,0.3003,74,1,0.3093,5320.0,5,1,0,0,0
2808,0,0.4697,36,0,0.2216,9760.0,15,0,0,0,0
2809,0,0.4872,29,0,0.4256,6220.0,3,0,0,0,0
2810,0,0.0336,29,0,0.9829,2140.0,6,0,0,0,0
2811,0,0.0318,53,0,0.8308,17240.0,12,0,0,0,2
2812,0,0.3385,37,0,0.3652,8110.0,11,0,0,0,0
2813,0,0.0335,54,0,0.3607,3530.0,1,0,2,0,2
2814,0,0.5638,62,0,0.3451,2480.0,18,0,0,0,0
2815,0,0.6575,21,0,0.3452,8690.0,2,0,1,0,0
2816,1,0.0535,67,3,0.534,2670.0,9,1,1,1,4
2817,0,0.5131,22,0,0.8475,7950.0,2,0,0,0,2
2818,0,0.0175,27,0,1.7466,9330.0,11,0,0,0,0
2819,0,1.0988,60,0,0.2731,3330.0,7,0,1,0,0
2820,1,0.2581,54,3,0.6641,3150.0,13,1,0,0,0
2821,0,0.461,73,0,0.6221,3710.0,12,0,0,0,0
2822,0,0.4561,51,0,0.3687,2720.0,18,0,0,0,0
2823,0,0.3749,43,0,0.2428,5640.0,1,0,1,0,0
2824,0,0.3121,57,2,0.5301,6140.0,13,0,0,1,0
2825,0,0.01,62,0,1.6031,7600.0,7,0,0,0,0
2826,0,0.7034,57,0,0.528,2980.0,12,0,1,0,0
2827,0,0.3229,41,0,0.2802,8140.0,19,0,0,0,0
2828,0,0.1003,72,0,0.4089,2720.0,16,0,2,0,0
2829,0,0.148,37,0,0.2267,8130.0,19,0,1,0,0
2830,0,0.1572,39,1,0.4543,2010.0,19,0,1,0,0
2831,1,0.0234,35,1,0.6771,12590.0,15,1,0,1,1
2832,0,0.0731,37,0,0.2965,3590.0,18,0,1,0,0
2833,0,0.0071,32,0,0.0637,7040.0,14,0,0,0,2
2834,0,0.3132,52,0,0.5305,7380.0,3,0,0,0,4
2835,0,0.1879,60,0,0.3326,2290.0,17,0,1,0,3
2836,0,1.1189,44,1,0.2864,8110.0,13,0,0,0,0
2837,0,0.0949,70,1,0.2849,3530.0,17,0,1,0,3
2838,0,0.3002,46,0,0.5713,4090.0,7,0,1,0,2
2839,0,0.0242,46,0,0.3518,3290.0,12,0,2,0,0
2840,1,0.1261,24,0,0.7853,12940.0,8,0,0,0,4
2841,0,0.3314,69,1,0.7957,2440.0,1,0,0,0,3
2842,0,1.0606,29,0,0.382,6360.0,13,0,2,0,1
2843,0,1.1441,29,0,0.3287,3380.0,6,0,0,0,1
2844,0,0.0174,71,0,0.4851,9460.0,3,0,0,0,4
2845,0,0.3402,49,0,0.4118,19790.0,5,0,0,0,0
2846,0,0.0885,24,0,0.157,3370.0,14,0,0,0,2
2847,0,0.7319,44,1,1.4169,5350.0,14,0,0,0,3
2848,0,0.4685,52,2,0.6898,3900.0,6,1,1,0,0
2849,0,0.0823,21,0,0.3402,9160.0,7,0,1,0,0
2850,0,0.1723,61,0,0.1423,4230.0,16,0,0,0,0
2851,1,0.0027,57,0,0.4032,8460.0,10,0,0,0,4
2852,0,0.1819,21,0,0.3158,3870.0,8,0,0,0,1
2853,0,0.2764,54,0,0.4333,18890.0,17,0,0,0,0
2854,0,0.226,33,0,0.1227,1320.0,1,0,0,0,0
2855,1,0.4549,60,0,0.3385,6160.0,13,0,0,0,1
2856,0,0.0517,41,1,0.3511,4880.0,12,0,0,0,0
2857,0,0.6158,31,0,0.4004,4780.0,8,0,1,0,4
2858,0,0.1655,48,1,0.39,5830.0,15,0,0,0,0
2859,0,0.1724,44,0,0.4636,5090.0,6,0,1,0,1
2860,0,0.1233,39,0,1.1193,5610.0,12,0,0,0,4
2861,0,0.5281,68,0,0.3299,6280.0,5,0,1,0,2
2862,0,0.18,56,0,0.2601,14040.0,15,0,1,0,0
2863,0,0.1297,47,0,0.1594,940.0,8,0,0,0,1
2864,1,0.3519,33,1,0.3307,14890.0,16,0,1,0,3
2865,1,0.3554,51,1,0.1938,22830.0,12,0,1,0,3
2866,0,0.1394,22,0,0.7994,1720.0,1,0,2,0,0
2867,1,0.673,68,0,0.4242,5060.0,12,0,0,0,0
2868,0,0.1681,21,0,0.7895,11190.0,1,0,2,0,2
2869,0,0.4544,58,0,1.0827,8530.0,14,0,0,0,0
2870,0,0.1223,39,0,0.2674,13440.0,5,0,0,0,0
2871,0,0.5325,59,0,0.3648,6140.0,19,0,1,0,0
2872,0,0.5179,40,1,0.999,1450.0,5,0,2,0,2
2873,0,0.4418,22,1,0.5034,10750.0,9,0,2,0,0
2874,0,0.5595,72,0,0.6144,7200.0,11,0,0,0,0
2875,0,0.2998,62,0,0.8351,11850.0,3,0,0,0,4
2876,0,0.0714,23,0,0.7694,1960.0,5,0,0,0,0
2877,0,0.2493,22,0,0.5748,2370.0,19,0,2,0,2
2878,1,0.0829,49,0,1.0385,4960.0,7,0,2,0,0
2879,0,0.3357,72,0,0.4313,10940.0,15,0,0,0,0
2880,1,0.0414,52,0,0.6136,12930.0,9,0,0,0,0
2881,0,0.2951,21,1,0.4041,3180.0,5,0,1,1,2
2882,0,0.0551,58,0,0.8289,3850.0,12,0,0,0,1
2883,0,0.3106,44,0,0.2951,27530.0,3,0,0,0,2
2884,0,1.4343,55,0,0.1637,3530.0,19,0,1,0,0
2885,0,0.4018,39,0,0.6656,7370.0,13,0,0,0,0
2886,0,0.1285,21,0,0.2436,3750.0,14,0,1,0,0
2887,0,0.0954,21,0,0.2296,6530.0,1,0,2,0,0
2888,0,0.1893,55,0,0.9598,2920.0,6,0,0,0,0
2889,0,0.2503,55,0,0.8023,2970.0,8,0,0,0,3
2890,0,0.3255,38,0,0.3659,3930.0,7,0,1,0,1
2891,0,0.1019,25,0,0.0723,3540.0,3,0,0,0,0
2892,0,0.3512,62,0,0.6187,4100.0,1,0,2,0,0
2893,0,0.0641,29,0,0.6686,6740.0,12,0,0,0,0
2894,0,0.9098,31,0,0.6127,15280.0,8,0,3,0,1
2895,0,0.4588,45,0,0.596,3450.0,5,0,1,0,0
2896,0,0.2268,59,0,0.403,2720.0,12,0,0,0,0
2897,0,0.4009,74,0,0.3512,4940.0,19,0,1,0,3
2898,0,0.0593,54,0,0.2314,2950.0,19,0,1,0,0
2899,0,0.6845,72,0,0.2957,1840.0,17,0,0,0,0
2900,0,0.8101,56,0,0.5449,9310.0,6,0,1,0,0
2901,0,0.0756,66,0,0.5503,5160.0,4,0,0,0,0
2902,0,0.0135,30,0,0.7217,5470.0,5,0,0,0,0
2903,0,0.1533,24,0,0.1932,1550.0,6,0,1,0,0
2904,0,0.3875,57,0,0.166,3460.0,1,0,1,0,0
2905,0,1.2538,73,0,0.3578,2100.0,6,0,1,0,1
2906,0,0.1425,60,1,0.2437,4850.0,11,0,1,0,3
2907,0,0.1396,39,0,0.5024,5330.0,5,0,0,0,0
2908,0,0.0446,47,0,0.2048,5320.0,19,0,0,0,2
2909,0,0.7065,27,0,0.9122,3290.0,17,0,0,0,0
2910,0,1.0907,39,0,0.2744,2950.0,8,0,0,0,0
2911,0,0.0253,57,0,1.1684,4380.0,8,0,0,0,0
2912,0,0.0332,29,1,0.6154,6090.0,10,0,2,0,0
2913,0,0.1064,47,0,0.2386,3470.0,7,0,0,0,2
2914,1,0.7799,36,0,1.5791,2800.0,2,0,1,0,1
2915,0,1.6832,47,0,0.5269,2870.0,8,0,1,0,0
2916,0,0.1523,62,0,0.4964,3310.0,11,0,0,0,1
2917,0,0.4892,68,0,0.4321,3750.0,5,0,0,0,0
2918,0,0.3131,43,0,0.5945,2540.0,4,0,0,0,0
2919,0,0.0851,65,0,0.6159,3760.0,10,0,0,0,0
2920,0,0.2776,58,0,0.2674,10320.0,1,0,0,0,1
2921,0,1.0188,70,0,0.3953,4120.0,15,0,0,0,0
2922,0,0.501,60,0,0.4816,2340.0,13,0,1,0,2
2923,0,0.5258,50,0,0.6374,1270.0,19,0,0,0,0
2924,0,0.4793,57,0,0.6439,14790.0,3,0,0,0,3
2925,0,0.0528,38,0,0.496,9740.0,16,0,0,0,0
2926,0,0.2489,57,0,0.323,5830.0,2,0,0,0,3
2927,0,0.4071,59,0,0.3132,9870.0,15,0,0,0,0
2928,0,0.2635,53,0,0.2198,6750.0,5,0,0,0,0
2929,1,0.0038,26,4,0.6412,4700.0,16,1,1,0,0
2930,0,0.0328,48,0,0.3105,2340.0,3,0,1,0,0
2931,0,0.8211,59,0,0.4005,15450.0,16,0,1,0,1
2932,0,0.4963,31,0,0.5182,3780.0,12,0,1,0,2
2933,0,0.4741,63,0,0.4504,3910.0,1,0,0,0,0
2934,0,0.7558,66,0,0.4478,5030.0,6,0,1,0,0
2935,0,0.4244,50,0,0.2611,5080.0,10,0,0,0,0
2936,0,1.3259,73,0,0.528,6940.0,13,0,0,0,2
2937,0,0.8236,67,0,0.3724,6480.0,14,0,0,0,0
2938,0,0.111,46,0,0.4266,3480.0,11,0,1,0,0
2939,1,0.1444,68,0,0.9001,4990.0,14,0,1,0,0
2940,1,0.2604,71,2,0.6085,6810.0,7,1,1,0,0
2941,0,0.108,26,0,0.319,3300.0,7,0,1,0,0
2942,0,0.6847,74,0,0.4109,11710.0,4,0,0,0,2
2943,0,0.0675,21,0,1.1731,4860.0,13,0,1,0,0
2944,0,0.3118,47,0,0.3737,12820.0,13,0,0,0,3
2945,1,0.4786,71,1,0.4602,2130.0,18,0,0,0,1
2946,0,0.3128,60,0,0.6693,7280.0,10,0,0,0,0
2947,0,0.1032,35,1,0.5113,2880.0,12,0,0,1,0
2948,0,0.2399,55,0,0.3593,3360.0,14,0,1,0,0
2949,0,0.0538,32,0,0.2876,8460.0,17,0,1,0,0
2950,0,0.2555,33,1,0.4466,4290.0,10,1,1,0,2
2951,0,0.2831,70,0,0.6669,23350.0,15,0,2,0,0
2952,1,0.2436,23,3,0.9926,6710.0,16,1,0,1,0
2953,1,0.2762,72,2,0.1865,3240.0,12,0,1,1,3
2954,0,0.0987,45,0,1.2939,6710.0,11,0,0,0,0
2955,0,1.182,24,0,0.3779,4260.0,13,0,0,0,0
2956,0,0.4523,63,0,0.7826,8100.0,16,0,1,0,0
2957,0,0.3395,23,0,0.2887,4110.0,11,0,1,0,2
2958,0,0.3795,38,0,0.1709,6270.0,11,0,1,0,0
2959,0,0.1672,34,0,0.2044,5540.0,5,0,0,0,2
2960,0,0.904,63,0,0.3684,5150.0,19,0,1,0,1
2961,0,0.0535,42,0,0.6154,9180.0,2,0,0,0,0
2962,0,0.0149,56,0,0.4578,1670.0,17,0,0,0,0
2963,0,0.3892,24,0,0.3867,5210.0,8,0,0,0,0
2964,1,0.3048,58,0,0.8788,3230.0,5,0,0,0,0
2965,0,0.1385,59,0,0.4499,2190.0,5,0,0,0,1
2966,0,1.387,36,0,0.5315,2970.0,14,0,0,0,2
2967,0,0.4361,68,0,2.9055,3390.0,6,0,0,0,1
2968,0,0.2531,46,0,0.4472,4270.0,3,0,0,0,3
2969,0,0.5484,57,0,0.296,6020.0,9,0,0,0,3
2970,0,0.0619,30,0,0.5996,6800.0,18,0,1,0,3
2971,0,0.146,71,0,0.698,3850.0,17,0,0,0,2
2972,0,0.0779,34,0,0.5383,12720.0,7,0,0,0,0
2973,0,0.0824,54,0,0.4937,3930.0,13,0,2,0,0
2974,0,0.5283,25,0,1.0935,1530.0,10,0,0,0,0
2975,1,0.2214,23,3,1.0145,4000.0,8,1,1,0,3
2976,0,0.2872,27,0,0.4188,5060.0,1,0,1,0,0
2977,0,0.1301,71,0,0.3054,690.0,3,0,0,0,0
2978,0,0.0461,32,1,0.5813,10140.0,17,0,0,0,0
2979,0,0.1056,68,0,0.3044,4630.0,19,0,0,0,0
2980,0,0.1093,52,0,0.7642,2460.0,19,0,0,0,2
2981,0,0.3296,25,0,0.5795,2760.0,19,0,0,0,3
2982,0,0.4559,44,0,2.23,7760.0,9,0,0,0,0
2983,0,1.4619,46,0,1.0876,8350.0,2,0,0,0,2
2984,0,0.7814,35,0,0.2352,3330.0,4,0,0,0,1
2985,0,1.5986,53,0,0.3291,2180.0,16,0,0,0,0
2986,0,0.5408,67,0,0.1425,5320.0,14,0,0,0,0
2987,0,0.0039,68,0,0.1246,5940.0,19,0,1,0,0
2988,0,0.0405,49,0,0.4811,6900.0,6,0,1,0,0
2989,0,0.3174,69,0,0.2197,3510.0,8,0,1,0,1
2990,0,0.2425,70,0,1.2029,4570.0,19,0,0,0,0
2991,0,0.0872,25,3,0.9001,4970.0,18,1,0,1,2
2992,0,0.0909,55,0,0.3818,8780.0,6,0,0,0,2
2993,0,0.4728,62,0,0.369,10910.0,19,0,1,0,0
2994,0,0.1553,21,0,1.0955,12840.0,11,0,0,0,0
2995,0,0.4842,53,0,1.257,10740.0,19,0,1,0,0
2996,0,0.4351,70,0,0.2568,14590.0,1,0,1,0,3
2997,0,0.1796,35,0,0.2377,9030.0,11,0,0,0,0
2998,0,0.2732,67,0,0.3751,3450.0,19,0,0,0,3
2999,1,0.1321,71,0,0.582,12330.0,19,0,0,0,2
3000,0,0.3328,55,0,0.3302,2150.0,11,0,1,0,2
3001,1,0.9187,54,0,0.5894,20310.0,1,0,0,0,1
3002,0,0.5254,49,0,1.448,2740.0,19,0,0,0,1
3003,0,0.3505,43,0,0.1933,8370.0,4,0,0,0,0
3004,0,0.4852,45,0,0.3439,11690.0,6,0,1,0,0
3005,0,0.1908,49,0,0.1955,6470.0,17,0,2,0,0
3006,0,0.1889,47,0,0.272,1440.0,11,0,0,0,2
3007,0,0.0524,65,0,0.3765,2780.0,5,0,0,0,0
3008,0,0.1701,62,0,0.2904,6090.0,1,0,0,0,0
3009,0,0.2766,39,0,0.6138,7200.0,4,0,0,0,0
3010,0,0.1501,48,0,0.4919,4410.0,15,0,0,0,0
3011,0,0.0228,32,0,0.5376,5140.0,14,0,3,0,0
3012,1,0.016,30,0,0.3738,2040.0,4,0,2,0,1
3013,0,0.125,40,0,0.395,14250.0,18,0,1,0,1
3014,0,0.083,24,0,0.3641,3920.0,9,0,0,0,0
3015,0,0.2169,67,0,0.3871,7890.0,14,0,0,0,0
3016,1,0.3199,27,0,0.5778,11410.0,13,0,0,0,0
3017,0,0.312,38,0,0.1417,2460.0,3,0,1,0,0
3018,0,0.0731,34,0,0.5341,5310.0,2,0,0,0,3
3019,0,0.5243,32,0,0.2668,5810.0,12,0,0,0,0
3020,0,0.8343,40,0,0.3667,4210.0,15,0,2,0,0
3021,0,0.332,59,0,0.1761,8570.0,18,0,2,0,0
3022,0,0.2793,69,0,0.3623,3290.0,16,0,0,0,1
3023,0,0.0748,31,0,0.5309,5080.0,12,0,1,0,2
3024,0,0.0098,33,3,0.5911,3930.0,11,0,1,0,0
3025,0,0.4711,46,0,0.2205,19840.0,8,0,2,0,0
3026,0,0.9019,38,0,0.5742,3300.0,12,0,1,0,3
3027,1,1.0531,64,0,0.8904,7680.0,19,0,0,0,0
3028,0,0.0189,33,0,0.3341,14440.0,2,0,1,0,0
3029,0,0.3891,42,0,0.4496,2830.0,10,0,0,0,0
3030,1,0.2201,50,2,0.1299,5200.0,9,1,0,1,0
3031,0,0.0068,41,0,0.2623,2720.0,6,0,2,0,0
3032,0,0.1775,54,0,0.5285,1470.0,16,0,1,0,0
3033,0,0.0986,64,0,0.7971,3070.0,11,0,2,0,1
3034,0,0.2606,49,0,0.3136,3490.0,2,0,0,0,2
3035,0,0.3922,45,0,2.2292,3620.0,14,0,1,0,3
3036,0,0.2579,72,1,0.5424,4110.0,19,1,1,0,3
3037,1,0.3304,74,1,0.2093,4930.0,4,1,0,1,2
3038,0,0.3177,74,0,0.9727,2400.0,10,0,2,0,0
3039,0,0.0004,21,0,0.2119,6070.0,5,0,1,0,0
3040,0,1.187,66,0,0.5472,10180.0,1,0,1,0,0
3041,0,0.5456,69,0,0.2573,10920.0,9,0,3,0,3
3042,0,0.0101,64,0,0.199,4200.0,7,0,1,0,1
3043,0,0.088,61,0,0.8003,8400.0,18,0,0,0,1
3044,0,0.0928,40,2,0.3845,3270.0,10,1,0,0,0
3045,0,0.0411,60,0,1.2654,4000.0,12,0,1,0,4
3046,0,0.0276,52,0,0.244,6240.0,19,0,0,0,0
3047,0,0.2421,65,1,0.1763,4020.0,11,1,1,0,1
3048,0,0.0406,39,0,0.337,2300.0,14,0,0,0,2
3049,1,0.4919,61,0,2.5454,8100.0,10,0,1,0,0
3050,1,0.2436,63,0,0.7411,2990.0,12,0,1,0,0
3051,0,0.0885,66,1,0.6265,3600.0,4,0,1,1,3
3052,0,0.4568,30,0,0.639,9270.0,19,0,1,0,0
3053,0,0.3953,67,1,0.3359,6780.0,6,0,0,0,0
3054,1,1.0013,32,0,2.3108,5460.0,6,0,0,0,3
3055,0,0.0606,71,0,0.5915,2040.0,7,0,1,0,0
3056,0,0.0513,23,1,0.5591,2450.0,8,0,1,0,2
3057,0,0.0562,33,0,0.8113,6240.0,7,0,0,0,3
3058,0,0.155,53,0,0.2093,7170.0,15,0,0,0,0
3059,0,0.6443,50,0,0.2651,5720.0,14,0,1,0,0
3060,0,1.1137,58,0,0.3878,3700.0,12,0,0,0,0
3061,0,0.3168,42,0,0.8145,3630.0,6,0,0,0,0
3062,1,0.5843,21,0,0.2062,5590.0,5,0,0,0,0
3063,1,1.458,54,0,0.4315,2320.0,13,0,0,0,3
3064,0,0.0111,48,0,0.3964,5190.0,15,0,0,0,3
3065,0,0.8428,48,0,0.1747,2140.0,8,0,1,0,0
3066,0,0.1322,41,0,0.3311,2610.0,6,0,2,0,0
3067,0,0.0039,69,0,0.6221,5470.0,9,0,0,0,0
3068,0,0.1743,63,0,0.1845,6970.0,11,0,0,0,2
3069,0,1.0006,30,0,1.0479,6030.0,2,0,2,0,0
3070,1,0.1821,23,3,0.595,2520.0,17,1,2,1,0
3071,0,0.2481,30,0,0.553,1600.0,14,0,0,0,0
3072,0,0.0956,23,0,0.4515,4890.0,6,0,1,0,1
3073,0,0.0013,59,0,0.2333,1570.0,16,0,0,0,1
3074,0,0.8363,54,0,0.3043,8660.0,15,0,1,0,4
3075,0,0.3002,46,0,0.5583,2570.0,10,0,3,0,0
3076,0,0.0242,52,0,0.3039,18780.0,17,0,0,0,0
3077,0,0.3488,64,0,0.5032,2760.0,4,0,0,0,0
3078,0,0.0953,65,1,0.262,6490.0,7,0,0,0,0
3079,0,0.0201,44,0,0.5891,3160.0,19,0,0,0,2
3080,0,0.1632,52,0,0.6161,4440.0,4,0,0,0,0
3081,0,0.6186,52,0,0.1692,5490.0,17,0,0,0,1
3082,0,0.7311,72,0,0.4678,8240.0,17,0,0,0,0
3083,0,0.4338,62,0,0.1803,9060.0,8,0,1,0,0
3084,1,0.3651,37,2,0.1471,7600.0,9,1,2,0,0
3085,0,0.09,68,2,0.3146,9160.0,18,0,0,0,2
3086,0,0.0553,42,0,2.4064,3400.0,6,0,1,0,0
3087,0,0.5867,61,0,0.7155,7250.0,8,0,1,0,1
3088,0,0.1587,73,0,1.0359,4010.0,1,0,1,0,4
3089,0,0.9196,64,0,0.6473,8880.0,7,0,1,0,0
3090,0,0.2807,26,0,0.5083,5270.0,4,0,1,0,0
3091,1,0.4463,32,0,0.7689,7130.0,4,0,0,0,1
3092,1,0.3642,63,1,0.3061,5850.0,10,1,1,0,0
3093,0,0.2275,27,0,0.5959,7760.0,15,0,0,0,0
3094,0,0.004,21,0,0.9105,3030.0,16,0,1,0,0
3095,0,0.0498,34,1,0.6836,1910.0,8,0,2,1,0
3096,1,0.0815,47,0,0.9471,8900.0,10,0,1,0,0
3097,0,0.0252,27,0,0.5014,11010.0,2,0,2,0,1
3098,1,0.0476,29,4,1.2402,4580.0,6,1,1,0,0
3099,0,0.2831,39,0,0.3966,8000.0,6,0,1,0,2
3100,0,0.3162,53,0,1.601,1850.0,18,0,0,0,0
3101,0,0.4299,50,0,0.6339,3380.0,17,0,0,0,1
3102,0,0.071,64,1,0.3569,5160.0,8,1,2,1,0
3103,0,0.5488,73,0,0.2215,1740.0,4,0,1,0,1
3104,0,0.0812,22,0,0.2767,1960.0,4,0,0,0,2
3105,0,0.0073,58,0,0.2527,5400.0,10,0,0,0,0
3106,0,0.1728,29,0,0.426,3420.0,18,0,0,0,2
3107,0,0.0703,40,0,0.2092,3990.0,12,0,1,0,1
3108,0,0.3124,39,0,0.9759,3850.0,8,0,0,0,1
3109,1,0.8908,58,2,0.4802,2280.0,16,1,0,0,0
3110,0,0.2008,34,0,0.4686,4310.0,10,0,1,0,0
3111,0,0.8688,69,1,0.2233,4870.0,5,0,0,0,0
3112,0,0.1631,41,1,0.2833,3460.0,16,0,0,0,0
3113,0,0.0094,65,2,0.1186,3640.0,18,0,0,1,0
3114,0,0.8373,72,0,1.1861,4350.0,6,0,0,0,3
3115,0,0.223,48,0,0.1919,8040.0,19,0,1,0,0
3116,1,0.6774,26,1,0.2009,4640.0,11,1,0,0,0
3117,0,0.0823,58,0,1.0491,1550.0,5,0,1,0,0
3118,0,0.2765,43,0,0.567,2400.0,17,0,1,0,0
3119,0,0.0291,39,0,0.4831,8600.0,3,0,1,0,3
3120,0,0.3258,45,0,0.5511,3260.0,5,0,0,0,0
3121,0,0.1753,37,0,0.7964,4660.0,7,0,2,0,2
3122,0,0.5747,36,0,0.4771,15600.0,17,0,0,0,0
3123,0,0.3277,74,0,0.178,7180.0,19,0,0,0,0
3124,0,0.3425,36,0,0.6976,1350.0,4,0,0,0,1
3125,0,0.1562,45,0,0.5789,11700.0,1,0,2,0,0
3126,1,0.3694,59,1,0.9075,5380.0,17,0,0,0,2
3127,0,0.4789,32,0,0.2124,6130.0,11,0,1,0,2
3128,0,0.2606,54,0,0.2901,5900.0,8,0,3,0,0
3129,0,0.6175,69,0,0.5685,8500.0,1,0,1,0,0
3130,0,0.092,64,1,0.2549,4690.0,11,0,0,0,0
3131,0,0.2415,22,0,0.1095,2020.0,3,0,0,0,1
3132,1,0.3387,42,0,0.5058,5970.0,11,0,0,0,0
3133,0,0.15,21,0,0.7687,2150.0,3,0,0,0,0
3134,1,0.0781,53,2,0.4159,14620.0,4,0,0,1,2
3135,0,0.0352,38,0,0.6243,3950.0,3,0,0,0,2
3136,0,0.3047,69,0,0.5724,4760.0,4,0,1,0,0
3137,0,0.0961,30,0,0.4522,3280.0,14,0,1,0,1
3138,0,0.0222,66,0,0.4875,6020.0,14,0,0,0,0
3139,1,0.2902,39,0,1.0095,6460.0,9,0,0,0,0
3140,0,0.0385,70,0,0.2519,3270.0,16,0,1,0,0
3141,0,0.7274,31,0,0.7145,6450.0,19,0,2,0,0
3142,0,0.0295,35,0,0.2212,5120.0,3,0,1,0,1
3143,0,0.476,39,0,0.2789,4640.0,5,0,2,0,4
3144,1,0.3482,74,1,0.9209,3130.0,15,0,1,1,0
3145,0,0.018,60,0,0.2174,19710.0,12,0,3,0,1
3146,0,0.1522,65,0,0.3887,9990.0,7,0,2,0,0
3147,0,0.5922,50,0,1.853,7610.0,12,0,1,0,0
3148,0,0.0571,63,0,0.8314,9660.0,12,0,1,0,2
3149,0,0.2163,54,1,0.2887,5880.0,12,0,0,0,0
3150,0,0.5992,57,0,0.32,3990.0,11,0,2,0,0
3151,1,0.0647,66,1,0.4057,1010.0,1,0,1,0,0
3152,0,0.0984,74,0,0.9872,2370.0,15,0,2,0,0
3153,0,0.0367,52,0,0.2464,18020.0,4,0,0,0,0
3154,0,0.8282,44,0,0.2376,9860.0,11,0,0,0,1
3155,0,0.0321,56,0,0.6894,5550.0,11,0,0,0,1
3156,1,1.034,61,1,0.1639,1910.0,2,1,2,0,1
3157,0,0.1686,74,0,0.2601,7190.0,6,0,1,0,1
3158,0,0.5337,58,0,0.427,4160.0,6,0,1,0,0
3159,0,0.4637,72,0,0.4403,7470.0,4,0,0,0,0
3160,0,0.3248,60,0,0.1981,2520.0,8,0,0,0,0
3161,0,0.1909,72,0,0.5556,3660.0,6,0,2,0,4
3162,0,0.3089,61,0,0.6264,8360.0,11,0,0,0,1
3163,1,0.1284,68,0,0.302,15630.0,2,0,0,0,0
3164,0,0.3654,31,0,1.2171,3310.0,4,0,1,0,1
3165,0,0.0024,74,0,0.5509,2700.0,10,0,0,0,0
3166,0,0.0228,39,0,0.2459,9080.0,7,0,0,0,0
3167,1,0.0373,64,2,1.1882,2310.0,8,0,0,1,1
3168,0,0.0602,42,0,0.3282,2410.0,2,0,0,0,0
3169,1,0.0917,45,0,0.5002,5770.0,5,0,2,0,4
3170,1,0.6011,61,3,0.3355,17180.0,7,0,3,1,0
3171,1,1.2464,50,0,0.6534,2950.0,1,0,0,0,1
3172,0,0.0693,59,0,0.3366,3940.0,10,0,0,0,0
3173,1,0.0235,25,0,0.3491,5250.0,1,0,0,0,2
3174,0,0.0772,66,0,0.4082,3700.0,18,0,0,0,1
3175,1,0.398,43,2,0.3325,1700.0,1,1,1,1,0
3176,0,0.5947,63,0,0.8548,7950.0,4,0,0,0,0
3177,1,0.1765,36,0,0.2113,5500.0,10,0,0,0,0
3178,0,0.1635,53,0,0.4394,6120.0,1,0,0,0,0
3179,0,0.3025,52,0,0.4741,4510.0,12,0,0,0,0
3180,1,0.4228,28,1,0.417,12180.0,8,0,0,0,2
3181,0,0.2677,46,0,0.8033,3630.0,1,0,0,0,1
3182,0,0.0097,55,0,0.1823,2580.0,12,0,2,0,0
3183,1,1.3111,66,0,0.6318,13340.0,2,0,1,0,0
3184,0,0.1676,68,0,0.2129,1310.0,12,0,0,0,3
3185,0,0.2066,41,0,0.3311,4480.0,13,0,0,0,0
3186,0,0.0314,55,0,0.2002,4700.0,7,0,1,0,0
3187,0,0.0201,30,0,0.3682,4590.0,12,0,0,0,0
3188,0,0.0229,69,2,0.3176,1940.0,1,1,0,0,0
3189,0,0.2489,67,1,1.2008,2410.0,17,0,1,1,0
3190,0,0.0208,74,0,0.5193,8730.0,18,0,2,0,2
3191,0,1.0533,47,1,0.585,11280.0,4,0,0,0,0
3192,0,0.2182,40,0,0.2312,3830.0,10,0,0,0,0
3193,0,0.2122,61,0,0.7005,2810.0,8,0,0,0,2
3194,0,0.625,60,0,1.2007,1680.0,15,0,1,0,0
3195,0,0.2065,32,0,0.7573,8640.0,5,0,0,0,1
3196,0,0.0715,50,0,0.2045,8950.0,8,0,0,0,0
3197,0,0.3664,55,0,0.3401,910.0,8,0,0,0,0
3198,0,0.0116,45,0,0.4796,1150.0,16,0,0,0,0
3199,0,0.0422,41,0,0.3178,5340.0,10,0,3,0,4
3200,0,0.2953,33,0,2.054,5770.0,15,0,1,0,0
3201,0,0.0055,43,0,0.3364,3690.0,2,0,1,0,2
3202,0,0.2653,34,0,0.4378,4820.0,2,0,2,0,1
3203,0,0.6714,37,0,0.3134,4240.0,18,0,0,0,3
3204,0,1.493,30,0,0.5163,4990.0,1,0,1,0,0
3205,0,0.5064,41,0,1.0298,2860.0,13,0,1,0,0
3206,0,0.0752,55,0,0.4814,4880.0,3,0,0,0,0
3207,0,0.1397,41,0,0.394,3280.0,10,0,1,0,0
3208,0,0.1059,28,0,0.2359,3120.0,16,0,0,0,0
3209,0,0.1138,64,0,0.928,1600.0,10,0,0,0,0
3210,0,0.3773,44,0,0.4122,4420.0,6,0,2,0,1
3211,0,0.6349,52,0,0.4017,7960.0,4,0,0,0,1
3212,0,0.1478,49,1,0.1104,4040.0,8,0,2,1,3
3213,0,0.0037,48,1,0.4163,3980.0,18,0,1,0,3
3214,0,0.1119,44,0,0.3532,10440.0,11,0,0,0,0
3215,0,0.2484,61,0,0.1502,9090.0,9,0,1,0,3
3216,0,0.0832,67,0,0.8136,13920.0,13,0,0,0,0
3217,0,0.1487,69,0,0.3259,19040.0,11,0,0,0,1
3218,0,0.5895,44,0,1.4012,5090.0,9,0,0,0,1
3219,0,0.0961,39,0,1.0499,2450.0,4,0,0,0,0
3220,0,0.2181,25,0,0.2917,3600.0,9,0,0,0,2
3221,0,0.2407,44,0,1.0218,6930.0,6,0,0,0,0
3222,1,0.6254,74,0,1.181,11660.0,7,0,2,0,0
3223,0,0.1683,35,0,0.3213,2620.0,6,0,2,0,1
3224,0,0.2789,66,0,0.2418,5730.0,2,0,0,0,0
3225,1,0.1387,61,0,0.1233,3050.0,10,0,0,0,0
3226,0,0.151,56,0,0.5645,4500.0,3,0,2,0,1
3227,1,1.5777,51,0,0.2506,4460.0,8,0,0,0,0
3228,0,0.2291,61,0,0.5748,6180.0,17,0,2,0,0
3229,0,1.2825,26,0,0.3196,16640.0,17,0,1,0,0
3230,0,0.1935,27,0,0.2814,6540.0,19,0,1,0,1
3231,0,0.0167,31,0,0.3208,3800.0,3,0,0,0,0
3232,0,0.0351,62,0,0.206,3440.0,16,0,0,0,1
3233,1,0.0127,44,0,0.3207,4380.0,16,0,1,0,1
3234,0,0.3512,32,0,0.2888,2910.0,6,0,0,0,0
3235,0,0.2768,23,0,0.4455,5340.0,7,0,2,0,3
3236,0,0.0815,47,1,0.4783,1160.0,4,0,0,0,1
3237,0,0.4266,42,0,0.2363,4330.0,19,0,1,0,0
3238,0,0.5583,30,0,0.8698,4540.0,10,0,1,0,4
3239,0,0.2763,22,0,0.4083,2450.0,6,0,0,0,0
3240,0,0.1865,61,0,1.1068,3910.0,2,0,1,0,0
3241,1,0.1393,63,4,0.5193,9620.0,10,1,1,0,0
3242,0,0.0792,34,0,0.4684,10050.0,18,0,2,0,1
3243,0,0.2274,47,0,0.3347,3570.0,8,0,0,0,0
3244,0,0.3182,34,0,0.6498,6730.0,15,0,1,0,0
3245,0,0.2195,43,0,0.4585,2000.0,7,0,1,0,1
3246,0,0.2477,26,0,0.7521,4110.0,19,0,1,0,0
3247,0,1.1997,72,0,1.1768,5640.0,13,0,2,0,0
3248,0,0.9254,59,0,0.2905,12290.0,17,0,0,0,1
3249,0,0.1687,69,0,0.6493,10050.0,12,0,1,0,0
3250,0,0.1009,36,0,0.6383,5570.0,8,0,0,0,3
3251,0,1.8,68,0,0.5915,2840.0,1,0,1,0,1
3252,0,0.0411,48,0,0.3465,11100.0,6,0,0,0,0
3253,0,0.3946,31,0,0.3507,4010.0,5,0,0,0,0
3254,0,0.5903,38,0,0.3165,6430.0,16,0,1,0,0
3255,0,0.0069,64,0,0.3128,4570.0,11,0,0,0,1
3256,1,1.0137,62,0,0.2714,16240.0,12,0,0,0,2
3257,0,0.2045,59,0,0.422,3410.0,19,0,0,0,1
3258,0,0.3709,33,1,0.2852,8520.0,17,0,0,0,2
3259,0,0.0585,55,0,0.5836,4670.0,13,0,1,0,0
3260,0,1.0821,71,0,0.4649,6920.0,7,0,0,0,0
3261,0,0.5893,23,0,0.4973,12990.0,3,0,0,0,2
3262,0,0.3429,38,0,0.3813,1480.0,11,0,0,0,0
3263,0,0.1257,25,0,0.4683,4730.0,19,0,0,0,2
3264,0,0.377,26,0,0.3874,2870.0,9,0,0,0,0
3265,0,0.4303,74,0,0.7173,6420.0,19,0,0,0,1
3266,1,1.2647,33,3,0.3446,7440.0,4,1,0,1,0
3267,0,0.0447,30,2,0.5629,3710.0,2,0,1,0,2
3268,0,0.212,24,0,0.2052,3590.0,11,0,1,0,0
3269,0,0.0877,73,0,0.6888,5550.0,8,0,0,0,0
3270,0,0.1117,46,0,0.3212,2290.0,2,0,0,0,0
3271,0,0.9708,63,1,0.2599,6000.0,18,0,2,0,1
3272,0,0.0366,34,0,0.2269,3010.0,8,0,2,0,0
3273,0,0.5553,55,0,0.2164,7630.0,5,0,1,0,3
3274,0,1.1453,68,0,0.3366,2230.0,11,0,0,0,2
3275,1,0.0081,57,0,1.1043,3500.0,17,0,3,0,0
3276,0,0.0952,48,0,0.3054,3130.0,3,0,0,0,2
3277,0,0.147,32,0,0.1194,4110.0,7,0,0,0,3
3278,0,0.0431,33,0,0.5595,11220.0,15,0,0,0,0
3279,0,0.0262,53,0,0.2303,8160.0,13,0,0,0,2
3280,0,0.0948,45,0,0.7326,3690.0,4,0,2,0,1
3281,0,0.0681,23,0,0.349,3680.0,1,0,0,0,2
3282,0,0.3904,31,0,0.3812,8360.0,14,0,2,0,1
3283,0,0.3879,44,0,0.9216,2440.0,4,0,0,0,0
3284,0,0.4069,30,0,0.6509,4980.0,1,0,0,0,1
3285,0,0.9612,50,0,0.2127,3420.0,17,0,2,0,1
3286,0,0.03,37,0,0.2323,4430.0,14,0,0,0,1
3287,0,0.2334,36,0,0.1541,7990.0,9,0,1,0,2
3288,0,0.2075,26,0,2.1424,3290.0,8,0,0,0,1
3289,0,0.9995,48,0,0.2678,8820.0,17,0,0,0,0
3290,0,0.0801,31,0,0.9065,18390.0,16,0,1,0,0
3291,1,0.4773,55,0,0.3265,7060.0,11,0,0,0,3
3292,0,0.0695,71,1,0.2351,4670.0,11,1,2,0,2
3293,0,0.0305,70,0,0.4552,9840.0,11,0,0,0,2
3294,1,0.3317,57,0,0.3694,2530.0,8,0,0,0,0
3295,0,0.3257,64,0,0.727,12240.0,10,0,1,0,0
3296,0,1.1093,70,0,0.7324,3130.0,13,0,0,0,0
3297,1,0.0383,57,4,0.3153,18050.0,13,1,0,1,2
3298,0,0.1515,34,0,0.1894,3200.0,8,0,0,0,0
3299,0,0.8368,48,0,0.2191,7310.0,16,0,1,0,3
3300,0,0.3002,67,0,0.1142,1930.0,7,0,0,0,2
3301,0,0.5015,57,0,0.3811,4320.0,15,0,1,0,2
3302,0,0.0384,40,0,0.4462,2570.0,9,0,2,0,0
3303,0,0.0074,30,0,0.2263,2070.0,18,0,0,0,4
3304,1,0.2295,28,0,0.2105,10130.0,14,0,0,0,0
3305,0,0.127,41,1,0.445,2350.0,14,1,0,0,0
3306,0,0.3814,64,0,0.3075,3160.0,12,0,1,0,1
3307,0,0.5692,50,0,0.3954,2950.0,4,0,1,0,2
3308,0,0.8696,24,0,0.3605,9740.0,18,0,2,0,1
3309,1,0.8977,70,0,0.5216,9050.0,14,0,3,0,1
3310,0,0.4213,42,1,0.3201,10530.0,1,0,0,0,3
3311,0,0.0321,42,0,0.3351,3070.0,6,0,0,0,3
3312,1,0.1331,65,1,0.1453,11050.0,4,0,0,0,2
3313,0,0.2755,41,0,0.436,3050.0,3,0,1,0,2
3314,0,0.9812,54,1,0.4739,3120.0,10,0,0,0,0
3315,0,0.0055,70,0,0.4039,3230.0,16,0,1,0,0
3316,1,0.5523,48,0,1.415,3300.0,13,0,0,0,0
3317,0,0.1096,54,0,0.4954,4650.0,18,0,0,0,0
3318,0,0.0547,40,0,0.4091,2970.0,2,0,1,0,2
3319,0,0.0432,69,0,0.6062,5650.0,12,0,0,0,4
3320,0,0.184,25,0,1.5963,1030.0,6,0,3,0,0
3321,1,0.8615,35,0,0.5229,5640.0,1,0,1,0,2
3322,1,0.4252,74,0,0.1184,2560.0,19,0,1,0,1
3323,0,0.6495,47,0,0.5823,3290.0,3,0,0,0,1
3324,0,0.3285,30,0,0.2651,3340.0,7,0,0,0,0
3325,0,0.2425,43,1,0.1418,8660.0,10,0,1,0,1
3326,1,1.8,34,0,1.2443,6650.0,8,0,1,0,1
3327,0,0.6409,49,0,1.0929,4450.0,3,0,1,0,1
3328,0,0.7994,33,2,0.261,3200.0,5,0,2,1,3
3329,0,0.0002,42,0,0.2621,7860.0,13,0,1,0,0
3330,0,0.0195,70,0,0.4947,14430.0,1,0,0,0,0
3331,0,0.3368,25,0,0.2642,4830.0,2,0,0,0,1
3332,0,0.816,62,2,0.4144,1880.0,6,1,0,1,0
3333,0,0.4483,25,0,0.2929,3220.0,19,0,0,0,0
3334,0,0.0024,45,0,0.3534,6870.0,4,0,0,0,0
3335,0,0.4841,57,0,0.1935,3770.0,13,0,0,0,2
3336,0,0.5635,72,0,0.738,2940.0,8,0,1,0,0
3337,0,1.5152,34,0,0.9252,2860.0,10,0,0,0,0
3338,0,0.0017,23,2,0.4231,5190.0,5,1,0,1,1
3339,0,0.0344,61,0,0.4397,1960.0,18,0,0,0,0
3340,0,0.6744,69,0,0.6554,4810.0,8,0,1,0,0
3341,0,0.4036,51,0,0.4498,5180.0,1,0,0,0,3
3342,0,0.1709,24,1,1.2684,3750.0,6,0,0,0,0
3343,0,0.2396,48,0,0.204,2630.0,7,0,1,0,3
3344,0,0.2786,42,0,0.7532,9050.0,18,0,0,0,3
3345,0,0.8746,45,0,0.4196,2210.0,1,0,0,0,0
3346,0,0.6887,23,0,0.2293,5450.0,6,0,1,0,1
3347,0,0.2385,38,0,1.7302,7610.0,4,0,3,0,0
3348,0,0.2105,74,0,1.8797,5410.0,4,0,1,0,0
3349,0,0.1747,23,0,0.3966,10290.0,19,0,0,0,1
3350,0,0.3064,70,0,0.5867,2490.0,15,0,1,0,0
3351,0,0.5522,48,0,0.3387,3060.0,18,0,1,0,2
3352,0,0.4797,52,0,0.373,3730.0,16,0,2,0,1
3353,1,0.7793,71,0,0.2278,35400.0,17,0,0,0,1
3354,0,0.3238,32,0,0.2084,6670.0,11,0,3,0,2
3355,0,0.374,74,0,1.3586,7460.0,10,0,1,0,0
3356,0,0.2214,35,0,0.439,7270.0,7,0,1,0,0
3357,0,0.7668,39,0,0.4632,5150.0,2,0,1,0,1
3358,0,1.6088,45,0,0.2763,9220.0,16,0,0,0,2
3359,0,0.1787,53,0,0.5036,1600.0,8,0,0,0,2
3360,0,0.4375,38,2,0.1823,5800.0,13,1,0,1,2
3361,0,0.0808,63,0,0.2825,6350.0,19,0,0,0,1
3362,0,0.3173,22,0,0.2187,9060.0,8,0,0,0,0
3363,0,0.5017,56,0,0.976,2460.0,3,0,2,0,0
3364,1,0.1247,56,0,0.1668,2570.0,8,0,0,0,1
3365,0,0.2241,49,0,0.2215,2670.0,19,0,1,0,1
3366,0,1.1667,54,1,0.1315,6720.0,1,0,0,0,0
3367,0,0.0014,61,0,0.2634,6780.0,5,0,1,0,0
3368,0,0.7866,69,0,0.3411,2780.0,2,0,0,0,4
3369,0,1.2559,32,0,0.8079,15500.0,15,0,0,0,0
3370,1,0.3931,46,0,0.3933,5840.0,3,0,0,0,0
3371,0,0.3765,51,0,0.3512,5300.0,6,0,3,0,1
3372,0,0.1923,39,0,0.5379,4340.0,5,0,0,0,3
3373,1,0.7494,73,1,0.3445,8590.0,1,0,1,0,0
3374,0,0.3811,48,0,1.9078,6210.0,18,0,0,0,2
3375,0,0.3095,53,0,0.3152,15270.0,8,0,0,0,0
3376,0,0.242,31,0,0.5759,2370.0,16,0,2,0,0
3377,0,0.4007,43,0,0.7378,1940.0,10,0,1,0,0
3378,0,0.0007,54,2,0.3098,3150.0,1,1,0,0,2
3379,0,0.1397,44,0,0.4962,6850.0,4,0,1,0,0
3380,0,0.2764,62,1,0.3327,3800.0,1,0,0,0,0
3381,0,0.3049,28,1,0.5296,10540.0,5,1,1,0,2
3382,0,0.2213,29,0,0.4774,3880.0,12,0,0,0,2
3383,0,0.781,39,0,0.4131,9410.0,3,0,2,0,0
3384,0,0.4104,38,0,0.2246,2990.0,8,0,3,0,4
3385,0,0.3329,65,0,1.3747,9990.0,1,0,0,0,3
3386,0,1.185,67,0,0.6388,11180.0,16,0,1,0,0
3387,0,0.7168,46,0,0.1732,3500.0,7,0,2,0,0
3388,0,0.8469,48,1,0.3492,6590.0,19,1,1,0,0
3389,0,0.6627,36,0,0.1752,5770.0,7,0,1,0,1
3390,0,0.4382,49,1,0.7098,6700.0,10,0,1,0,0
3391,1,0.5423,59,1,0.4435,10620.0,10,0,0,0,1
3392,0,0.1611,60,1,0.4504,8810.0,4,1,0,0,2
3393,0,0.0656,73,0,0.2711,6690.0,15,0,0,0,0
3394,0,0.4693,52,0,0.3718,7320.0,17,0,0,0,0
3395,0,0.0368,39,0,0.7206,2290.0,17,0,0,0,0
3396,0,0.367,24,0,0.8466,4800.0,9,0,0,0,1
3397,0,0.02,58,0,0.7467,2540.0,15,0,0,0,1
3398,0,0.3765,64,0,0.1771,4860.0,8,0,0,0,0
3399,0,0.0575,50,0,0.4019,9610.0,3,0,0,0,1
3400,0,0.2011,70,0,0.5231,4890.0,14,0,0,0,0
3401,0,0.112,38,2,0.2891,1090.0,8,1,1,0,0
3402,0,0.2329,23,0,0.1661,2620.0,8,0,3,0,1
3403,0,0.178,55,1,0.2076,6960.0,2,0,1,0,1
3404,0,0.043,27,0,1.105,3560.0,5,0,2,0,0
3405,0,0.0396,25,0,0.2198,7870.0,8,0,3,0,2
3406,0,0.0208,58,0,0.4623,2380.0,15,0,1,0,0
3407,0,0.2585,44,0,0.4091,6180.0,8,0,1,0,0
3408,0,0.03,53,0,0.4097,6370.0,4,0,1,0,0
3409,0,0.144,61,1,0.3709,7890.0,8,0,0,0,0
3410,0,0.1346,41,1,0.7214,3320.0,1,0,0,0,1
3411,0,0.1546,53,0,0.459,7850.0,9,0,0,0,0
3412,0,0.2871,50,0,0.3087,12140.0,10,0,0,0,0
3413,0,0.0944,52,0,0.4634,1260.0,14,0,0,0,3
3414,0,0.1696,58,0,0.2088,5070.0,1,0,0,0,0
3415,0,1.6559,41,0,0.5978,1660.0,13,0,1,0,0
3416,0,0.6448,48,0,0.2986,2930.0,16,0,0,0,0
3417,0,0.8979,52,0,0.3091,3080.0,16,0,1,0,0
3418,0,0.1931,28,0,0.6113,4720.0,19,0,0,0,1
3419,0,0.0998,32,0,0.3519,6160.0,13,0,0,0,1
3420,0,0.2513,25,0,0.364,8460.0,19,0,0,0,0
3421,0,0.1614,31,0,0.9054,5760.0,7,0,1,0,0
3422,0,0.7008,44,0,0.2506,7360.0,3,0,0,0,1
3423,0,0.7707,71,0,0.6059,2570.0,1,0,3,0,1
3424,0,0.3389,70,0,0.7943,9260.0,18,0,1,0,0
3425,0,0.2381,62,1,0.905,680.0,3,0,1,0,0
3426,1,0.1893,51,0,1.6585,12280.0,3,0,0,0,0
3427,0,0.2835,31,1,0.3057,11030.0,14,1,1,0,1
3428,0,0.0597,40,0,0.2669,7710.0,7,0,0,0,0
3429,0,0.8383,62,0,0.7337,18720.0,10,0,1,0,1
3430,0,0.1278,70,0,0.7899,1670.0,2,0,0,0,0
3431,0,0.1204,72,0,0.2796,7850.0,9,0,1,0,4
3432,0,1.195,41,0,0.601,5330.0,16,0,2,0,1
3433,0,0.9098,47,0,2.3037,5690.0,11,0,0,0,0
3434,0,0.4747,48,0,0.4785,2450.0,5,0,0,0,0
3435,0,0.0759,24,0,0.782,6230.0,3,0,1,0,2
3436,0,0.36,27,0,1.1572,6060.0,13,0,1,0,0
3437,0,0.3589,23,0,2.0183,3250.0,14,0,0,0,0
3438,0,0.0641,60,0,0.5207,4720.0,15,0,0,0,2
3439,1,0.0491,33,2,0.953,2230.0,3,0,3,0,3
3440,0,0.0685,58,0,0.28,3880.0,8,0,2,0,0
3441,0,0.291,41,0,0.4561,8750.0,2,0,0,0,0
3442,0,0.0507,63,0,0.3437,8850.0,15,0,1,0,1
3443,0,0.0761,27,0,0.145,7790.0,5,0,0,0,0
3444,0,0.1755,38,0,0.1717,8740.0,7,0,0,0,3
3445,0,0.2341,32,0,0.5816,8810.0,11,0,0,0,3
3446,0,0.4117,44,3,0.5885,3340.0,3,0,0,0,2
3447,0,0.0741,51,1,0.2405,6030.0,15,1,0,1,0
3448,0,1.0026,30,0,1.1439,9430.0,9,0,1,0,3
3449,0,0.1194,57,1,0.2308,2150.0,11,0,0,0,1
3450,1,0.459,73,0,0.5243,2140.0,14,0,1,0,0
3451,1,0.0118,23,4,0.3502,2070.0,13,1,1,1,1
3452,0,0.2229,25,0,0.4791,1680.0,1,0,0,0,3
3453,1,0.1229,72,4,0.7704,2620.0,2,1,0,1,0
3454,0,0.5588,56,0,0.7078,3590.0,16,0,0,0,1
3455,0,0.7927,70,0,0.6871,12180.0,17,0,1,0,0
3456,0,0.3833,59,2,0.6364,3780.0,5,0,0,0,1
3457,0,1.8,59,0,0.2094,1980.0,1,0,1,0,0
3458,0,0.0421,29,0,0.8876,5430.0,13,0,1,0,0
3459,0,0.3328,48,0,0.2378,4390.0,19,0,1,0,0
3460,0,0.172,40,0,0.4216,3070.0,3,0,0,0,2
3461,0,0.3017,66,0,0.3639,3450.0,2,0,3,0,0
3462,0,0.0866,23,0,0.5544,9320.0,8,0,0,0,0
3463,0,0.5333,21,0,0.3359,2110.0,12,0,0,0,2
3464,0,0.5001,51,0,0.4086,1810.0,9,0,1,0,2
3465,0,0.1574,73,0,1.1869,6500.0,9,0,2,0,1
3466,1,0.0751,74,1,0.2066,3400.0,9,0,1,0,0
3467,0,0.267,53,0,0.4487,12470.0,19,0,1,0,0
3468,1,0.3198,44,0,0.2303,4480.0,6,0,1,0,0
3469,1,0.3263,35,0,0.6734,4630.0,2,0,1,0,3
3470,1,0.3063,74,1,0.2905,7880.0,11,1,0,0,1
3471,0,0.0667,30,0,0.4598,1800.0,10,0,0,0,0
3472,0,0.3179,27,0,0.2029,6020.0,6,0,0,0,3
3473,0,0.2139,48,1,0.9752,3950.0,19,0,1,0,0
3474,0,0.7723,42,0,0.4694,9100.0,4,0,0,0,0
3475,0,0.0004,47,0,0.488,3330.0,3,0,0,0,0
3476,0,0.0438,69,0,0.7389,5460.0,3,0,0,0,0
3477,0,0.2065,35,0,0.2121,3960.0,18,0,1,0,1
3478,0,0.312,68,0,0.3107,6300.0,17,0,1,0,0
3479,0,0.2572,32,0,0.4976,4230.0,19,0,1,0,0
3480,0,0.4316,38,1,0.1561,5750.0,3,1,0,0,3
3481,0,0.1003,21,0,0.1665,14070.0,1,0,0,0,1
3482,0,0.172,57,0,0.2745,4140.0,8,0,1,0,2
3483,0,0.2037,67,0,0.2266,6260.0,10,0,0,0,0
3484,0,0.4141,68,0,0.3656,19380.0,5,0,0,0,3
3485,0,0.8772,30,0,0.6147,6210.0,12,0,2,0,1
3486,0,0.3834,62,0,0.7046,1140.0,12,0,0,0,0
3487,0,0.0172,28,0,1.3306,3300.0,13,0,0,0,3
3488,0,0.1931,54,1,0.4433,2390.0,7,1,0,0,0
3489,0,0.2807,58,0,0.4929,8550.0,1,0,0,0,2
3490,0,0.0413,29,0,0.4427,4650.0,6,0,0,0,1
3491,0,0.0744,26,0,0.5445,9300.0,4,0,0,0,0
3492,0,0.2902,24,0,0.5706,7090.0,19,0,0,0,2
3493,0,0.2045,59,0,0.7814,7080.0,16,0,2,0,0
3494,0,0.6342,54,0,0.7795,2360.0,19,0,1,0,1
3495,0,0.5362,27,0,0.6136,6650.0,15,0,0,0,0
3496,0,0.7704,48,0,1.1119,11160.0,3,0,2,0,0
3497,0,0.055,63,0,0.4566,2060.0,9,0,1,0,0
3498,0,0.5552,33,0,0.3113,4060.0,14,0,0,0,0
3499,0,0.0472,53,0,0.3434,6080.0,2,0,0,0,0
3500,0,0.0442,36,0,0.4217,5210.0,17,0,0,0,1
3501,0,0.1204,35,0,0.2345,11640.0,17,0,1,0,3
3502,0,0.0625,42,0,0.311,7610.0,19,0,1,0,1
3503,0,0.4583,40,0,0.2268,6270.0,6,0,1,0,1
3504,0,0.0351,47,1,0.5523,8030.0,6,0,0,0,0
3505,0,0.5569,32,1,0.5556,7770.0,12,0,0,0,0
3506,1,0.122,42,2,0.1555,5040.0,15,1,0,0,2
3507,0,0.5651,54,0,0.3035,3970.0,6,0,1,0,3
3508,1,0.2528,41,0,1.3433,8900.0,7,0,0,0,0
3509,0,0.3749,56,0,0.6556,3150.0,7,0,0,0,0
3510,0,0.0202,27,0,0.5901,4710.0,12,0,0,0,1
3511,0,0.5062,28,0,0.3016,2460.0,3,0,1,0,1
3512,1,0.1548,67,0,0.5339,7620.0,10,0,1,0,0
3513,0,0.0574,45,0,0.4454,10300.0,5,0,0,0,0
3514,0,0.1447,53,0,0.2786,2800.0,14,0,0,0,0
3515,0,0.181,60,2,0.3341,4480.0,15,0,1,1,0
3516,0,0.1044,28,0,0.3387,3680.0,18,0,1,0,0
3517,0,0.2592,73,0,0.1839,9370.0,7,0,0,0,1
3518,0,0.5905,43,0,0.2031,11500.0,3,0,1,0,2
3519,0,0.2043,69,0,0.3986,3690.0,5,0,1,0,1
3520,0,0.0596,43,1,0.2701,770.0,5,0,0,1,0
3521,1,0.1905,42,1,0.3751,9820.0,1,1,1,0,0
3522,0,0.1298,53,0,0.1715,5050.0,12,0,0,0,3
3523,0,0.0361,31,0,0.7267,5060.0,13,0,1,0,0
3524,0,0.0841,53,0,1.5656,8760.0,7,0,1,0,3
3525,0,0.1649,74,0,0.8323,3950.0,6,0,0,0,0
3526,0,0.3083,55,0,0.8854,3370.0,11,0,0,0,0
3527,0,0.6995,24,0,0.6542,3970.0,3,0,1,0,0
3528,0,0.0147,58,0,0.527,6590.0,15,0,1,0,1
3529,0,0.0691,22,0,0.4733,8330.0,5,0,0,0,0
3530,0,0.0979,26,0,0.2596,13090.0,14,0,0,0,3
3531,0,0.5855,36,0,0.6798,6260.0,13,0,0,0,0
3532,0,0.2539,37,0,0.656,4510.0,15,0,0,0,0
3533,0,0.1224,21,0,0.3403,8360.0,11,0,3,0,0
3534,0,0.1711,21,0,0.6161,2740.0,4,0,1,0,1
3535,0,0.2638,63,0,0.2963,11520.0,1,0,0,0,4
3536,0,0.0937,45,0,0.3078,5580.0,1,0,3,0,3
3537,0,0.5959,31,0,0.7154,4280.0,3,0,0,0,0
3538,1,0.5463,44,0,0.5818,2750.0,17,0,2,0,1
3539,0,0.2565,58,0,0.391,7160.0,3,0,2,0,3
3540,0,0.8612,60,0,0.3647,4150.0,9,0,0,0,2
3541,1,0.0066,36,0,0.499,4640.0,10,0,3,0,0
3542,0,1.2853,30,0,0.1494,1800.0,13,0,1,0,3
3543,1,1.5182,72,0,0.2852,3790.0,3,0,0,0,0
3544,0,0.0602,55,0,0.2103,3490.0,2,0,0,0,0
3545,0,0.1167,74,0,0.4525,6320.0,17,0,0,0,0
3546,0,0.1926,37,0,0.8634,4190.0,14,0,1,0,2
3547,0,0.0406,27,0,0.5983,1000.0,12,0,0,0,3
3548,0,0.3289,41,0,0.3306,3830.0,2,0,0,0,2
3549,0,0.0836,38,0,0.2941,2050.0,14,0,0,0,0
3550,0,0.3462,59,0,0.2858,2630.0,15,0,0,0,0
3551,0,0.2659,59,0,1.4915,8980.0,17,0,0,0,0
3552,0,0.2279,24,1,0.4681,1780.0,2,0,0,0,0
3553,0,0.06,52,0,0.5065,5870.0,11,0,1,0,0
3554,0,0.1565,39,0,0.1266,3630.0,2,0,0,0,0
3555,0,0.5321,54,1,0.2212,3230.0,7,0,1,0,4
3556,1,0.6628,42,3,0.4376,2730.0,7,0,0,1,0
3557,0,0.0433,50,0,0.3332,5950.0,3,0,0,0,0
3558,0,0.0281,59,0,0.4867,6370.0,5,0,2,0,0
3559,0,0.1815,36,0,0.4828,1750.0,18,0,0,0,1
3560,0,0.0386,31,0,0.6442,9800.0,19,0,0,0,1
3561,1,0.6496,59,1,0.1464,2410.0,10,1,0,0,0
3562,1,0.6856,72,0,0.2315,6210.0,9,0,0,0,2
3563,0,0.4648,44,1,0.4233,2420.0,19,0,0,0,0
3564,0,0.1622,74,0,0.3047,3730.0,9,0,2,0,1
3565,0,0.0391,30,0,0.373,2280.0,9,0,0,0,1
3566,0,0.0139,65,0,0.4797,3580.0,1,0,1,0,2
3567,0,0.4047,74,0,0.2874,4360.0,3,0,0,0,0
3568,0,0.37,37,0,0.5043,2470.0,10,0,0,0,0
3569,0,0.1322,28,0,0.6228,5940.0,6,0,1,0,0
3570,0,0.3722,56,3,0.4672,6420.0,2,1,1,0,0
3571,0,0.2997,67,0,0.6924,24920.0,14,0,0,0,0
3572,0,0.031,25,0,0.122,8580.0,12,0,0,0,0
3573,0,0.1007,55,0,0.3161,9960.0,2,0,0,0,0
3574,0,0.4184,68,0,0.7675,1700.0,19,0,2,0,0
3575,0,0.2353,22,0,0.2675,1520.0,5,0,1,0,3
3576,0,0.6276,48,0,0.2466,4110.0,7,0,2,0,0
3577,0,0.171,25,0,0.4165,14360.0,4,0,0,0,0
3578,0,0.8719,30,1,0.4447,21690.0,16,0,0,0,0
3579,0,0.5814,47,0,0.326,3250.0,19,0,1,0,1
3580,0,0.6679,38,1,1.3582,3460.0,19,0,2,0,1
3581,0,0.3423,25,0,0.5336,6810.0,2,0,1,0,0
3582,0,0.0351,64,0,0.2614,4370.0,19,0,0,0,0
3583,0,0.1205,31,0,0.1894,4430.0,2,0,0,0,0
3584,1,1.1307,67,2,0.5731,7190.0,15,1,1,0,1
3585,0,0.1049,30,0,0.2577,25070.0,13,0,1,0,0
3586,0,0.312,49,0,1.6349,10750.0,17,0,2,0,2
3587,0,0.7812,60,0,0.5809,15090.0,11,0,1,0,0
3588,0,0.7132,46,1,0.6288,1630.0,7,0,0,1,0
3589,0,0.5509,43,0,0.5216,9370.0,13,0,0,0,2
3590,0,0.5885,61,0,0.8807,2780.0,12,0,0,0,0
3591,0,0.4708,21,0,0.1068,13440.0,4,0,0,0,0
3592,0,0.5212,65,0,0.2183,11100.0,13,0,1,0,0
3593,0,0.207,58,0,0.8357,7060.0,14,0,0,0,0
3594,0,0.5095,62,0,1.1056,3150.0,5,0,0,0,0
3595,0,0.2088,43,1,0.2141,3680.0,13,0,0,1,0
3596,0,0.7558,41,0,0.1509,3860.0,6,0,2,0,1
3597,1,0.2148,51,4,0.4968,7770.0,11,1,1,1,0
3598,0,0.5229,55,0,0.6012,6260.0,7,0,0,0,1
3599,0,0.2492,70,0,0.4909,11520.0,13,0,1,0,0
3600,0,0.0409,67,0,0.4335,12920.0,2,0,2,0,1
3601,0,1.0797,23,0,0.1479,2960.0,4,0,1,0,0
3602,0,0.1617,29,0,0.3588,6540.0,9,0,0,0,0
3603,1,0.1125,72,1,0.3924,6490.0,13,1,0,0,2
3604,0,0.0292,41,0,0.3234,4640.0,15,0,1,0,0
3605,0,0.2105,52,0,0.1421,8650.0,4,0,0,0,2
3606,0,0.1932,24,0,0.6382,6600.0,13,0,0,0,0
3607,0,0.8061,26,0,0.7554,3480.0,19,0,0,0,2
3608,0,0.4731,43,1,0.2789,4510.0,12,0,0,0,2
3609,0,0.0652,59,0,0.4019,3990.0,1,0,0,0,0
3610,0,0.1783,62,1,0.3335,3180.0,12,0,0,0,0
3611,0,0.3125,69,0,0.3354,4670.0,8,0,0,0,3
3612,1,0.9114,31,0,0.604,2260.0,1,0,1,0,0
3613,0,0.0179,31,0,0.6129,6530.0,8,0,2,0,0
3614,0,0.1502,50,0,0.8563,11410.0,1,0,0,0,0
3615,0,0.0799,50,0,0.8457,5070.0,3,0,1,0,0
3616,0,0.275,22,0,0.4053,8670.0,4,0,0,0,1
3617,0,0.2576,45,0,2.4726,5390.0,5,0,1,0,0
3618,0,0.4559,69,0,1.1388,2660.0,18,0,0,0,3
3619,0,0.2402,29,0,0.3027,16390.0,5,0,2,0,0
3620,0,0.311,65,0,0.4848,1150.0,17,0,0,0,1
3621,0,0.2769,45,0,0.1365,4950.0,4,0,0,0,0
3622,0,0.0496,49,0,0.4567,3100.0,11,0,1,0,1
3623,0,0.0943,55,3,1.2266,12700.0,7,0,1,1,0
3624,0,0.1118,59,0,2.384,5590.0,8,0,0,0,3
3625,0,1.8,55,0,0.4178,22770.0,10,0,0,0,2
3626,0,0.0394,26,0,0.5493,5020.0,19,0,1,0,0
3627,0,0.0589,36,0,0.6461,3110.0,14,0,3,0,0
3628,0,0.0063,66,0,1.4738,1760.0,2,0,1,0,0
3629,0,0.2419,23,0,0.2491,9550.0,18,0,0,0,0
3630,1,0.4942,59,0,2.2107,2980.0,2,0,2,0,2
3631,0,0.4512,49,0,0.3715,3820.0,9,0,1,0,2
3632,0,0.2748,27,0,0.2227,10270.0,12,0,1,0,1
3633,0,0.2835,27,0,0.3719,9250.0,11,0,0,0,1
3634,0,0.2113,73,0,0.2764,3410.0,11,0,0,0,0
3635,0,0.2578,22,1,0.5778,3740.0,14,0,0,0,0
3636,0,0.4009,22,0,0.1667,1710.0,19,0,1,0,0
3637,0,1.6219,21,0,0.4892,1430.0,5,0,0,0,0
3638,0,0.81,54,0,0.6692,7770.0,16,0,1,0,1
3639,0,0.6071,71,0,1.0938,8300.0,1,0,0,0,0
3640,0,0.8265,30,0,0.6759,6090.0,18,0,1,0,1
3641,0,0.0486,63,0,1.0542,5500.0,8,0,0,0,0
3642,1,0.6119,59,0,0.3124,3220.0,14,0,2,0,2
3643,0,0.8909,33,0,0.5692,11860.0,5,0,1,0,1
3644,0,0.0251,24,0,0.1179,1690.0,18,0,1,0,0
3645,0,0.1337,47,0,0.4196,3710.0,11,0,0,0,2
3646,0,0.4939,25,0,0.5667,5410.0,14,0,0,0,1
3647,0,0.1061,27,0,0.5983,4910.0,5,0,1,0,2
3648,0,0.118,46,0,0.1747,4910.0,10,0,1,0,1
3649,0,0.5263,65,0,0.3555,3600.0,15,0,1,0,0
3650,0,0.5123,74,0,0.3866,6800.0,12,0,0,0,1
3651,0,0.0396,54,0,0.3473,2370.0,4,0,1,0,0
3652,0,0.1692,35,0,0.6942,4510.0,18,0,1,0,2
3653,0,0.1764,38,1,0.3945,6370.0,5,0,1,0,0
3654,0,0.0516,54,0,0.4769,4030.0,2,0,0,0,0
3655,0,0.1128,30,0,0.335,4930.0,13,0,1,0,0
3656,0,0.0115,49,0,0.8512,5590.0,11,0,1,0,0
3657,1,0.116,62,0,0.8901,1710.0,9,0,1,0,0
3658,0,0.2059,66,0,0.3734,1810.0,8,0,1,0,1
3659,1,0.1415,24,3,2.4852,5330.0,1,0,0,0,0
3660,0,0.5317,36,2,0.2837,3410.0,13,1,1,0,0
3661,0,0.5428,34,0,0.8223,3540.0,5,0,1,0,0
3662,0,0.2896,50,0,0.254,6910.0,12,0,1,0,0
3663,0,0.1272,31,0,0.7145,2720.0,18,0,0,0,0
3664,0,0.0149,72,1,0.6818,1160.0,8,0,1,0,0
3665,0,0.0506,70,0,0.2449,13280.0,11,0,0,0,0
3666,1,0.5177,38,0,0.4155,10160.0,14,0,0,0,1
3667,0,0.0277,42,0,1.378,10080.0,12,0,0,0,0
3668,0,0.0147,44,0,0.2757,2510.0,11,0,1,0,0
3669,0,0.1744,23,0,0.5718,4690.0,9,0,0,0,0
3670,0,0.6475,68,0,0.5495,2300.0,4,0,1,0,0
3671,0,0.3964,63,0,0.4381,4740.0,13,0,2,0,0
3672,0,0.6067,38,0,0.159,3990.0,13,0,1,0,0
3673,0,0.1528,50,0,0.7387,2570.0,8,0,1,0,2
3674,0,0.2271,41,0,0.4525,6650.0,1,0,0,0,1
3675,0,0.1865,33,0,0.8714,4210.0,1,0,0,0,0
3676,0,0.4109,37,0,0.5164,13820.0,16,0,0,0,1
3677,0,0.1875,26,0,0.4671,5170.0,3,0,2,0,0
3678,0,0.452,64,1,0.5619,1070.0,18,0,1,0,0
3679,0,0.1694,56,0,0.2484,1660.0,2,0,0,0,1
3680,0,0.1438,71,0,1.1444,17280.0,2,0,2,0,1
3681,0,0.2613,21,0,0.3587,3960.0,5,0,1,0,0
3682,0,0.0856,55,1,0.3615,5680.0,5,0,1,0,0
3683,0,1.8,51,0,0.9757,4940.0,7,0,0,0,1
3684,0,0.2469,54,0,0.5212,11500.0,3,0,1,0,0
3685,0,0.2822,74,0,0.3899,1570.0,3,0,0,0,1
3686,1,0.274,42,0,0.576,10910.0,15,0,0,0,0
3687,0,0.0093,28,1,0.6542,10470.0,18,0,0,0,2
3688,1,0.3028,21,0,0.4185,4930.0,2,0,1,0,3
3689,1,0.4707,47,0,0.7815,6300.0,12,0,1,0,3
3690,0,0.2508,30,0,0.2096,3930.0,11,0,0,0,0
3691,0,0.3013,28,1,0.5258,1790.0,14,0,0,0,0
3692,1,0.2545,28,3,0.7263,6960.0,8,1,0,1,0
3693,0,0.5312,35,0,0.6525,5700.0,5,0,0,0,0
3694,0,0.1636,27,0,0.1171,5770.0,15,0,3,0,2
3695,0,0.1241,47,0,0.4165,6560.0,13,0,1,0,1
3696,0,0.2022,56,0,0.2169,3420.0,13,0,0,0,1
3697,0,0.2627,36,0,0.9719,12040.0,3,0,1,0,3
3698,0,0.2115,28,0,0.3554,4940.0,11,0,1,0,1
3699,0,0.2221,51,0,0.9092,6800.0,18,0,0,0,3
3700,0,0.3029,25,0,0.2165,4170.0,10,0,1,0,1
3701,0,0.009,60,0,0.568,9230.0,17,0,0,0,0
3702,0,1.3176,41,0,0.4515,5230.0,15,0,0,0,0
3703,0,0.2122,43,1,2.3595,4670.0,8,1,1,0,2
3704,1,0.273,34,0,0.911,10140.0,10,0,2,0,0
3705,0,0.5386,36,0,0.8766,1750.0,6,0,0,0,0
3706,0,0.2023,28,0,1.5169,4150.0,8,0,1,0,1
3707,1,0.3555,51,0,0.5327,3400.0,4,0,1,0,0
3708,0,1.2113,28,0,0.4233,6150.0,1,0,1,0,0
3709,0,0.295,57,0,0.3953,5940.0,14,0,0,0,0
3710,0,0.6045,34,0,0.547,4880.0,6,0,0,0,1
3711,0,0.4155,51,0,0.0853,3200.0,18,0,0,0,1
3712,0,0.2072,49,0,0.45,4840.0,8,0,0,0,3
3713,0,0.2392,55,0,0.5148,5970.0,13,0,2,0,2
3714,0,0.0698,61,0,0.4092,4420.0,11,0,0,0,1
3715,0,0.2888,51,0,0.1793,9550.0,5,0,2,0,2
3716,1,0.2176,67,0,0.4107,7100.0,13,0,0,0,0
3717,0,0.1788,34,0,0.179,4970.0,9,0,0,0,4
3718,0,0.072,61,0,1.3025,1200.0,19,0,0,0,3
3719,0,0.2248,39,0,0.385,4310.0,8,0,1,0,0
3720,0,0.7949,54,0,0.1303,7170.0,6,0,0,0,2
3721,1,0.07,47,4,0.397,4160.0,1,1,2,1,0
3722,0,0.2586,70,0,0.7689,5900.0,11,0,0,0,1
3723,0,0.1052,35,0,0.4994,4300.0,10,0,2,0,0
3724,0,0.135,49,0,0.2597,5650.0,15,0,0,0,3
3725,0,0.0116,29,0,0.2991,11390.0,4,0,1,0,2
3726,1,0.7029,55,1,0.3783,7880.0,6,0,0,0,2
3727,0,0.0429,22,0,0.3451,2260.0,5,0,1,0,0
3728,1,0.2582,43,0,0.211,1820.0,11,0,1,0,0
3729,0,0.2676,21,2,0.4315,6410.0,6,0,0,0,0
3730,1,0.3421,38,2,0.2018,9900.0,8,0,0,0,2
3731,0,0.063,47,4,0.7941,1810.0,18,1,0,0,0
3732,0,0.5439,38,0,0.8544,4330.0,8,0,1,0,0
3733,0,0.157,41,0,0.2461,20410.0,19,0,1,0,0
3734,0,0.2008,29,0,0.2923,4180.0,2,0,0,0,3
3735,0,0.0546,59,0,0.3486,22370.0,9,0,0,0,3
3736,0,0.0728,64,0,0.4409,3000.0,1,0,0,0,3
3737,0,0.0197,45,0,0.5242,3330.0,11,0,1,0,0
3738,0,0.0009,23,0,0.5932,3220.0,6,0,0,0,3
3739,0,0.6942,24,0,0.585,2280.0,4,0,0,0,4
3740,0,0.0116,57,0,1.1415,1780.0,18,0,1,0,3
3741,0,0.2096,71,0,0.4659,4300.0,13,0,0,0,0
3742,1,0.8335,67,1,0.2057,5360.0,4,0,0,0,0
3743,0,0.2239,42,0,0.1711,3200.0,14,0,0,0,2
3744,0,0.0531,47,0,1.199,3690.0,2,0,3,0,0
3745,0,0.8638,29,0,0.6101,11700.0,10,0,0,0,0
3746,0,0.4419,24,0,0.5086,8800.0,12,0,1,0,0
3747,0,0.0067,62,0,0.5883,4210.0,3,0,1,0,2
3748,0,0.5306,44,1,0.4947,6360.0,19,0,1,0,0
3749,0,0.4254,47,0,0.5827,1840.0,2,0,1,0,0
3750,0,0.6384,39,0,0.3593,5780.0,2,0,3,0,1
3751,0,0.3694,37,0,0.8463,4730.0,10,0,0,0,0
3752,0,0.0802,74,0,0.3279,3930.0,15,0,1,0,0
3753,1,0.3763,65,0,0.2613,5010.0,11,0,0,0,0
3754,0,0.4389,58,0,0.1629,4550.0,3,0,0,0,1
3755,1,0.5688,42,0,0.3896,2230.0,2,0,2,0,0
3756,0,0.177,59,0,0.9613,13470.0,3,0,3,0,1
3757,0,0.2015,39,0,0.3415,8690.0,19,0,1,0,1
3758,1,0.2646,48,0,0.1965,3890.0,18,0,0,0,0
3759,0,0.2392,28,0,0.5331,1710.0,2,0,1,0,0
3760,0,0.2025,59,0,0.304,1130.0,14,0,3,0,0
3761,0,0.115,24,0,1.1376,16360.0,16,0,2,0,0
3762,0,0.059,60,0,0.8562,4430.0,11,0,1,0,0
3763,0,0.3737,53,0,0.2096,7770.0,3,0,0,0,0
3764,1,0.5364,24,0,0.4048,2780.0,4,0,0,0,1
3765,0,0.2529,48,0,0.2856,4090.0,14,0,0,0,0
3766,0,0.234,33,1,0.224,4210.0,11,0,0,0,0
3767,0,0.9556,46,0,0.4345,5680.0,4,0,0,0,3
3768,0,0.4137,21,0,0.7341,5190.0,2,0,0,0,1
3769,1,0.2192,59,0,0.4278,2830.0,9,0,1,0,0
3770,0,0.1839,48,0,0.3297,2810.0,8,0,1,0,0
3771,0,0.1639,40,0,0.1196,4680.0,19,0,1,0,3
3772,0,0.2967,68,0,0.3013,1720.0,14,0,0,0,4
3773,0,0.2966,55,0,0.6257,3000.0,9,0,0,0,0
3774,0,0.553,53,0,0.2009,4480.0,11,0,2,0,2
3775,0,0.0837,28,0,0.97,6240.0,10,0,3,0,1
3776,0,0.5659,48,0,0.3166,12110.0,13,0,3,0,0
3777,0,0.3985,58,0,0.5047,3690.0,12,0,2,0,2
3778,1,0.147,71,0,0.3536,5020.0,3,0,0,0,0
3779,0,0.1019,53,0,0.2218,1600.0,10,0,1,0,1
3780,1,0.3949,30,3,0.5852,6010.0,15,1,0,1,2
3781,0,0.2536,57,0,0.3139,2850.0,18,0,0,0,0
3782,0,0.0584,25,0,0.2726,4080.0,19,0,0,0,1
3783,0,0.2053,37,1,0.108,6540.0,13,0,1,0,2
3784,0,0.4275,70,0,0.9818,6710.0,18,0,0,0,2
3785,0,0.4185,64,0,0.451,2050.0,1,0,0,0,1
3786,1,0.2923,69,0,0.8728,7950.0,2,0,2,0,0
3787,0,0.411,40,0,0.6519,4800.0,4,0,0,0,2
3788,0,0.3256,57,0,0.8727,10510.0,2,0,1,0,1
3789,0,0.291,58,1,0.3203,11810.0,13,0,1,0,0
3790,0,0.1104,34,0,0.1972,12880.0,10,0,0,0,2
3791,0,0.4412,71,0,0.7101,2090.0,11,0,0,0,0
3792,0,0.2451,73,0,0.4858,6260.0,10,0,0,0,0
3793,0,0.5141,26,0,0.3397,1910.0,10,0,1,0,0
3794,0,0.3969,62,1,0.7016,10730.0,17,1,1,0,3
3795,1,0.0128,45,1,0.5406,11690.0,4,1,0,0,2
3796,0,0.2063,57,0,0.6593,8840.0,8,0,1,0,0
3797,0,0.1576,50,0,0.2433,3810.0,2,0,0,0,2
3798,0,0.1127,33,0,0.8078,6810.0,10,0,1,0,2
3799,1,0.2969,26,2,0.4481,3530.0,7,0,1,0,2
3800,0,0.0995,48,0,0.8615,4960.0,4,0,1,0,4
3801,0,0.0583,66,0,0.8033,4650.0,11,0,0,0,3
3802,0,0.0594,65,0,0.6783,1480.0,18,0,1,0,1
3803,0,0.0687,35,1,0.4203,3020.0,15,0,0,0,1
3804,0,0.2851,67,0,0.6878,19200.0,3,0,0,0,4
3805,0,0.9539,40,1,0.875,4670.0,7,0,0,1,3
3806,0,0.1353,51,0,0.6466,5410.0,18,0,0,0,0
3807,0,0.5929,38,0,0.5074,4890.0,4,0,0,0,0
3808,0,0.0682,49,0,0.6887,3840.0,17,0,2,0,0
3809,0,0.1429,49,0,0.3278,5020.0,18,0,0,0,0
3810,0,0.5889,58,0,1.1145,3850.0,1,0,3,0,0
3811,0,0.4108,46,0,0.1638,1250.0,19,0,0,0,2
3812,0,0.4204,49,3,0.4587,7880.0,15,1,1,0,0
3813,1,0.5116,56,1,0.3522,12940.0,10,0,0,0,0
3814,0,0.9736,43,0,0.3059,2440.0,7,0,2,0,0
3815,0,0.3755,49,0,0.5396,3840.0,9,0,0,0,0
3816,0,0.0506,25,0,0.2287,12090.0,5,0,0,0,0
3817,0,0.5368,67,0,1.6342,3090.0,15,0,0,0,1
3818,0,0.4835,27,0,0.1996,6200.0,8,0,1,0,4
3819,0,0.5619,68,0,0.2539,65920.0,9,0,2,0,2
3820,0,0.1219,62,0,0.2399,7180.0,18,0,1,0,0
3821,0,0.2702,72,0,0.5062,5120.0,1,0,0,0,1
3822,0,0.0258,22,0,0.8259,8340.0,8,0,2,0,0
3823,0,0.1221,32,0,0.6161,7830.0,12,0,0,0,0
3824,0,0.2022,23,1,1.087,3300.0,5,0,0,0,0
3825,0,0.1565,43,0,0.2735,1730.0,4,0,0,0,0
3826,0,0.5504,69,1,0.6671,7020.0,10,0,1,0,0
3827,0,0.1528,62,0,0.3745,7680.0,4,0,1,0,1
3828,1,1.5158,59,0,0.5152,4110.0,8,0,1,0,1
3829,0,0.1306,66,0,0.8739,13190.0,2,0,0,0,0
3830,0,0.2451,21,0,0.1628,11690.0,1,0,0,0,0
3831,0,0.0255,63,0,1.4838,7820.0,14,0,0,0,2
3832,1,0.2885,37,1,0.4118,4160.0,4,1,2,0,1
3833,1,0.1636,58,0,0.1714,1400.0,1,0,0,0,0
3834,0,1.2679,62,0,0.2965,4430.0,1,0,2,0,1
3835,0,0.2383,58,0,0.4778,1630.0,11,0,0,0,2
3836,0,0.0257,43,0,0.2965,1190.0,10,0,1,0,0
3837,0,0.0342,54,0,0.1315,7250.0,12,0,1,0,0
3838,0,0.029,46,0,0.4762,9930.0,13,0,1,0,0
3839,0,0.1322,54,0,0.2914,1520.0,13,0,1,0,1
3840,0,0.1169,45,0,0.6641,4210.0,14,0,0,0,0
3841,0,1.1531,42,0,0.2367,4860.0,17,0,0,0,1
3842,0,0.0646,31,1,1.7453,4120.0,4,0,0,0,0
3843,0,0.3587,41,0,0.6115,2150.0,2,0,1,0,0
3844,1,0.1692,59,4,0.5056,10920.0,16,1,0,1,0
3845,1,0.3738,67,0,0.653,2190.0,2,0,1,0,0
3846,0,0.1181,26,0,0.1506,1530.0,8,0,1,0,0
3847,0,0.0209,30,0,0.3335,2150.0,12,0,0,0,4
3848,0,0.0765,48,2,1.3097,6560.0,1,0,0,0,2
3849,0,0.1429,58,0,0.3708,4190.0,19,0,0,0,0
3850,0,0.7401,30,0,0.4327,3100.0,18,0,0,0,0
3851,0,0.4113,38,1,0.3396,6750.0,16,0,0,0,1
3852,0,0.0797,23,2,1.0819,6000.0,14,1,0,0,4
3853,0,0.2008,23,0,0.388,1230.0,16,0,0,0,0
3854,0,0.1249,28,0,0.212,6700.0,11,0,0,0,0
3855,0,0.0078,60,0,2.1113,9980.0,15,0,0,0,2
3856,0,0.0528,67,0,0.1969,4560.0,1,0,0,0,0
3857,0,0.4265,47,0,0.4238,4270.0,4,0,2,0,2
3858,0,0.3049,30,0,0.2712,15310.0,1,0,1,0,0
3859,0,0.1632,70,0,0.2949,3210.0,3,0,0,0,3
3860,0,0.3644,36,0,0.2379,4450.0,11,0,1,0,0
3861,1,0.5919,29,0,0.325,5990.0,15,0,1,0,1
3862,0,0.5687,28,0,0.8109,5060.0,17,0,0,0,0
3863,0,0.0472,40,0,0.1435,4170.0,4,0,1,0,2
3864,1,0.8442,60,0,0.9574,5190.0,13,0,1,0,0
3865,0,0.0598,42,0,0.8633,12600.0,15,0,2,0,1
3866,0,0.4481,45,0,0.6098,7980.0,1,0,0,0,0
3867,1,0.0367,39,2,0.4847,4700.0,7,0,0,1,0
3868,0,0.0777,71,0,0.5305,2930.0,13,0,0,0,0
3869,0,0.4592,57,0,1.0555,3170.0,3,0,0,0,3
3870,1,0.1105,56,3,0.1576,8690.0,7,1,2,1,2
3871,0,0.1062,44,0,0.6952,1890.0,9,0,3,0,0
3872,0,0.8965,49,0,0.2872,20780.0,3,0,1,0,4
3873,0,0.0576,68,1,0.7375,4820.0,2,0,0,0,1
3874,0,0.3134,56,1,0.3109,2150.0,16,0,0,0,0
3875,0,0.6072,64,0,0.6867,5480.0,2,0,0,0,3
3876,1,0.3064,23,3,0.1774,3040.0,11,1,1,0,0
3877,0,0.1743,67,0,0.1627,3820.0,8,0,0,0,0
3878,0,0.0078,72,0,0.4199,1990.0,14,0,1,0,0
3879,0,0.3878,57,0,1.0632,4260.0,17,0,3,0,4
3880,0,0.3832,72,0,0.6199,1380.0,4,0,0,0,0
3881,0,0.2888,51,0,0.6172,3430.0,18,0,3,0,1
3882,0,0.2783,35,0,0.7529,2990.0,3,0,0,0,1
3883,0,0.4057,53,0,0.3541,3640.0,17,0,0,0,1
3884,0,0.053,54,0,0.6482,3110.0,10,0,0,0,0
3885,0,0.1558,28,0,0.3173,5020.0,1,0,0,0,0
3886,0,0.7357,31,0,0.3722,8370.0,11,0,1,0,0
3887,1,0.0243,36,0,0.401,6100.0,17,0,1,0,0
3888,0,1.0312,50,0,0.3239,10720.0,12,0,1,0,0
3889,0,0.4926,28,0,0.4319,3640.0,2,0,0,0,0
3890,0,0.1447,62,0,0.3857,5970.0,15,0,1,0,0
3891,0,0.2249,26,1,0.2939,6110.0,17,1,1,0,0
3892,0,0.4156,71,2,0.413,9810.0,13,1,0,0,0
3893,0,0.0279,57,0,0.4932,3170.0,8,0,0,0,0
3894,1,0.2528,39,0,0.2323,7890.0,13,0,1,0,1
3895,0,0.3287,41,0,0.5772,2940.0,7,0,2,0,3
3896,1,0.5612,58,0,0.3341,3490.0,4,0,1,0,0
3897,0,0.6158,25,0,0.5061,3960.0,17,0,3,0,0
3898,0,0.9836,59,0,0.3014,6450.0,8,0,0,0,0
3899,0,0.2567,50,1,0.8439,2560.0,15,0,1,0,0
3900,1,0.6609,32,0,0.7975,2780.0,12,0,0,0,0
3901,1,0.1007,69,0,0.2394,3340.0,17,0,0,0,0
3902,0,0.2692,54,0,0.6157,5060.0,10,0,0,0,0
3903,0,0.3501,29,0,1.0701,2800.0,6,0,1,0,3
3904,0,0.1977,56,0,0.2544,5760.0,6,0,1,0,0
3905,1,0.305,43,0,0.2668,3970.0,10,0,1,0,0
3906,0,0.8069,62,0,0.6984,7290.0,18,0,1,0,0
3907,0,0.3655,47,0,0.2051,5100.0,4,0,0,0,4
3908,0,0.2332,74,0,0.2818,14060.0,3,0,0,0,2
3909,0,0.7609,71,0,0.2444,5290.0,5,0,0,0,0
3910,0,0.8267,23,0,0.7036,2370.0,19,0,0,0,0
3911,0,0.2874,43,0,0.2966,4330.0,12,0,0,0,2
3912,0,0.2265,31,0,0.3788,4980.0,15,0,3,0,1
3913,0,0.5775,45,0,0.2868,2850.0,11,0,2,0,1
3914,1,0.9323,28,0,0.895,12210.0,12,0,2,0,0
3915,0,0.1914,49,0,0.2683,4080.0,12,0,0,0,2
3916,0,0.2065,29,1,0.1931,3340.0,3,1,1,0,1
3917,0,0.6092,54,0,0.1886,5480.0,12,0,2,0,1
3918,0,0.239,45,0,0.6813,2850.0,11,0,0,0,0
3919,0,0.248,74,0,0.7114,8780.0,16,0,0,0,0
3920,0,0.3696,68,0,0.9504,7780.0,2,0,0,0,0
3921,1,0.0495,53,0,0.2109,5320.0,10,0,1,0,0
3922,0,0.3007,45,0,0.3911,7010.0,18,0,1,0,0
3923,0,0.0332,59,1,1.9278,3640.0,16,0,3,0,1
3924,0,0.029,57,2,0.3748,1990.0,6,0,0,0,1
3925,0,0.5101,28,0,0.3204,4040.0,14,0,0,0,0
3926,0,0.2855,41,0,0.4437,3640.0,8,0,1,0,1
3927,0,0.0066,74,0,0.6175,1450.0,16,0,0,0,4
3928,0,0.278,38,0,0.6114,2610.0,13,0,2,0,0
3929,0,0.3293,21,0,0.3108,2350.0,10,0,1,0,1
3930,0,0.0729,66,0,0.3163,2610.0,1,0,1,0,2
3931,0,0.0726,71,0,0.3761,10940.0,15,0,0,0,0
3932,0,0.0305,56,0,0.2899,6680.0,11,0,1,0,0
3933,0,0.1939,55,0,0.2142,8770.0,11,0,3,0,0
3934,0,0.3491,39,0,1.3295,6670.0,14,0,1,0,2
3935,0,1.1817,40,0,0.352,9410.0,18,0,1,0,2
3936,0,0.0907,70,0,0.3642,4990.0,4,0,1,0,1
3937,0,0.3481,67,0,0.371,12200.0,18,0,0,0,1
3938,0,0.1806,47,0,0.4281,2350.0,3,0,0,0,2
3939,1,0.325,37,0,0.5832,4720.0,13,0,2,0,0
3940,0,0.4728,31,0,0.3399,2660.0,10,0,0,0,0
3941,0,0.1678,21,0,0.8901,10350.0,15,0,0,0,0
3942,0,0.0312,47,0,0.6432,6320.0,11,0,2,0,0
3943,1,0.5277,50,1,0.4007,10020.0,12,0,1,0,0
3944,0,0.2572,57,0,0.3013,2120.0,9,0,1,0,0
3945,0,0.8065,64,0,0.8615,3420.0,13,0,0,0,1
3946,0,0.0724,40,0,0.4077,1690.0,6,0,1,0,2
3947,0,0.0491,30,0,0.2132,6100.0,6,0,0,0,1
3948,0,0.0636,66,0,0.8291,3800.0,8,0,0,0,4
3949,1,1.4249,62,1,0.2906,7730.0,4,1,0,0,3
3950,0,0.6409,49,0,0.7566,5010.0,6,0,0,0,1
3951,0,0.1066,23,0,0.0994,1370.0,2,0,0,0,0
3952,0,0.1282,46,0,0.3602,1810.0,5,0,0,0,0
3953,0,0.3451,54,0,0.9012,5160.0,8,0,0,0,0
3954,0,0.1965,67,0,0.4507,6500.0,9,0,1,0,0
3955,0,0.1163,48,0,0.6433,1300.0,12,0,0,0,0
3956,0,0.1373,45,0,0.2615,4670.0,8,0,0,0,4
3957,1,0.7253,41,1,0.5536,2670.0,12,0,2,0,4
3958,0,0.3903,43,0,0.4503,2520.0,9,0,1,0,2
3959,1,0.7295,21,1,0.52,3320.0,9,0,1,0,1
3960,0,0.9276,26,1,1.5274,5290.0,1,0,1,0,2
3961,1,0.3739,61,1,0.9829,3220.0,15,1,0,0,3
3962,1,0.3458,40,3,0.7227,1490.0,14,1,1,1,2
3963,0,0.0558,66,0,0.7282,5270.0,2,0,2,0,1
3964,0,0.2527,42,0,0.2604,3980.0,1,0,0,0,0
3965,0,0.1265,74,0,0.3387,2800.0,15,0,1,0,0
3966,0,0.8684,30,0,0.1791,4090.0,4,0,1,0,0
3967,0,0.1145,31,0,0.2098,3990.0,18,0,0,0,0
3968,0,0.1421,52,0,0.264,5050.0,16,0,0,0,0
3969,1,0.8918,64,1,0.4415,4240.0,8,0,0,1,2
3970,0,1.3636,28,0,0.2155,5430.0,19,0,2,0,1
3971,0,0.3489,48,0,0.4389,4770.0,11,0,2,0,0
3972,0,0.2898,33,0,0.4097,8040.0,19,0,0,0,0
3973,0,0.1184,60,0,0.2275,12720.0,1,0,0,0,0
3974,0,0.5131,51,0,1.1223,4870.0,12,0,2,0,0
3975,0,0.242,56,0,0.203,3380.0,16,0,1,0,0
3976,0,0.2665,35,0,0.8784,2080.0,5,0,1,0,0
3977,0,0.2344,36,0,0.1162,7240.0,16,0,0,0,1
3978,0,0.2253,55,0,0.4126,2860.0,16,0,0,0,0
3979,0,0.1161,40,0,0.219,20100.0,15,0,0,0,0
3980,0,1.4701,58,0,0.3034,26040.0,13,0,1,0,0
3981,0,0.466,29,0,1.3312,4330.0,2,0,2,0,2
3982,1,1.4244,37,2,0.3649,1810.0,19,1,1,0,1
3983,0,1.5791,26,0,0.2316,7280.0,17,0,0,0,0
3984,0,0.1629,25,1,0.602,17310.0,11,0,0,0,4
3985,0,0.2324,35,0,0.363,2240.0,8,0,2,0,0
3986,0,0.5352,47,0,0.4919,15350.0,10,0,0,0,1
3987,1,0.1431,28,4,0.2596,1620.0,19,1,0,0,0
3988,1,0.896,26,0,0.2674,2050.0,1,0,0,0,3
3989,0,0.2245,68,0,0.2801,5920.0,10,0,1,0,0
3990,0,0.1563,48,0,0.7255,9050.0,4,0,0,0,0
3991,0,0.1884,59,0,0.3922,4720.0,16,0,0,0,1
3992,0,0.0273,60,0,0.2396,6440.0,13,0,1,0,1
3993,0,0.1271,26,0,0.4951,9530.0,18,0,1,0,2
3994,1,1.4186,54,0,0.4713,10220.0,19,0,0,0,0
3995,0,0.1875,67,2,0.6339,3380.0,3,1,0,0,0
3996,0,0.1658,45,1,0.3365,2930.0,10,0,0,0,0
3997,0,0.3152,67,0,0.4289,9250.0,18,0,0,0,2
3998,0,0.3001,72,0,0.5787,6450.0,1,0,0,0,0
3999,0,0.0433,50,0,0.2452,7000.0,17,0,0,0,2
4000,0,0.3754,26,0,0.7647,3310.0,8,0,0,0,0
4001,0,0.0421,54,1,0.4538,7210.0,11,1,1,0,0
4002,0,0.0801,68,0,0.2321,2550.0,3,0,1,0,1
4003,0,0.0207,52,0,0.2311,5700.0,7,0,2,0,0
4004,0,0.5371,64,0,0.4233,5260.0,19,0,1,0,1
4005,0,0.441,49,0,0.323,5280.0,18,0,1,0,4
4006,0,0.1522,43,0,0.7066,7850.0,3,0,2,0,0
4007,0,0.3792,72,0,0.3783,2660.0,11,0,0,0,0
4008,0,0.7798,29,0,0.5389,7380.0,3,0,0,0,1
4009,0,0.0659,45,0,0.27,4980.0,19,0,0,0,3
4010,0,0.1664,29,0,0.4432,3060.0,9,0,1,0,0
4011,0,0.0386,56,0,0.9894,2220.0,5,0,0,0,0
4012,1,0.0055,70,4,0.4111,15260.0,11,1,0,1,0
4013,0,0.0603,74,0,0.3225,4710.0,4,0,0,0,0
4014,0,0.3508,33,0,0.2676,3970.0,14,0,0,0,0
4015,0,0.2777,60,0,0.4443,2470.0,7,0,0,0,0
4016,0,0.1839,68,0,1.0466,9440.0,7,0,2,0,2
4017,0,0.3103,66,0,0.1983,9020.0,15,0,0,0,2
4018,0,0.6593,48,1,0.4361,8030.0,18,0,0,0,0
4019,0,0.293,30,2,0.1607,4740.0,4,1,2,0,0
4020,0,0.4861,45,0,0.3513,7710.0,12,0,1,0,1
4021,0,0.2234,62,0,0.5261,3000.0,6,0,2,0,3
4022,0,0.0158,54,0,0.1741,5600.0,1,0,2,0,1
4023,0,0.1864,41,1,0.3441,4760.0,5,0,0,0,0
4024,0,0.6852,32,0,0.5349,5770.0,1,0,0,0,3
4025,1,0.3205,56,1,0.4861,1660.0,15,1,1,0,4
4026,1,1.5944,44,1,0.5507,15090.0,9,1,0,0,1
4027,0,0.3483,46,0,0.2504,12980.0,11,0,0,0,3
4028,1,0.5734,71,0,0.5348,2470.0,9,0,1,0,3
4029,1,0.6323,21,2,0.3135,6950.0,6,1,0,0,1
4030,0,0.2694,33,0,0.6896,2010.0,9,0,0,0,0
4031,0,0.2263,70,0,0.1123,5170.0,3,0,1,0,1
4032,0,0.3499,70,0,0.3777,1320.0,2,0,0,0,0
4033,0,0.6155,37,0,0.4768,4120.0,3,0,0,0,0
4034,0,0.487,74,0,1.0097,3670.0,2,0,1,0,0
4035,0,0.4603,32,2,0.4733,9840.0,11,1,0,0,2
4036,0,0.0613,23,0,0.5031,13370.0,2,0,2,0,0
4037,0,0.1821,37,0,0.5629,13560.0,8,0,0,0,1
4038,0,0.4248,49,0,0.953,9850.0,14,0,0,0,2
4039,0,0.2285,21,1,0.3573,5160.0,11,0,2,0,0
4040,0,0.8853,30,0,0.1936,6200.0,12,0,0,0,1
4041,0,0.0208,63,0,0.1726,6190.0,6,0,2,0,1
4042,0,0.1302,54,0,0.6693,2420.0,3,0,1,0,1
4043,0,0.0181,53,1,0.5137,9770.0,3,0,0,0,3
4044,0,0.1227,74,0,0.3853,7440.0,9,0,1,0,0
4045,0,0.0047,33,0,0.3161,7650.0,17,0,0,0,0
4046,1,1.4352,69,0,0.5008,1250.0,18,0,2,0,1
4047,0,0.3503,40,0,0.5096,6450.0,3,0,3,0,0
4048,0,0.306,70,0,0.5992,8990.0,2,0,0,0,4
4049,0,0.3157,63,0,0.231,4870.0,9,0,2,0,2
4050,1,0.1372,32,0,0.1559,3640.0,4,0,0,0,0
4051,0,0.0692,32,0,0.2597,2170.0,3,0,1,0,0
4052,0,0.3807,50,0,0.1998,2080.0,8,0,0,0,0
4053,0,0.0516,48,0,0.1936,5390.0,19,0,0,0,3
4054,0,0.0187,33,0,1.1524,4270.0,5,0,0,0,0
4055,0,0.1527,35,0,0.1153,4230.0,2,0,0,0,0
4056,0,0.3255,69,1,0.5956,12300.0,4,0,0,1,0
4057,0,0.0344,61,0,0.7743,2310.0,12,0,0,0,0
4058,0,0.6446,31,0,0.8126,3990.0,19,0,2,0,2
4059,0,0.29,60,1,0.5306,13580.0,19,0,1,0,0
4060,0,0.9382,29,0,0.992,4080.0,15,0,0,0,0
4061,0,0.0156,45,0,1.31,5110.0,11,0,0,0,2
4062,0,0.0055,21,0,0.3748,4420.0,14,0,1,0,0
4063,0,0.1063,56,1,0.5877,7510.0,2,0,1,0,0
4064,0,0.0117,30,1,0.9661,1430.0,18,0,0,0,0
4065,0,0.5645,33,0,0.2679,4350.0,15,0,0,0,1
4066,1,0.4608,31,0,0.3879,5080.0,4,0,2,0,2
4067,0,0.1865,30,1,0.3087,2700.0,6,0,0,0,0
4068,1,0.0699,25,0,0.5925,6040.0,17,0,0,0,4
4069,0,0.282,50,0,0.1439,7880.0,11,0,2,0,0
4070,0,0.2861,67,0,1.0639,6450.0,19,0,1,0,2
4071,1,0.5605,37,0,0.619,14290.0,8,0,2,0,0
4072,0,0.0734,63,0,0.6402,3790.0,12,0,0,0,0
4073,0,0.4809,50,0,0.1088,6630.0,1,0,3,0,1
4074,0,0.4093,34,0,0.2407,6540.0,18,0,2,0,0
4075,0,0.1994,24,0,1.0989,4270.0,16,0,1,0,0
4076,0,0.0184,63,0,0.404,9700.0,16,0,3,0,0
4077,0,0.0435,22,1,0.1597,5840.0,15,0,0,0,0
4078,0,0.0392,43,1,0.5132,2390.0,7,0,0,0,0
4079,0,0.2758,22,0,0.6754,7710.0,1,0,1,0,3
4080,0,0.674,62,1,0.6181,3640.0,7,0,1,0,0
4081,1,0.3798,74,2,0.4106,4050.0,13,1,1,0,0
4082,0,0.0949,38,0,0.8881,4230.0,13,0,2,0,1
4083,0,0.3328,37,0,0.2949,7640.0,17,0,0,0,0
4084,0,0.4011,51,0,0.6213,9390.0,11,0,1,0,1
4085,0,1.4153,48,0,0.4872,4470.0,7,0,0,0,0
4086,0,0.0184,41,0,0.4148,4320.0,8,0,1,0,0
4087,0,0.2901,40,3,0.3579,1440.0,19,1,1,1,1
4088,0,0.7768,31,0,0.3656,3210.0,1,0,2,0,1
4089,0,0.0196,34,1,0.4581,2780.0,13,1,2,0,0
4090,0,0.1028,52,0,0.377,5920.0,1,0,1,0,0
4091,0,0.3371,60,0,0.6976,4610.0,9,0,0,0,1
4092,0,0.1772,61,1,0.3258,2850.0,2,0,1,0,0
4093,0,0.2477,48,0,1.1514,5390.0,5,0,1,0,0
4094,0,0.2399,61,0,0.3171,4720.0,8,0,0,0,0
4095,0,0.3985,52,0,0.7804,1070.0,7,0,0,0,0
4096,0,0.1513,40,0,0.8009,9550.0,1,0,1,0,0
4097,0,0.4275,40,0,0.4963,9010.0,15,0,0,0,0
4098,0,0.5291,49,0,0.4705,4260.0,3,0,2,0,0
4099,0,0.3172,37,0,0.2901,6070.0,14,0,0,0,0
4100,0,0.1266,62,0,0.3295,4040.0,19,0,3,0,0
4101,0,0.7552,31,0,0.5127,1880.0,5,0,1,0,1
4102,0,0.0117,23,0,0.4373,18000.0,9,0,1,0,4
4103,0,0.2393,47,0,0.9138,7710.0,13,0,1,0,3
4104,0,0.4856,24,0,0.3421,8640.0,18,0,0,0,1
4105,0,0.1663,31,0,0.3547,4140.0,8,0,1,0,0
4106,0,0.1399,41,2,0.1655,9660.0,4,0,0,0,2
4107,1,0.045,21,4,0.6611,2160.0,3,1,0,0,0
4108,1,0.2043,33,0,0.6262,4240.0,7,0,2,0,0
4109,0,0.9371,50,0,0.8075,7660.0,16,0,2,0,0
4110,1,0.0113,41,0,0.8353,3370.0,13,0,2,0,0
4111,0,0.0208,69,0,0.7213,8490.0,5,0,1,0,0
4112,0,0.8041,26,0,0.7398,5900.0,19,0,1,0,2
4113,0,1.7815,59,1,0.6479,5570.0,13,0,2,0,0
4114,0,0.334,52,0,0.7107,3190.0,14,0,1,0,0
4115,1,1.7395,55,1,0.1488,6260.0,1,1,0,1,0
4116,0,0.2752,57,0,0.2323,15670.0,18,0,1,0,0
4117,0,0.2845,23,0,0.2106,5460.0,2,0,0,0,1
4118,0,0.453,63,0,0.9628,6860.0,1,0,0,0,0
4119,0,1.3162,38,0,0.2809,7500.0,14,0,1,0,0
4120,0,0.1192,56,0,0.3092,2470.0,6,0,2,0,1
4121,1,0.2682,36,0,0.4511,4540.0,18,0,0,0,0
4122,0,0.9473,42,0,0.2131,4460.0,17,0,1,0,0
4123,0,0.8865,58,2,0.5646,1370.0,11,0,0,0,2
4124,0,0.7872,71,0,0.1252,7890.0,10,0,1,0,0
4125,1,0.4205,68,2,0.2217,2810.0,4,1,1,0,2
4126,0,0.4216,60,0,0.5063,7390.0,4,0,1,0,3
4127,0,0.2766,50,0,0.2133,3120.0,1,0,0,0,3
4128,0,0.0265,49,0,0.9797,16740.0,4,0,0,0,0
4129,0,0.1543,73,0,0.462,4160.0,9,0,0,0,1
4130,0,0.486,32,0,0.8862,15560.0,15,0,1,0,0
4131,0,0.164,72,0,0.557,4430.0,2,0,0,0,0
4132,0,0.1184,56,0,0.4461,4760.0,4,0,0,0,0
4133,0,0.0076,54,1,0.2471,12580.0,8,1,1,0,0
4134,0,0.5777,52,0,0.7847,2830.0,10,0,0,0,2
4135,0,0.272,64,0,0.5855,5060.0,9,0,0,0,0
4136,0,0.1696,57,0,1.5695,6790.0,4,0,0,0,0
4137,0,0.3858,26,0,0.7386,6260.0,15,0,2,0,1
4138,0,0.0619,63,0,0.354,5040.0,4,0,2,0,0
4139,0,0.7344,60,0,0.5345,4640.0,3,0,0,0,0
4140,1,0.2934,70,4,0.5788,8170.0,8,1,1,0,1
4141,0,0.7035,71,1,0.9028,5460.0,19,1,0,0,2
4142,0,0.0086,72,0,0.9931,8780.0,3,0,0,0,0
4143,0,0.0656,23,1,0.4077,6220.0,3,0,0,0,0
4144,0,0.0394,55,0,0.2167,7260.0,13,0,0,0,0
4145,0,0.0915,71,0,0.1477,9700.0,12,0,1,0,0
4146,0,0.4319,73,0,0.2268,4080.0,4,0,0,0,2
4147,0,0.0434,50,1,0.315,9550.0,13,0,0,0,1
4148,0,1.0807,70,0,1.108,4470.0,15,0,0,0,0
4149,0,0.3394,68,0,1.1182,2120.0,13,0,0,0,2
4150,0,0.5402,21,0,0.7994,4030.0,10,0,2,0,0
4151,0,1.0981,68,0,0.9401,3190.0,9,0,0,0,0
4152,0,0.1516,55,2,0.2939,6160.0,7,0,0,0,2
4153,0,0.4268,51,0,0.181,4140.0,2,0,0,0,0
4154,0,0.0277,30,0,0.2456,5310.0,12,0,0,0,0
4155,0,0.0195,70,1,0.1325,9030.0,16,0,1,0,0
4156,0,0.234,36,0,0.2303,11990.0,8,0,1,0,0
4157,1,0.3676,43,1,0.3317,5860.0,14,0,1,1,0
4158,0,0.4335,37,1,0.4966,9430.0,2,0,0,0,2
4159,0,0.6948,73,0,0.4874,4420.0,2,0,1,0,1
4160,1,0.5872,47,0,0.2971,1920.0,6,0,0,0,0
4161,0,0.3071,27,3,0.6321,2420.0,7,1,0,0,2
4162,0,0.2251,21,2,0.3005,4370.0,10,1,2,1,0
4163,0,0.1708,73,0,0.452,7920.0,1,0,0,0,0
4164,0,0.0021,33,0,0.2308,4380.0,2,0,3,0,2
4165,0,0.4018,62,0,0.8635,10010.0,14,0,1,0,0
4166,0,0.676,22,0,0.455,14750.0,14,0,0,0,2
4167,0,0.5183,69,0,0.6752,2880.0,15,0,1,0,0
4168,0,0.1483,56,0,0.2166,17590.0,7,0,2,0,3
4169,0,0.2218,33,0,0.4989,1840.0,13,0,1,0,0
4170,0,0.1648,69,0,0.6334,14900.0,4,0,0,0,0
4171,0,0.2079,37,1,0.1318,4820.0,17,0,1,0,1
4172,0,0.2781,74,0,0.9056,4270.0,1,0,0,0,0
4173,0,0.0337,53,0,0.2123,4890.0,12,0,0,0,0
4174,0,0.0977,45,0,0.5099,3040.0,2,0,0,0,0
4175,0,0.041,24,0,1.3134,12100.0,16,0,1,0,0
4176,1,0.0034,35,3,0.7969,3240.0,5,1,0,1,0
4177,0,0.1288,24,0,0.1838,3500.0,1,0,1,0,2
4178,1,0.1922,67,0,0.4038,2150.0,7,0,0,0,0
4179,0,0.1761,26,2,0.9418,3170.0,18,1,0,0,0
4180,0,0.0127,27,0,0.2753,3230.0,3,0,0,0,1
4181,0,0.6004,27,0,0.3621,3100.0,6,0,1,0,2
4182,0,0.058,73,0,0.356,4420.0,11,0,0,0,0
4183,0,0.3211,73,0,0.6326,2520.0,17,0,2,0,0
4184,0,0.3392,59,0,0.1787,12790.0,4,0,0,0,0
4185,0,0.0433,24,0,0.6542,4480.0,7,0,1,0,0
4186,0,0.0117,48,0,0.3092,6150.0,19,0,1,0,0
4187,0,0.009,72,0,0.4463,8240.0,14,0,1,0,0
4188,0,0.1149,26,0,0.3926,16560.0,11,0,1,0,4
4189,0,0.3032,63,0,0.6439,8480.0,7,0,0,0,0
4190,0,0.0505,21,0,0.4437,4240.0,16,0,0,0,0
4191,1,0.0254,64,0,1.0664,2580.0,18,0,0,0,0
4192,1,0.3128,50,2,0.8136,6020.0,9,1,2,0,3
4193,0,0.0546,68,1,0.2788,9300.0,19,0,0,1,2
4194,0,0.5808,43,0,1.0194,5350.0,4,0,1,0,1
4195,0,0.2362,63,0,0.5442,5110.0,17,0,1,0,0
4196,0,0.3093,66,0,0.4975,5590.0,9,0,2,0,1
4197,1,0.7296,38,0,0.7475,1600.0,5,0,0,0,3
4198,0,0.062,55,0,0.2406,5370.0,8,0,0,0,0
4199,1,0.2861,45,0,0.1964,7630.0,8,0,0,0,2
4200,0,0.1477,44,0,0.4561,4780.0,12,0,0,0,2
4201,0,0.0494,64,0,0.3123,9640.0,16,0,1,0,0
4202,0,0.3154,33,0,1.5593,9840.0,18,0,2,0,0
4203,0,0.0123,27,1,0.2841,3630.0,3,0,0,0,1
4204,0,0.6549,46,0,0.4603,6410.0,5,0,1,0,0
4205,0,0.4013,65,0,0.5042,5040.0,16,0,1,0,0
4206,0,1.3805,29,0,0.9406,1460.0,2,0,0,0,0
4207,0,0.2157,39,0,0.2474,4390.0,6,0,0,0,4
4208,0,0.8817,57,0,0.1708,2650.0,14,0,2,0,1
4209,0,0.0707,46,0,1.0373,5330.0,11,0,2,0,0
4210,0,0.264,53,0,0.4716,7400.0,1,0,2,0,0
4211,0,0.2627,49,0,0.7304,4310.0,3,0,1,0,1
4212,0,0.4061,64,0,0.7513,2860.0,16,0,0,0,2
4213,0,1.0179,68,0,0.8336,5660.0,7,0,1,0,0
4214,0,0.5545,45,0,0.3582,21290.0,14,0,0,0,1
4215,0,0.027,44,1,0.3044,1330.0,13,1,2,0,0
4216,0,0.2927,36,0,0.1356,5650.0,16,0,0,0,2
4217,0,0.1347,44,0,0.2474,3550.0,12,0,0,0,1
4218,0,0.0477,66,0,0.4664,3810.0,2,0,1,0,1
4219,0,0.2287,48,0,0.295,4620.0,3,0,0,0,0
4220,0,0.1788,58,0,0.2266,4000.0,4,0,0,0,4
4221,1,0.0121,43,0,0.4631,7050.0,4,0,0,0,0
4222,1,0.2774,59,0,1.0058,4250.0,11,0,0,0,2
4223,0,0.0345,59,0,0.4345,1340.0,9,0,0,0,0
4224,0,0.4875,49,4,0.2277,10590.0,7,1,0,0,0
4225,0,0.1053,71,0,0.9641,9680.0,11,0,1,0,0
4226,1,0.3142,68,2,0.2824,3420.0,17,0,0,1,0
4227,0,0.0664,29,1,1.0916,5060.0,8,0,0,0,0
4228,1,0.8045,33,3,0.3837,10200.0,9,1,0,0,2
4229,0,0.0192,72,0,0.478,9140.0,17,0,1,0,1
4230,0,0.7679,42,1,1.1463,11100.0,9,0,0,0,1
4231,0,0.0693,37,0,0.1997,6150.0,2,0,0,0,0
4232,0,0.0551,63,1,0.2393,7800.0,4,0,1,0,2
4233,0,0.3218,53,0,0.3694,11440.0,6,0,2,0,0
4234,0,0.2768,28,0,0.4131,4000.0,11,0,0,0,1
4235,0,1.1072,25,0,2.1929,6400.0,8,0,0,0,2
4236,0,0.2359,64,0,0.2637,1360.0,7,0,0,0,0
4237,0,0.0817,62,0,0.2055,1900.0,16,0,2,0,0
4238,1,0.3099,40,0,0.2563,6630.0,9,0,1,0,3
4239,0,0.2799,67,0,0.5165,7270.0,10,0,1,0,0
4240,1,0.2796,27,0,0.6036,3900.0,6,0,0,0,0
4241,0,1.1922,67,0,0.294,3420.0,9,0,0,0,2
4242,0,0.1038,25,0,0.455,3970.0,12,0,3,0,0
4243,0,0.1927,55,0,1.4436,5510.0,18,0,0,0,1
4244,0,0.6078,66,0,0.4589,1230.0,16,0,0,0,1
4245,0,0.3707,54,0,0.5448,6500.0,1,0,3,0,0
4246,0,0.0804,63,0,1.3957,5010.0,1,0,0,0,0
4247,0,0.4905,39,0,0.2956,5700.0,16,0,0,0,2
4248,0,0.064,36,0,0.2842,4560.0,5,0,0,0,0
4249,0,0.3804,35,4,0.339,2140.0,1,1,1,0,2
4250,0,0.6789,27,0,0.3273,2540.0,13,0,3,0,3
4251,0,0.502,35,0,0.1507,12260.0,19,0,1,0,0
4252,0,0.0048,34,0,0.4881,3340.0,14,0,3,0,0
4253,1,0.249,61,1,0.5118,7980.0,3,1,0,0,1
4254,0,0.0584,32,0,0.4019,2570.0,6,0,1,0,1
4255,0,0.1363,29,0,0.5213,4870.0,6,0,1,0,0
4256,0,0.4828,60,0,0.5246,3770.0,6,0,0,0,0
4257,0,0.0669,50,0,0.204,4140.0,12,0,1,0,3
4258,0,0.9261,32,0,0.5343,4010.0,15,0,0,0,2
4259,0,0.0094,59,3,0.6282,11690.0,6,1,1,0,1
4260,0,0.0662,32,4,0.1723,15620.0,11,1,1,0,0
4261,1,0.018,63,0,1.081,5670.0,10,0,0,0,0
4262,0,0.2385,22,0,0.2141,3840.0,8,0,0,0,1
4263,0,0.0998,52,0,0.227,2210.0,4,0,2,0,0
4264,1,0.2458,53,2,0.5072,2120.0,2,0,1,1,0
4265,0,0.7296,41,1,0.6193,11730.0,18,0,0,0,0
4266,0,0.3416,58,0,0.7165,2040.0,13,0,0,0,2
4267,0,0.0166,41,0,0.6291,3770.0,16,0,1,0,1
4268,0,0.0019,56,0,0.329,5390.0,6,0,0,0,2
4269,0,0.3802,33,0,0.4796,1030.0,5,0,0,0,0
4270,0,0.0364,51,0,0.3716,2320.0,11,0,0,0,0
4271,0,0.2577,61,0,0.4989,2200.0,14,0,0,0,1
4272,1,0.8425,73,0,0.4682,3300.0,14,0,2,0,3
4273,0,0.2853,40,0,0.3319,5740.0,11,0,0,0,1
4274,1,0.4574,46,1,0.3648,9110.0,9,1,1,0,0
4275,0,0.169,46,0,0.1479,3300.0,11,0,1,0,1
4276,0,0.1744,67,0,0.7394,3730.0,5,0,0,0,0
4277,0,0.0123,72,0,0.5372,4570.0,4,0,0,0,0
4278,0,0.0561,55,0,0.1126,3030.0,5,0,0,0,2
4279,0,0.016,65,0,0.7232,6320.0,7,0,0,0,1
4280,0,0.1326,25,1,0.4353,6430.0,14,0,0,0,0
4281,0,0.3881,62,0,0.2561,960.0,17,0,2,0,2
4282,0,0.048,64,0,0.2429,7210.0,17,0,1,0,3
4283,1,0.6293,59,0,0.2973,5300.0,8,0,0,0,1
4284,0,0.2589,52,0,0.2569,5740.0,19,0,0,0,2
4285,0,0.317,69,2,0.2785,9970.0,19,0,0,1,0
4286,0,0.595,56,0,1.2466,1680.0,16,0,1,0,3
4287,0,0.2375,66,0,0.5614,2310.0,2,0,2,0,1
4288,0,0.3193,30,0,1.5244,4710.0,12,0,0,0,3
4289,0,0.2667,56,3,0.5145,1220.0,6,0,1,0,2
4290,0,0.0239,44,0,0.6361,4330.0,17,0,0,0,0
4291,0,0.072,67,0,0.2649,8170.0,5,0,1,0,2
4292,0,0.5528,68,0,0.4062,6240.0,8,0,2,0,0
4293,0,1.2063,66,0,0.4278,5150.0,5,0,0,0,2
4294,0,0.0617,32,0,0.6518,4270.0,17,0,2,0,1
4295,0,0.1832,47,1,0.4362,3800.0,11,0,0,0,3
4296,0,0.1052,21,0,0.5548,3670.0,9,0,0,0,1
4297,0,0.3644,73,0,0.543,5640.0,16,0,1,0,1
4298,0,0.2756,34,0,0.3747,1940.0,12,0,0,0,4
4299,0,0.0143,54,0,0.3522,11820.0,12,0,0,0,2
4300,0,1.2039,47,0,0.3008,3160.0,4,0,0,0,1
4301,0,0.9019,69,0,0.8602,6870.0,8,0,0,0,2
4302,0,0.4426,65,0,0.3748,5160.0,10,0,0,0,0
4303,0,0.2716,62,0,0.5474,2460.0,8,0,3,0,0
4304,0,0.1187,55,1,0.409,10670.0,7,0,1,1,4
4305,0,0.177,27,0,0.8501,9400.0,19,0,0,0,0
4306,0,0.1402,70,0,0.1363,1920.0,7,0,1,0,2
4307,0,0.1788,24,0,0.5389,4700.0,12,0,0,0,1
4308,0,0.0259,45,0,0.2116,5570.0,12,0,0,0,0
4309,0,0.6558,41,0,0.568,1420.0,4,0,0,0,3
4310,0,0.3,42,0,0.4115,1380.0,17,0,0,0,0
4311,0,0.2011,73,1,0.1851,2980.0,3,0,0,0,0
4312,0,0.4227,33,0,0.5502,2240.0,16,0,1,0,0
4313,0,0.4283,52,0,0.514,2630.0,12,0,0,0,0
4314,0,0.0101,32,0,0.3911,2240.0,7,0,0,0,1
4315,0,0.0599,70,0,0.422,4570.0,6,0,1,0,0
4316,0,0.2303,60,0,0.4951,2880.0,14,0,1,0,4
4317,0,0.5911,43,0,0.9111,9590.0,9,0,3,0,2
4318,0,0.6179,25,0,0.3721,5480.0,11,0,2,0,0
4319,0,0.1296,29,1,0.8252,7920.0,7,0,0,0,2
4320,0,0.4895,34,0,0.4393,1780.0,7,0,0,0,3
4321,0,0.0074,42,0,0.9777,3370.0,6,0,0,0,1
4322,0,0.4154,68,0,0.3902,5330.0,18,0,0,0,3
4323,0,0.2078,27,0,0.3013,6450.0,17,0,2,0,0
4324,0,0.1117,52,2,0.2326,3330.0,4,1,1,1,0
4325,0,0.2736,39,0,0.4403,3640.0,3,0,0,0,0
4326,0,0.3157,23,0,0.2792,3890.0,16,0,2,0,0
4327,0,0.9805,54,0,1.0436,4110.0,7,0,0,0,0
4328,0,1.1991,59,0,0.2664,18010.0,5,0,1,0,0
4329,1,0.1964,72,0,0.297,5930.0,5,0,1,0,0
4330,0,0.6072,48,1,0.6368,5030.0,17,0,0,0,0
4331,0,0.1777,38,0,0.9153,2310.0,6,0,0,0,2
4332,0,0.3368,67,0,0.6967,2340.0,14,0,0,0,0
4333,0,0.0847,34,0,0.8481,4320.0,9,0,0,0,0
4334,0,0.0539,57,0,0.4282,9680.0,9,0,0,0,0
4335,0,0.2694,71,0,0.4319,4360.0,7,0,1,0,0
4336,0,0.1367,21,0,1.5024,4470.0,2,0,0,0,0
4337,0,0.121,70,0,1.2388,3140.0,2,0,1,0,0
4338,0,0.0222,32,0,0.6897,1730.0,4,0,1,0,1
4339,0,0.0465,47,1,0.8728,6390.0,6,1,0,0,2
4340,0,0.3838,34,0,0.7521,4220.0,4,0,0,0,0
4341,0,0.3814,28,0,0.2179,6420.0,6,0,0,0,1
4342,0,0.2196,58,0,0.4388,5390.0,15,0,1,0,1
4343,0,0.2995,47,0,1.103,2760.0,1,0,0,0,0
4344,0,0.0177,48,0,0.6923,5630.0,12,0,2,0,1
4345,0,0.5879,47,0,0.4325,2270.0,10,0,1,0,0
4346,0,0.2972,61,0,1.111,5600.0,5,0,0,0,0
4347,0,0.3977,73,0,0.5608,4730.0,6,0,1,0,0
4348,0,0.0628,48,0,0.7071,12390.0,7,0,2,0,0
4349,0,0.3653,29,1,0.5625,2920.0,6,0,2,0,0
4350,0,0.3724,38,0,0.6217,2220.0,6,0,2,0,1
4351,0,0.1377,47,0,0.649,3840.0,8,0,1,0,1
4352,0,1.207,26,0,0.98,7080.0,13,0,0,0,0
4353,0,0.1383,33,0,1.0597,920.0,13,0,1,0,0
4354,0,0.7699,31,0,0.3428,8310.0,7,0,1,0,2
4355,0,0.5876,73,0,0.5562,4340.0,6,0,1,0,0
4356,0,0.8127,42,0,0.9633,2480.0,15,0,2,0,0
4357,0,0.2022,68,0,0.4152,3940.0,15,0,0,0,1
4358,0,0.0752,50,0,0.2049,3150.0,14,0,0,0,3
4359,0,0.0626,48,0,0.2605,2360.0,14,0,0,0,1
4360,1,0.4731,71,0,0.2715,1540.0,5,0,2,0,1
4361,0,0.2598,58,0,0.3413,7620.0,13,0,0,0,2
4362,0,0.2076,33,0,0.2872,3510.0,7,0,0,0,0
4363,0,0.188,36,0,0.8332,3890.0,11,0,0,0,1
4364,0,0.0136,56,0,0.3806,8160.0,11,0,1,0,0
4365,0,0.1469,21,0,0.9576,5080.0,16,0,3,0,1
4366,0,0.8897,29,0,0.2281,1930.0,18,0,0,0,1
4367,0,0.3402,25,1,0.3635,7360.0,8,1,1,0,2
4368,0,0.0833,59,0,0.4783,11970.0,3,0,0,0,1
4369,1,0.6121,44,0,0.7308,6650.0,1,0,0,0,1
4370,0,0.3864,21,0,0.8924,2920.0,7,0,0,0,0
4371,0,1.0685,61,0,0.3253,2030.0,9,0,1,0,0
4372,0,0.1136,56,0,0.8155,2860.0,12,0,2,0,0
4373,0,0.0855,59,0,0.1638,5230.0,7,0,1,0,0
4374,1,0.768,29,1,0.7579,11570.0,7,1,1,0,1
4375,0,0.1813,68,1,0.201,3120.0,14,0,0,0,0
4376,0,0.1443,30,2,0.5874,3330.0,6,0,1,0,0
4377,0,0.4096,51,0,0.8847,9070.0,1,0,2,0,2
4378,0,0.1541,51,0,0.7652,3790.0,9,0,1,0,0
4379,0,0.0815,32,0,0.168,13740.0,12,0,1,0,1
4380,0,0.4415,41,0,0.3436,4500.0,4,0,1,0,1
4381,0,0.2878,23,0,0.6908,9900.0,1,0,0,0,0
4382,0,0.0539,46,0,0.6791,6180.0,12,0,0,0,0
4383,0,0.4253,57,0,0.5302,7510.0,4,0,2,0,2
4384,0,0.0571,37,0,0.1199,4420.0,17,0,1,0,0
4385,0,0.0158,50,0,0.922,4600.0,7,0,1,0,0
4386,0,0.3438,72,0,1.0261,6320.0,18,0,0,0,1
4387,0,0.0856,33,0,0.4957,7930.0,2,0,0,0,2
4388,0,0.3016,36,0,0.5154,6740.0,9,0,0,0,2
4389,0,1.8,27,0,0.6076,1700.0,8,0,0,0,2
4390,0,1.0521,50,0,1.0792,5740.0,6,0,2,0,0
4391,0,0.0943,32,2,0.5222,3310.0,7,0,2,0,2
4392,0,0.1247,67,0,0.4006,3540.0,8,0,3,0,0
4393,0,0.4146,36,0,0.5649,6470.0,2,0,0,0,0
4394,1,0.0017,56,0,0.4463,13610.0,5,0,1,0,0
4395,1,0.3038,31,2,0.4494,4280.0,6,1,0,1,0
4396,1,0.1077,38,0,0.1557,16050.0,12,0,0,0,1
4397,0,0.347,30,0,0.6149,2540.0,6,0,0,0,1
4398,0,0.398,50,0,0.9074,10290.0,3,0,1,0,1
4399,0,0.3803,22,0,0.8288,6360.0,14,0,0,0,0
4400,0,0.0171,25,0,0.795,5570.0,7,0,0,0,0
4401,0,0.0468,48,0,0.4353,11270.0,1,0,0,0,1
4402,0,0.716,50,0,0.4904,3350.0,4,0,0,0,0
4403,0,0.0526,38,0,0.9184,10580.0,11,0,2,0,0
4404,0,0.223,44,0,0.7561,4340.0,4,0,0,0,0
4405,0,0.6376,43,0,1.0962,3340.0,18,0,1,0,0
4406,0,0.0077,61,0,0.3001,2220.0,13,0,0,0,0
4407,0,0.075,45,0,0.299,12720.0,6,0,0,0,0
4408,0,0.3781,66,0,0.368,9750.0,19,0,0,0,2
4409,0,0.0464,32,0,0.2552,3690.0,14,0,3,0,1
4410,0,0.2818,31,0,0.2033,6820.0,13,0,1,0,0
4411,0,0.6261,42,1,0.5952,5300.0,2,0,1,0,0
4412,0,0.3102,25,0,0.5714,3980.0,5,0,0,0,0
4413,0,0.6868,57,0,0.5209,8770.0,12,0,1,0,2
4414,0,0.1266,42,0,0.5556,3380.0,8,0,1,0,0
4415,0,0.4452,40,0,0.1867,1320.0,17,0,0,0,3
4416,0,0.6603,49,0,0.3369,5740.0,12,0,0,0,4
4417,0,0.1123,25,0,0.3768,5120.0,2,0,0,0,0
4418,0,0.6582,41,0,0.4626,3440.0,17,0,2,0,3
4419,0,0.0352,73,0,0.1871,2880.0,18,0,0,0,0
4420,0,0.2991,54,0,0.2575,1930.0,14,0,0,0,0
4421,0,0.059,51,1,0.3458,3950.0,15,1,1,1,3
4422,0,0.4268,48,0,0.8479,2910.0,3,0,0,0,1
4423,0,0.2717,46,1,0.5258,8770.0,15,0,0,0,1
4424,1,0.392,71,0,0.8294,6700.0,12,0,0,0,0
4425,0,0.591,71,0,0.4175,3670.0,3,0,1,0,0
4426,0,0.241,43,0,0.4496,6730.0,4,0,0,0,2
4427,0,0.0917,70,0,0.6062,4610.0,11,0,1,0,0
4428,0,0.6772,25,0,0.404,4180.0,8,0,0,0,4
4429,0,0.966,38,0,0.3089,4760.0,11,0,0,0,2
4430,1,0.6874,37,0,0.1838,14230.0,19,0,1,0,0
4431,0,0.0511,58,0,0.3139,7230.0,12,0,1,0,1
4432,0,0.5501,53,0,0.7421,4110.0,17,0,1,0,0
4433,0,0.3597,46,0,0.9573,8400.0,1,0,0,0,2
4434,0,0.1939,34,0,0.2826,8220.0,5,0,1,0,2
4435,0,0.044,48,0,0.1588,5740.0,17,0,1,0,0
4436,0,0.4171,35,0,0.7835,4040.0,14,0,0,0,0
4437,0,0.3783,47,0,0.4684,3880.0,7,0,0,0,1
4438,0,0.0948,39,1,0.2002,2580.0,7,1,0,0,1
4439,0,0.17,68,0,0.0695,5480.0,15,0,1,0,0
4440,0,0.0617,61,0,0.2521,3410.0,1,0,0,0,0
4441,0,0.9306,30,0,0.3404,3780.0,2,0,1,0,0
4442,0,0.2296,71,0,0.2251,7150.0,17,0,2,0,1
4443,0,0.3283,56,0,0.6805,13530.0,15,0,1,0,0
4444,0,0.2958,39,0,0.2759,6150.0,16,0,0,0,0
4445,1,0.5437,49,1,0.4527,4610.0,10,0,2,0,0
4446,1,0.3684,31,0,1.8666,4860.0,6,0,1,0,3
4447,0,0.1043,23,0,0.4821,9730.0,8,0,0,0,0
4448,0,0.2188,43,0,0.4192,6200.0,15,0,0,0,0
4449,0,0.1299,63,0,0.425,5520.0,5,0,0,0,0
4450,0,0.2042,39,2,0.6713,5760.0,1,0,0,0,0
4451,1,0.383,41,0,0.6232,2090.0,10,0,0,0,1
4452,0,0.2302,74,1,0.2461,6210.0,11,0,1,1,0
4453,0,0.322,74,0,0.3511,2910.0,8,0,0,0,1
4454,0,0.0645,46,0,0.3011,6230.0,19,0,1,0,1
4455,0,0.2406,23,0,0.3792,3160.0,12,0,1,0,4
4456,1,0.4031,57,0,1.3444,7010.0,15,0,3,0,0
4457,0,0.3579,59,0,0.6508,4480.0,5,0,0,0,0
4458,0,0.1799,70,0,0.4283,2470.0,11,0,0,0,0
4459,0,0.0813,72,0,0.9481,4130.0,7,0,2,0,0
4460,1,1.0205,54,0,0.5031,18460.0,7,0,2,0,0
4461,0,0.325,26,0,0.1682,1260.0,2,0,1,0,0
4462,1,0.2378,34,0,1.2194,5430.0,14,0,0,0,0
4463,0,0.0597,59,0,0.4091,2680.0,9,0,3,0,2
4464,0,0.4637,53,0,0.1161,11230.0,19,0,1,0,0
4465,0,0.3015,44,0,0.1721,8020.0,12,0,0,0,2
4466,0,0.0913,42,0,0.8839,5490.0,4,0,1,0,2
4467,0,0.0044,59,0,0.1738,8520.0,14,0,0,0,0
4468,0,0.2569,43,0,1.0096,5690.0,1,0,0,0,0
4469,0,0.0694,29,2,0.4717,4930.0,15,1,1,0,0
4470,0,0.178,73,0,0.6896,3430.0,8,0,1,0,2
4471,1,0.4052,39,0,0.3852,3960.0,1,0,1,0,1
4472,0,0.3965,36,0,0.6151,3720.0,10,0,0,0,0
4473,0,0.0279,24,0,0.5433,4950.0,10,0,0,0,0
4474,0,0.1426,46,0,0.4391,1580.0,5,0,1,0,2
4475,0,0.7638,74,0,0.2371,9120.0,3,0,1,0,0
4476,0,0.1044,29,0,0.5572,15810.0,12,0,2,0,2
4477,0,0.1575,34,2,0.151,3790.0,9,0,0,0,0
4478,0,0.183,30,1,0.7858,9950.0,6,0,0,0,0
4479,0,0.0013,26,0,0.5057,4530.0,11,0,0,0,0
4480,0,0.4459,53,0,0.5936,3420.0,19,0,0,0,0
4481,0,0.0224,37,1,0.0935,3910.0,17,0,1,0,1
4482,0,0.1081,61,0,0.2287,5170.0,6,0,0,0,2
4483,0,0.0828,42,0,0.3317,3190.0,7,0,1,0,1
4484,0,0.2941,55,3,0.6731,7070.0,16,1,1,0,0
4485,0,0.149,25,0,0.2552,3600.0,3,0,0,0,1
4486,1,0.4195,38,0,2.0726,2580.0,19,0,2,0,0
4487,1,0.5128,43,1,0.3837,4860.0,8,0,0,0,0
4488,0,0.0538,24,0,0.2442,3240.0,10,0,0,0,0
4489,0,0.0717,43,2,0.4017,4040.0,19,0,0,0,2
4490,0,0.3195,46,0,0.254,4760.0,4,0,0,0,2
4491,0,0.5519,42,0,0.2208,2200.0,4,0,2,0,1
4492,0,1.0671,48,0,0.8241,11790.0,17,0,1,0,0
4493,0,0.0823,64,0,0.6114,8000.0,14,0,0,0,2
4494,1,0.6301,62,2,0.6124,3370.0,8,1,0,1,0
4495,0,0.0506,21,0,0.9666,4860.0,3,0,0,0,0
4496,0,0.1787,55,0,0.6017,7200.0,11,0,0,0,0
4497,0,0.5644,69,0,0.2368,5570.0,15,0,0,0,2
4498,0,0.0909,68,0,0.6874,15180.0,1,0,0,0,0
4499,1,0.0596,38,4,0.2286,4260.0,5,1,1,1,3
4500,0,0.0129,63,3,0.3373,10030.0,7,1,1,0,1
4501,0,0.3212,64,0,0.4372,2210.0,6,0,2,0,2
4502,1,0.2895,40,2,0.4114,2420.0,11,0,0,0,0
4503,0,1.2871,67,0,0.1534,13500.0,19,0,0,0,0
4504,1,0.2294,55,1,0.2514,3790.0,14,0,1,1,0
4505,0,0.069,61,0,0.4433,2440.0,10,0,2,0,2
4506,0,0.1597,61,0,0.3115,4780.0,19,0,0,0,0
4507,0,0.0217,63,0,0.8832,10490.0,16,0,0,0,0
4508,0,0.3766,72,0,0.9787,3110.0,12,0,1,0,1
4509,0,0.4471,67,1,0.2294,4790.0,1,0,0,0,0
4510,0,0.0857,43,0,0.4657,1620.0,6,0,1,0,1
4511,0,0.104,51,1,1.1614,3710.0,18,0,2,0,1
4512,0,0.027,56,0,0.4146,8940.0,11,0,2,0,0
4513,0,0.0278,67,0,0.352,3070.0,18,0,0,0,0
4514,0,0.1931,42,0,0.7529,2290.0,2,0,1,0,2
4515,0,0.2604,37,0,0.3812,3090.0,4,0,0,0,0
4516,0,0.0044,60,1,0.9632,3410.0,3,1,1,0,1
4517,1,0.3776,72,0,0.3145,7780.0,2,0,1,0,1
4518,0,0.1179,70,0,0.338,6170.0,7,0,0,0,1
4519,0,0.2869,28,0,0.7219,6930.0,19,0,0,0,0
4520,1,0.2689,70,1,0.4773,5000.0,1,0,1,0,0
4521,1,0.5393,63,3,0.4795,3390.0,18,1,0,0,2
4522,0,0.6857,29,1,0.1429,3080.0,2,0,0,0,1
4523,0,0.6649,21,0,0.3635,6370.0,1,0,0,0,0
4524,1,0.1398,32,1,0.7546,12750.0,1,1,2,0,0
4525,0,0.3325,71,0,0.2808,2790.0,15,0,1,0,0
4526,0,0.0568,61,1,0.6841,2670.0,4,0,1,1,1
4527,0,0.2134,52,0,0.5277,2490.0,3,0,0,0,2
4528,0,0.1251,55,0,0.3986,8090.0,16,0,0,0,2
4529,0,0.1375,43,0,1.0148,4790.0,13,0,3,0,0
4530,1,0.5155,69,0,0.3664,6860.0,7,0,0,0,1
4531,0,0.8093,29,0,0.3821,3620.0,15,0,1,0,0
4532,0,0.1417,37,0,0.3959,7120.0,18,0,0,0,0
4533,0,0.5758,31,0,0.4716,4140.0,11,0,0,0,0
4534,1,0.1981,66,2,0.7119,1950.0,17,0,0,0,1
4535,0,0.1074,50,0,0.1857,8550.0,7,0,1,0,1
4536,0,0.1694,57,0,0.7564,4810.0,17,0,1,0,1
4537,0,0.123,70,0,0.4681,4080.0,13,0,1,0,0
4538,0,0.0542,31,0,0.6265,5820.0,5,0,0,0,0
4539,0,0.0158,73,0,1.8872,2070.0,12,0,2,0,0
4540,0,0.0096,27,0,0.3306,6360.0,7,0,1,0,1
4541,0,0.4375,61,0,0.2155,3440.0,2,0,1,0,0
4542,0,0.2846,58,0,0.5047,4480.0,9,0,0,0,0
4543,0,0.147,65,0,0.555,9740.0,2,0,1,0,0
4544,0,0.2172,29,0,0.758,7230.0,9,0,1,0,0
4545,1,1.4936,72,0,0.3253,4420.0,18,0,0,0,0
4546,0,0.1906,63,0,0.2731,4630.0,2,0,0,0,0
4547,0,0.0827,26,0,0.1791,1060.0,13,0,1,0,0
4548,0,0.4171,51,0,0.1978,3000.0,5,0,1,0,0
4549,0,0.0439,65,0,0.3501,5430.0,12,0,0,0,4
4550,0,0.3051,46,1,0.419,3110.0,12,0,1,1,0
4551,0,0.1877,41,0,1.5513,2220.0,15,0,1,0,0
4552,0,0.2731,35,0,0.1627,6560.0,13,0,1,0,1
4553,1,0.1131,48,1,0.5495,10760.0,5,0,0,1,0
4554,0,0.1708,74,0,0.2907,3190.0,7,0,0,0,0
4555,0,0.4836,53,0,0.5136,8310.0,11,0,3,0,2
4556,1,0.0305,59,0,0.3224,7590.0,6,0,0,0,2
4557,1,0.5472,63,0,0.8363,2740.0,17,0,0,0,1
4558,0,0.6211,63,0,0.8332,3180.0,12,0,0,0,0
4559,0,0.1645,42,0,0.4198,14500.0,14,0,0,0,1
4560,1,0.4313,62,2,1.0655,2510.0,13,1,1,0,0
4561,1,0.3385,38,0,0.709,3410.0,7,0,2,0,1
4562,0,0.2517,52,0,1.0362,15990.0,14,0,0,0,1
4563,1,0.4812,37,4,0.4378,3490.0,13,1,1,1,0
4564,0,0.1477,71,0,0.7954,11070.0,16,0,1,0,2
4565,0,0.6376,60,0,0.2834,2660.0,7,0,1,0,1
4566,1,0.849,52,2,0.2667,5340.0,12,0,0,0,1
4567,0,0.3325,45,0,1.6618,9430.0,18,0,1,0,1
4568,0,0.0735,49,0,0.2342,3710.0,8,0,1,0,2
4569,0,0.0161,63,0,0.3459,5220.0,16,0,0,0,1
4570,0,0.1736,35,0,0.1439,7680.0,7,0,2,0,1
4571,0,0.0234,65,0,0.2705,2860.0,3,0,0,0,0
4572,0,0.1608,36,0,0.2475,18850.0,1,0,1,0,0
4573,0,0.8549,28,0,0.3005,9160.0,10,0,1,0,3
4574,0,0.4942,60,0,0.5379,3970.0,8,0,1,0,0
4575,0,0.0273,59,1,0.6216,4270.0,5,0,0,0,0
4576,0,0.0783,39,0,0.2456,15480.0,17,0,1,0,1
4577,1,0.3857,56,2,0.2798,3970.0,16,0,0,0,0
4578,0,1.0668,60,0,0.8608,3700.0,12,0,0,0,0
4579,1,0.4564,63,1,1.25,9780.0,15,0,0,1,3
4580,0,0.0528,72,1,0.9546,2120.0,12,1,1,0,0
4581,0,0.1738,67,0,0.1673,4690.0,13,0,1,0,0
4582,0,0.5462,44,0,0.9173,5170.0,5,0,0,0,1
4583,0,0.2918,33,0,1.3664,3220.0,1,0,0,0,2
4584,0,0.1586,26,0,0.1624,1920.0,12,0,2,0,0
4585,1,1.8,51,0,0.8604,5120.0,3,0,0,0,0
4586,0,0.4366,56,0,0.5143,7430.0,4,0,0,0,2
4587,0,0.2249,58,2,0.3692,3270.0,10,0,2,0,0
4588,1,0.3957,21,4,0.4789,2420.0,7,1,0,1,0
4589,0,0.0919,58,0,0.5862,10440.0,8,0,0,0,0
4590,0,0.6406,63,0,0.8999,6750.0,12,0,0,0,2
4591,1,0.2553,59,0,0.8725,3960.0,17,0,1,0,2
4592,0,0.4097,49,0,0.1819,8540.0,1,0,1,0,0
4593,1,1.8,21,3,0.3045,5680.0,6,1,0,0,3
4594,0,0.242,47,0,0.4753,14380.0,6,0,1,0,0
4595,1,0.2249,55,0,1.1541,7320.0,5,0,0,0,0
4596,0,0.2671,51,0,0.0875,2130.0,2,0,0,0,0
4597,0,0.1481,52,0,0.3115,3310.0,6,0,1,0,2
4598,0,0.2992,48,4,0.1797,3410.0,4,1,2,1,0
4599,0,0.0256,50,0,0.1976,5920.0,17,0,1,0,0
4600,0,0.6785,38,0,0.8118,4100.0,7,0,1,0,0
4601,0,1.5647,53,0,0.3266,2500.0,7,0,1,0,1
4602,0,0.2376,36,0,0.1108,7000.0,14,0,0,0,0
4603,0,0.004,47,0,0.4086,8960.0,12,0,1,0,0
4604,1,0.1198,43,0,1.5243,4620.0,6,0,1,0,0
4605,0,0.0039,59,0,0.152,5570.0,6,0,1,0,0
4606,0,0.0583,69,0,0.6186,2750.0,1,0,1,0,0
4607,0,0.8263,55,1,1.151,3590.0,5,0,0,0,3
4608,0,0.1762,28,1,0.4362,3680.0,8,0,1,1,1
4609,0,0.2345,57,0,1.4288,6870.0,9,0,1,0,1
4610,0,0.2846,38,0,0.3024,5730.0,5,0,0,0,0
4611,1,0.0828,23,4,1.0699,4030.0,17,1,0,1,0
4612,0,0.6668,31,0,0.9286,3940.0,15,0,0,0,0
4613,0,0.3468,74,2,0.4406,1510.0,9,0,0,0,0
4614,0,0.3636,44,0,0.1841,12880.0,16,0,1,0,0
4615,0,0.2613,31,0,0.2463,1410.0,6,0,0,0,0
4616,0,0.4285,28,0,0.1101,6330.0,13,0,1,0,1
4617,0,0.1879,56,1,0.6418,5030.0,15,0,3,0,2
4618,0,0.5248,62,0,0.5972,4190.0,12,0,0,0,0
4619,0,0.2893,40,0,0.4712,4890.0,6,0,1,0,0
4620,1,0.0169,26,3,0.4174,3300.0,14,1,0,1,1
4621,0,0.0327,40,2,1.0147,7270.0,3,1,0,0,3
4622,0,0.166,56,0,0.5372,2230.0,8,0,1,0,3
4623,0,0.0116,27,0,0.3221,5980.0,17,0,0,0,0
4624,0,0.0282,35,0,0.4908,3270.0,13,0,1,0,0
4625,0,0.162,21,0,1.535,3800.0,7,0,1,0,0
4626,0,0.1211,46,0,0.6527,3870.0,8,0,0,0,3
4627,0,0.3594,30,0,0.3556,4450.0,8,0,0,0,0
4628,0,0.1026,31,1,0.4375,6640.0,9,0,2,0,1
4629,0,0.1087,27,1,0.5933,4810.0,5,0,2,1,0
4630,0,0.16,60,1,0.349,8600.0,15,0,0,0,0
4631,0,0.0132,47,0,0.331,9200.0,2,0,1,0,0
4632,0,0.3573,72,0,0.4463,5920.0,16,0,2,0,1
4633,0,0.4622,42,0,1.1179,7400.0,11,0,0,0,0
4634,0,1.2343,32,0,0.7222,16560.0,8,0,0,0,0
4635,0,0.5279,32,0,0.3514,2100.0,16,0,0,0,0
4636,0,0.1313,72,0,0.7568,9370.0,18,0,0,0,3
4637,0,0.517,52,0,0.4516,12420.0,9,0,0,0,3
4638,0,1.7625,38,0,0.5525,6380.0,11,0,0,0,0
4639,0,0.0852,56,0,0.5232,15400.0,9,0,1,0,2
4640,0,1.107,51,0,0.1267,14250.0,10,0,0,0,2
4641,0,0.1516,27,0,0.0722,4010.0,7,0,0,0,3
4642,0,0.0208,58,0,0.5148,4200.0,10,0,1,0,1
4643,0,0.024,27,0,0.2694,6760.0,1,0,1,0,0
4644,0,0.0728,31,0,0.168,3380.0,15,0,1,0,4
4645,0,0.3881,59,0,0.2744,25000.0,2,0,0,0,0
4646,0,0.4361,45,0,0.7825,7890.0,19,0,1,0,0
4647,0,0.4084,32,0,0.5569,5050.0,8,0,0,0,0
4648,1,0.1755,24,0,0.7139,2110.0,14,0,0,0,3
4649,0,0.2861,53,0,0.5897,5720.0,1,0,1,0,1
4650,0,0.4272,58,0,0.2589,2410.0,7,0,0,0,1
4651,1,0.2667,31,0,0.716,7750.0,19,0,0,0,0
4652,0,0.2096,43,1,0.6385,1100.0,10,0,1,0,1
4653,0,0.0962,39,0,0.4187,11270.0,9,0,0,0,0
4654,0,0.1687,69,0,0.4655,3810.0,6,0,0,0,0
4655,0,0.5101,63,1,0.7229,1780.0,14,1,0,0,2
4656,0,0.2749,35,0,0.2866,4870.0,13,0,2,0,0
4657,0,0.0772,48,0,0.8631,4960.0,10,0,3,0,2
4658,0,0.0928,70,0,0.6307,4730.0,19,0,0,0,0
4659,1,0.5467,39,4,0.4499,11250.0,11,1,0,1,1
4660,0,0.8273,28,0,1.1261,6180.0,17,0,0,0,0
4661,0,0.1254,37,0,0.2067,7920.0,9,0,1,0,0
4662,0,0.1756,53,0,0.3409,4230.0,9,0,0,0,0
4663,0,0.0016,74,0,0.2984,6350.0,12,0,2,0,0
4664,0,0.04,37,0,0.557,2240.0,7,0,0,0,4
4665,0,0.4203,24,0,0.9134,5740.0,15,0,0,0,1
4666,0,1.4027,30,0,0.2491,3120.0,9,0,0,0,3
4667,0,0.3234,43,0,3.2651,10850.0,6,0,0,0,0
4668,0,0.281,26,0,0.3019,5140.0,7,0,0,0,2
4669,0,0.5245,22,1,0.5579,7320.0,7,0,0,0,0
4670,0,0.1194,56,0,0.4501,5750.0,19,0,2,0,0
4671,0,0.277,65,0,0.4619,14530.0,7,0,1,0,2
4672,0,0.1722,33,0,0.2793,1930.0,4,0,1,0,0
4673,0,0.1683,49,0,0.8526,4590.0,14,0,0,0,2
4674,0,0.0718,51,0,0.2692,2760.0,16,0,0,0,3
4675,0,0.2049,57,0,0.1555,1440.0,9,0,2,0,0
4676,0,0.2519,73,0,0.2292,2660.0,8,0,0,0,3
4677,0,0.6721,68,0,1.0695,9930.0,12,0,1,0,0
4678,0,1.0656,38,1,0.9515,4830.0,13,0,2,0,1
4679,0,0.0326,73,1,0.1347,4310.0,3,0,1,0,2
4680,0,0.0421,22,0,0.7322,7820.0,18,0,0,0,1
4681,0,0.6202,72,0,0.1368,5270.0,8,0,0,0,3
4682,0,0.2894,28,1,0.442,7100.0,12,0,0,0,3
4683,0,0.4939,27,0,0.2177,5970.0,1,0,0,0,0
4684,0,0.0353,27,0,0.7668,6810.0,12,0,1,0,1
4685,0,0.0592,27,0,0.6268,3750.0,2,0,2,0,0
4686,0,0.2867,46,0,0.8088,9210.0,1,0,1,0,0
4687,0,0.1992,55,0,0.3764,2370.0,19,0,0,0,0
4688,0,0.2127,61,0,0.4006,4670.0,3,0,0,0,0
4689,0,0.7924,21,0,0.1828,9490.0,15,0,0,0,0
4690,0,0.4789,37,0,0.2421,4480.0,11,0,1,0,0
4691,0,0.1696,28,0,0.7938,3800.0,5,0,0,0,0
4692,1,0.7904,28,0,0.5601,19400.0,8,0,0,0,4
4693,0,0.207,61,0,0.4784,11510.0,3,0,3,0,3
4694,0,0.4811,55,0,0.9582,5350.0,12,0,3,0,1
4695,0,0.4662,32,0,0.206,2750.0,16,0,0,0,4
4696,0,0.1554,37,0,0.6922,1450.0,8,0,2,0,0
4697,0,0.377,70,0,0.2215,7520.0,18,0,0,0,0
4698,1,0.8692,52,1,1.0906,10500.0,4,0,1,0,0
4699,0,0.7826,33,0,0.6229,6230.0,18,0,0,0,0
4700,0,0.3198,71,2,0.8015,1760.0,16,0,0,0,0
4701,0,0.0938,31,0,0.2949,5410.0,2,0,1,0,0
4702,0,0.1102,36,0,1.6641,3670.0,17,0,0,0,0
4703,1,0.5412,58,0,1.4905,5420.0,2,0,3,0,0
4704,0,0.2625,48,1,0.5817,15770.0,19,1,0,0,0
4705,0,0.2667,24,0,0.9095,7890.0,13,0,0,0,1
4706,0,0.0195,64,0,0.3749,6940.0,4,0,1,0,3
4707,0,0.1037,33,0,0.2099,4780.0,18,0,1,0,2
4708,0,0.3907,58,0,0.7243,6300.0,6,0,0,0,0
4709,0,0.1008,39,0,0.2588,3180.0,3,0,1,0,0
4710,0,0.0577,61,1,0.9862,6860.0,6,0,0,0,2
4711,0,0.139,69,0,0.8426,4380.0,17,0,0,0,0
4712,0,0.4096,62,1,0.5174,3000.0,18,0,0,0,0
4713,0,0.419,70,0,0.5004,8010.0,18,0,0,0,0
4714,0,0.2784,50,1,0.8135,1290.0,12,0,0,0,0
4715,0,0.2235,24,3,0.5298,3540.0,4,1,1,0,0
4716,0,0.7196,49,0,0.3525,7100.0,18,0,0,0,0
4717,1,0.652,45,3,0.1811,10250.0,10,1,0,0,0
4718,0,0.1879,59,1,0.7988,6520.0,17,0,0,0,1
4719,0,0.7563,34,0,0.5598,3280.0,2,0,1,0,1
4720,1,0.8365,58,0,2.3476,4770.0,5,0,1,0,4
4721,0,0.3779,44,0,0.4242,5850.0,5,0,1,0,0
4722,0,0.1845,57,0,0.5386,12540.0,9,0,1,0,1
4723,0,0.2672,43,0,0.5462,8540.0,17,0,0,0,0
4724,0,0.1068,41,0,0.664,8580.0,8,0,0,0,1
4725,0,0.6306,32,0,0.2515,5110.0,12,0,1,0,0
4726,0,0.2228,65,0,0.429,2580.0,10,0,0,0,0
4727,0,0.5176,24,0,0.7383,2110.0,19,0,1,0,0
4728,0,0.5141,33,0,0.368,4100.0,19,0,1,0,3
4729,0,0.0211,44,4,0.7219,7480.0,17,1,0,1,0
4730,0,0.6976,29,0,0.4762,3640.0,4,0,2,0,2
4731,0,0.068,70,0,0.5719,6930.0,17,0,2,0,1
4732,0,0.1126,39,0,0.8964,3050.0,15,0,0,0,0
4733,0,0.2846,34,3,0.392,3350.0,7,1,1,0,1
4734,0,0.2992,34,0,0.188,11440.0,5,0,2,0,0
4735,0,0.1677,31,0,0.383,7790.0,19,0,1,0,1
4736,1,0.1662,56,0,0.2738,4090.0,15,0,2,0,0
4737,1,0.4836,46,0,0.1255,2990.0,5,0,0,0,2
4738,0,0.2602,33,0,0.4215,8680.0,4,0,2,0,0
4739,0,0.4236,68,0,0.5063,8320.0,12,0,1,0,4
4740,0,0.7321,56,0,0.829,7210.0,11,0,0,0,0
4741,0,0.2126,42,0,0.2268,4420.0,16,0,0,0,3
4742,0,0.2278,48,3,0.4738,2550.0,13,1,1,0,0
4743,1,0.1688,56,0,0.8841,4870.0,16,0,0,0,0
4744,0,0.1218,29,2,0.3183,11440.0,9,1,0,0,2
4745,0,0.6503,64,0,0.6199,2850.0,19,0,0,0,2
4746,0,0.0482,34,0,1.1719,5060.0,19,0,0,0,0
4747,0,0.441,22,0,0.147,13110.0,18,0,0,0,0
4748,0,0.1867,49,0,0.5292,4090.0,14,0,0,0,0
4749,0,0.2087,68,0,0.9028,4550.0,8,0,0,0,2
4750,0,0.948,60,0,0.3641,2190.0,3,0,0,0,0
4751,0,0.1553,37,0,1.0326,7140.0,11,0,1,0,1
4752,0,0.1795,42,0,0.6574,3150.0,8,0,0,0,0
4753,0,0.0947,53,0,1.299,1930.0,4,0,2,0,0
4754,0,0.199,33,1,0.6373,2770.0,6,0,3,0,1
4755,0,0.0797,65,0,1.3655,5570.0,16,0,2,0,0
4756,0,0.296,36,0,0.5379,1900.0,6,0,0,0,0
4757,0,0.1482,32,0,0.1978,2140.0,2,0,2,0,3
4758,0,0.2079,26,0,0.3077,6870.0,5,0,1,0,0
4759,1,0.8672,58,3,0.8278,4710.0,4,1,0,0,0
4760,0,1.5346,22,0,0.8181,2840.0,4,0,3,0,0
4761,0,0.0688,64,2,0.3729,4050.0,9,0,0,0,0
4762,0,0.7193,73,0,1.3265,13950.0,17,0,1,0,0
4763,0,0.0128,27,0,0.3634,10600.0,8,0,0,0,0
4764,0,0.2792,26,0,0.5929,4610.0,19,0,0,0,0
4765,0,1.0795,71,0,0.5831,8020.0,17,0,1,0,2
4766,0,0.2992,27,0,0.2022,5280.0,4,0,1,0,0
4767,0,0.9035,43,0,0.4205,1700.0,12,0,1,0,1
4768,0,0.453,68,1,1.8742,1520.0,16,1,0,0,0
4769,0,0.222,28,0,0.2584,2850.0,14,0,2,0,0
4770,0,0.3127,56,0,0.6538,1910.0,5,0,0,0,0
4771,0,0.3027,41,0,0.2248,5780.0,14,0,0,0,0
4772,0,0.469,44,0,0.2568,3530.0,10,0,0,0,0
4773,0,0.1932,71,0,0.1923,6340.0,5,0,0,0,2
4774,0,0.2119,56,0,0.7903,6400.0,4,0,1,0,0
4775,1,1.4218,38,0,0.2664,7440.0,8,0,0,0,1
4776,0,0.1086,71,0,0.9613,2810.0,6,0,0,0,2
4777,0,0.1263,52,0,0.3267,6700.0,11,0,0,0,0
4778,1,0.193,26,1,0.4852,2770.0,8,1,0,1,0
4779,0,0.2164,42,0,0.5751,7530.0,3,0,0,0,3
4780,1,0.0869,34,2,0.1703,10240.0,14,0,3,0,0
4781,1,0.1039,55,0,0.5077,7580.0,2,0,2,0,0
4782,0,0.0207,67,0,0.5543,4420.0,10,0,2,0,0
4783,1,0.0944,23,2,0.8905,6910.0,2,0,1,0,0
4784,0,0.3812,63,0,0.2527,1960.0,16,0,3,0,0
4785,0,0.2042,70,0,0.2752,1710.0,7,0,0,0,3
4786,0,0.0595,74,0,0.6675,6500.0,2,0,0,0,0
4787,0,0.0069,56,0,1.0486,10770.0,5,0,2,0,2
4788,1,0.1301,37,0,0.3149,2350.0,11,0,1,0,0
4789,0,0.0463,28,0,0.2141,4960.0,15,0,0,0,0
4790,0,0.0061,72,1,0.3716,6400.0,3,0,0,0,1
4791,0,0.4693,43,0,0.2446,3400.0,7,0,0,0,1
4792,0,0.4276,39,0,0.5704,4010.0,3,0,0,0,2
4793,0,0.0904,60,0,0.2351,7100.0,5,0,1,0,0
4794,1,0.0661,59,0,0.8055,5240.0,6,0,0,0,0
4795,0,0.3689,64,0,0.5105,5260.0,12,0,0,0,2
4796,1,0.187,68,0,0.8207,2730.0,2,0,0,0,0
4797,0,0.1916,68,0,0.105,4820.0,12,0,1,0,0
4798,0,0.186,30,0,0.1565,3870.0,15,0,1,0,0
4799,0,0.4131,30,0,0.9759,4000.0,18,0,0,0,0
4800,0,1.1771,32,0,0.2918,3550.0,10,0,0,0,0
4801,0,0.2556,54,0,0.1864,4830.0,10,0,0,0,0
4802,0,1.1903,52,0,0.3979,2920.0,13,0,1,0,0
4803,0,0.0669,67,0,0.5197,4950.0,19,0,0,0,0
4804,0,0.3176,66,0,0.4087,3950.0,2,0,1,0,3
4805,0,0.03,64,0,0.595,2810.0,4,0,0,0,1
4806,0,0.3087,25,0,0.5485,1530.0,5,0,2,0,0
4807,1,0.4825,58,1,0.5316,8680.0,4,0,1,0,2
4808,0,0.0719,66,0,1.0091,7690.0,10,0,1,0,1
4809,0,0.1004,74,0,0.4455,3030.0,1,0,0,0,0
4810,0,0.4349,39,1,0.4377,7400.0,2,0,0,0,1
4811,0,0.126,62,1,0.7274,2660.0,13,0,0,0,3
4812,0,0.0076,42,0,0.626,4090.0,4,0,0,0,0
4813,0,0.4316,29,1,0.2614,3580.0,7,0,0,0,4
4814,0,0.4114,39,0,0.4252,4160.0,1,0,1,0,0
4815,0,0.098,34,0,0.5845,7240.0,15,0,1,0,0
4816,0,0.9338,70,0,0.316,3860.0,18,0,0,0,0
4817,0,0.112,30,1,0.3251,4010.0,14,0,2,0,0
4818,0,0.0425,28,0,0.195,7680.0,9,0,0,0,0
4819,0,0.1743,52,0,0.0797,5100.0,8,0,0,0,3
4820,0,0.013,52,0,0.359,3450.0,1,0,0,0,1
4821,0,0.2068,51,0,0.485,5680.0,5,0,0,0,3
4822,0,0.3309,28,0,0.2329,8920.0,9,0,1,0,1
4823,1,1.1214,47,0,1.0271,9260.0,1,0,0,0,2
4824,0,0.8822,71,0,0.2398,2220.0,17,0,0,0,0
4825,0,0.2948,25,0,0.7769,2290.0,12,0,1,0,2
4826,0,0.0204,64,0,0.5776,8950.0,4,0,0,0,2
4827,0,0.2648,27,0,1.6583,4140.0,17,0,0,0,1
4828,0,0.4129,33,0,0.6212,1310.0,5,0,1,0,1
4829,0,0.654,69,2,0.1887,3170.0,13,0,0,0,2
4830,0,0.858,37,0,0.8459,3780.0,19,0,1,0,0
4831,0,0.1874,49,0,1.2443,4070.0,7,0,1,0,0
4832,1,0.0267,41,0,0.1552,7780.0,17,0,1,0,3
4833,1,0.6302,54,1,0.6593,2810.0,18,0,0,0,0
4834,0,0.0641,42,0,0.7529,8620.0,11,0,2,0,0
4835,0,0.3637,44,0,0.3955,5830.0,13,0,0,0,1
4836,0,0.1002,65,0,0.1051,2270.0,4,0,0,0,0
4837,0,0.0936,50,0,0.3762,4060.0,16,0,1,0,2
4838,0,0.8395,51,0,0.3171,6610.0,5,0,1,0,1
4839,0,0.2888,64,0,1.1251,5030.0,6,0,1,0,4
4840,0,0.6474,44,1,0.4261,6170.0,17,0,1,0,1
4841,0,0.1471,65,1,0.3509,3450.0,4,0,2,0,1
4842,0,0.2287,59,0,0.316,6860.0,13,0,0,0,0
4843,0,0.273,68,1,0.5463,3870.0,7,0,0,0,0
4844,0,0.6175,45,0,0.4649,22650.0,7,0,1,0,0
4845,0,0.214,51,0,0.2797,2230.0,18,0,0,0,1
4846,0,0.2757,27,0,0.5265,24800.0,1,0,0,0,2
4847,0,0.2668,27,0,0.3216,2780.0,15,0,1,0,0
4848,0,0.3145,26,0,0.0949,10540.0,3,0,0,0,1
4849,0,0.0366,55,0,0.6709,8070.0,16,0,2,0,0
4850,0,0.1496,38,0,0.6338,2850.0,14,0,1,0,1
4851,0,0.0145,36,0,0.5065,7040.0,12,0,1,0,2
4852,0,0.0119,53,0,0.3446,3650.0,13,0,0,0,0
4853,1,1.1403,42,0,0.4303,5800.0,1,0,3,0,1
4854,0,0.0297,28,0,0.7346,5370.0,7,0,3,0,0
4855,0,0.3555,51,0,0.3076,3990.0,14,0,1,0,0
4856,0,0.1505,50,0,0.7526,3790.0,12,0,0,0,1
4857,0,0.0838,28,0,0.1855,6030.0,4,0,0,0,0
4858,1,0.5276,35,0,0.497,2860.0,15,0,0,0,0
4859,0,0.0625,33,0,0.4563,2920.0,6,0,0,0,1
4860,1,0.6634,58,1,0.8201,8720.0,13,0,0,0,2
4861,0,0.1526,34,1,0.2589,6360.0,13,0,0,0,1
4862,0,0.0197,22,0,0.2764,2240.0,5,0,2,0,0
4863,0,0.1263,35,0,0.1946,2690.0,1,0,1,0,0
4864,1,0.3407,46,2,0.3198,1360.0,19,1,1,1,0
4865,0,0.1412,62,0,0.5237,8480.0,15,0,1,0,3
4866,1,0.0631,23,0,0.1528,7430.0,1,0,0,0,1
4867,0,0.1328,68,0,0.3445,2560.0,4,0,3,0,0
4868,0,0.0583,38,1,0.6482,7260.0,11,0,1,0,0
4869,0,0.664,39,0,0.4224,16180.0,17,0,0,0,0
4870,0,0.2325,21,0,0.4701,1950.0,5,0,1,0,0
4871,0,0.2877,35,1,0.182,3400.0,10,1,1,0,1
4872,0,0.9881,46,0,0.4232,1930.0,14,0,1,0,0
4873,0,0.0815,54,0,0.4571,8680.0,17,0,0,0,0
4874,1,0.0608,62,3,0.4073,4640.0,11,1,1,1,0
4875,0,0.082,49,0,0.4925,3870.0,8,0,0,0,2
4876,0,0.8929,26,1,0.3733,5630.0,4,0,1,0,0
4877,1,0.5257,42,2,0.3418,3520.0,11,1,1,1,2
4878,0,1.1228,60,0,0.2408,3860.0,10,0,1,0,0
4879,0,0.0365,55,0,0.8063,5800.0,17,0,1,0,0
4880,0,0.0971,52,0,0.2152,3410.0,10,0,3,0,3
4881,0,0.0602,48,1,0.494,3710.0,15,1,0,0,0
4882,1,0.4318,48,1,1.3336,4470.0,8,0,0,0,0
4883,0,0.0761,74,1,0.8701,5190.0,10,0,1,0,0
4884,1,0.8086,53,0,0.6099,7050.0,1,0,1,0,0
4885,0,0.1395,53,0,0.522,6970.0,10,0,1,0,0
4886,0,0.7104,39,0,0.4162,2000.0,4,0,3,0,1
4887,0,0.1416,47,0,0.2616,11440.0,7,0,0,0,0
4888,1,0.0402,59,0,0.3859,5090.0,19,0,1,0,3
4889,0,0.3886,67,1,0.6344,4030.0,13,0,0,0,2
4890,0,0.1278,63,0,0.5677,2860.0,4,0,1,0,2
4891,0,0.0447,56,0,0.7213,16210.0,11,0,0,0,1
4892,0,0.1161,63,0,0.9341,20250.0,9,0,0,0,0
4893,0,0.1414,22,0,0.4086,15060.0,15,0,2,0,1
4894,1,1.8,35,0,0.5041,5290.0,6,0,1,0,1
4895,1,0.3478,34,4,0.1438,6040.0,13,1,1,1,2
4896,1,0.0497,56,1,1.7397,12020.0,15,1,0,0,0
4897,0,0.1124,61,0,0.3505,4250.0,14,0,0,0,0
4898,0,0.2492,28,0,0.6643,6800.0,11,0,0,0,1
4899,0,0.0982,31,0,0.3504,5630.0,1,0,0,0,0
4900,0,0.1354,47,0,0.3455,15540.0,14,0,1,0,4
4901,1,0.0666,73,0,0.3898,11640.0,19,0,1,0,0
4902,0,0.0304,21,0,0.2129,4520.0,13,0,0,0,1
4903,0,0.7259,68,0,0.1015,12270.0,12,0,0,0,2
4904,0,0.1266,31,0,0.9011,4900.0,10,0,2,0,0
4905,0,0.2606,35,0,0.6234,3540.0,2,0,0,0,1
4906,0,0.1035,55,0,0.2594,4140.0,19,0,0,0,3
4907,0,0.8414,60,0,0.5893,5370.0,8,0,0,0,3
4908,0,0.2243,68,0,0.7367,3070.0,14,0,0,0,0
4909,0,0.0366,21,1,0.2965,3600.0,11,0,0,0,0
4910,0,0.2409,23,0,0.5753,2070.0,14,0,0,0,0
4911,0,0.2991,46,0,0.8221,3000.0,2,0,1,0,0
4912,0,0.0298,51,0,0.1896,5660.0,14,0,0,0,0
4913,0,0.5443,35,0,0.6188,9180.0,11,0,0,0,0
4914,0,0.2284,55,0,0.5591,8510.0,9,0,1,0,0
4915,0,0.055,35,0,1.3886,6360.0,15,0,0,0,0
4916,0,0.8809,71,0,0.6276,1960.0,13,0,1,0,3
4917,0,0.4581,30,2,0.3512,2930.0,15,0,0,0,1
4918,0,0.3232,56,0,0.3764,4370.0,12,0,0,0,0
4919,0,0.014,49,0,1.5129,8760.0,15,0,0,0,0
4920,0,1.062,26,0,0.3632,3520.0,17,0,1,0,0
4921,0,0.1685,53,1,0.6387,2360.0,16,0,0,0,1
4922,0,0.1413,28,0,0.3894,11720.0,19,0,3,0,0
4923,0,0.0187,50,2,0.8596,3160.0,11,0,0,1,1
4924,0,0.1076,55,0,0.8855,2500.0,10,0,1,0,0
4925,0,0.637,24,0,0.4433,5630.0,2,0,1,0,1
4926,0,0.6275,32,0,0.352,4770.0,12,0,3,0,0
4927,0,0.0314,36,0,0.347,3640.0,13,0,0,0,0
4928,0,0.1735,71,0,0.1594,4920.0,6,0,0,0,0
4929,0,0.4274,32,0,0.4773,2820.0,1,0,2,0,0
4930,0,0.2291,70,0,0.4715,3620.0,17,0,0,0,0
4931,0,0.0875,49,0,0.2754,4810.0,3,0,1,0,0
4932,1,0.3322,72,0,0.1494,1450.0,14,0,2,0,2
4933,0,0.227,65,0,0.5085,8720.0,19,0,3,0,0
4934,0,0.2463,36,0,0.5486,2160.0,18,0,1,0,1
4935,0,0.0601,51,0,0.5694,2800.0,5,0,0,0,0
4936,0,0.1796,59,0,0.2481,8960.0,12,0,1,0,0
4937,0,0.4773,25,1,0.5701,6920.0,18,0,1,1,0
4938,0,0.2285,56,0,0.4037,5180.0,14,0,0,0,0
4939,0,0.3237,45,0,0.7548,1760.0,6,0,1,0,1
4940,0,0.1529,22,0,0.2504,3420.0,2,0,2,0,2
4941,0,0.5461,67,0,0.8959,4320.0,10,0,1,0,0
4942,0,0.04,35,0,1.1118,4510.0,12,0,0,0,2
4943,0,0.4103,68,0,0.4817,9750.0,4,0,1,0,0
4944,0,0.0671,32,1,0.5725,16260.0,8,0,0,0,1
4945,0,0.0988,50,0,0.7192,7110.0,8,0,1,0,0
4946,0,0.7542,41,0,0.2428,3570.0,10,0,0,0,1
4947,0,0.1791,69,0,0.3356,10180.0,2,0,1,0,0
4948,0,0.1996,72,1,0.5018,3450.0,7,0,0,0,0
4949,0,0.3568,62,0,1.5161,1020.0,16,0,0,0,1
4950,0,0.4064,66,0,0.2192,2320.0,6,0,0,0,0
4951,0,0.3497,62,0,1.2004,1180.0,16,0,1,0,0
4952,0,0.2773,36,0,0.4001,3900.0,16,0,3,0,1
4953,0,0.0027,70,0,0.4401,4420.0,17,0,0,0,1
4954,0,0.0578,49,0,0.9332,1890.0,11,0,1,0,1
4955,0,0.1102,39,1,1.5111,2940.0,7,1,1,0,2
4956,1,0.6321,31,4,0.5791,2090.0,5,1,1,0,0
4957,0,0.8884,59,0,0.9038,4550.0,11,0,2,0,1
4958,0,0.2273,35,2,0.2587,2950.0,15,0,2,1,0
4959,0,0.161,56,0,0.327,9010.0,16,0,2,0,0
4960,0,1.1243,24,0,0.1996,5440.0,2,0,0,0,1
4961,1,0.2466,55,2,0.3298,12870.0,18,0,0,1,0
4962,0,0.4317,55,0,0.6307,3740.0,6,0,0,0,2
4963,0,0.2878,49,0,0.5103,17790.0,5,0,0,0,0
4964,0,0.1589,56,0,1.2665,4920.0,7,0,0,0,0
4965,0,0.1974,74,0,1.5416,3580.0,7,0,1,0,0
4966,0,0.3618,66,1,0.414,20850.0,4,0,2,0,2
4967,0,0.8224,44,0,0.2989,1640.0,7,0,1,0,0
4968,0,0.1995,68,0,0.9012,3530.0,17,0,1,0,0
4969,0,0.1824,72,0,0.9594,1810.0,1,0,0,0,1
4970,0,0.0193,29,0,0.5855,1630.0,13,0,3,0,0
4971,0,0.0451,40,0,0.6861,1420.0,17,0,0,0,1
4972,0,0.0032,61,2,0.6247,7120.0,13,1,0,0,2
4973,0,0.0472,48,0,0.2483,2210.0,10,0,2,0,4
4974,0,0.5211,28,1,0.2163,4220.0,12,0,1,0,0
4975,0,0.4575,46,0,0.4358,8390.0,11,0,0,0,1
4976,0,0.5216,41,0,0.3983,6490.0,8,0,1,0,1
4977,0,0.0103,60,0,0.5306,6300.0,17,0,1,0,0
4978,0,0.3815,48,0,0.4153,10180.0,13,0,2,0,3
4979,0,0.1098,28,1,0.1617,12910.0,2,0,0,0,2
4980,0,0.2218,23,0,0.1265,2320.0,14,0,0,0,0
4981,0,0.7543,36,0,0.6994,6570.0,5,0,1,0,4
4982,0,0.2844,29,1,0.3019,4170.0,11,0,3,1,0
4983,0,0.0436,68,0,0.3909,4500.0,4,0,0,0,0
4984,0,0.1716,35,0,0.3215,1980.0,9,0,1,0,0
4985,1,1.0869,55,0,0.2598,3570.0,3,0,0,0,0
4986,0,0.7991,27,0,0.2557,3810.0,5,0,0,0,0
4987,0,0.5428,44,0,0.8285,11590.0,17,0,1,0,3
4988,0,0.0471,71,0,0.3893,2460.0,2,0,1,0,2
4989,0,0.058,55,0,0.6576,1170.0,6,0,1,0,1
4990,0,0.0353,36,0,0.7128,4900.0,1,0,0,0,0
4991,0,0.0493,61,0,0.5433,2310.0,4,0,1,0,2
4992,0,0.0042,48,0,0.727,4520.0,14,0,0,0,0
4993,0,0.644,33,0,0.4532,7310.0,11,0,0,0,3
4994,1,0.4171,74,0,1.0185,4630.0,7,0,0,0,0
4995,1,0.5431,71,0,0.7364,3790.0,2,0,0,0,0
4996,0,0.2336,51,0,0.7976,4470.0,14,0,0,0,0
4997,0,0.0012,22,0,0.2559,8170.0,5,0,0,0,2
4998,0,0.2165,43,0,0.5262,2460.0,10,0,0,0,1
4999,0,0.0223,48,0,0.1494,7610.0,3,0,0,0,0
5000,0,0.6739,71,1,1.0414,2690.0,9,1,1,0,0
5001,0,0.0111,60,0,0.3091,7050.0,17,0,0,0,1
5002,0,0.1319,33,1,0.3359,1950.0,12,0,0,1,1
5003,0,0.6332,48,1,0.1978,6810.0,10,0,2,1,0
5004,0,0.5345,30,0,0.4397,4620.0,4,0,1,0,2
5005,0,0.6013,46,3,0.3825,5210.0,6,1,0,1,2
5006,0,0.3496,49,0,1.3413,8740.0,19,0,0,0,0
5007,0,0.0771,48,0,0.7524,3000.0,18,0,0,0,0
5008,0,0.5329,44,1,0.33,4840.0,7,0,3,0,0
5009,0,0.69,44,0,0.1653,5900.0,13,0,1,0,1
5010,0,0.6994,64,0,0.1142,4110.0,15,0,1,0,3
5011,0,0.5659,48,0,0.2427,7560.0,8,0,0,0,0
5012,0,0.3746,23,0,0.2022,5990.0,5,0,0,0,2
5013,0,0.7973,61,0,0.5539,3470.0,7,0,2,0,0
5014,0,0.5549,54,0,0.4119,10470.0,9,0,0,0,0
5015,1,0.0245,58,3,0.454,6890.0,7,0,0,1,2
5016,0,0.1218,59,0,0.2543,2960.0,10,0,0,0,1
5017,0,0.1482,30,0,0.4922,2950.0,3,0,1,0,0
5018,0,0.6966,73,0,0.1916,4310.0,6,0,0,0,1
5019,0,0.2878,74,0,0.4261,6430.0,4,0,0,0,1
5020,0,0.0189,28,1,0.7394,1300.0,7,0,0,0,0
5021,0,0.0388,32,0,0.3609,3040.0,6,0,0,0,0
5022,0,0.1306,34,0,0.5864,3480.0,9,0,3,0,2
5023,0,0.0865,73,1,0.1372,2070.0,19,0,0,1,3
5024,0,0.0618,71,0,0.1308,2660.0,16,0,1,0,3
5025,0,0.1104,35,0,0.5468,5340.0,12,0,0,0,1
5026,0,0.3779,55,2,0.8422,3670.0,10,1,1,0,0
5027,0,0.4291,34,0,0.3895,3840.0,7,0,0,0,1
5028,1,0.9079,23,0,1.6276,2150.0,2,0,0,0,2
5029,0,0.2802,33,0,0.189,4320.0,12,0,1,0,4
5030,0,0.1391,25,0,0.2988,1990.0,5,0,0,0,1
5031,1,0.1864,66,0,0.4887,11790.0,1,0,1,0,0
5032,1,0.0151,63,0,0.5937,13990.0,19,0,1,0,0
5033,0,0.1362,30,0,0.3165,3700.0,4,0,0,0,1
5034,0,0.0761,51,1,0.238,2510.0,2,0,0,0,2
5035,1,0.0456,32,0,0.6519,8210.0,12,0,0,0,3
5036,0,0.1654,51,0,0.4867,7010.0,13,0,0,0,0
5037,0,0.0491,69,0,0.3654,15140.0,6,0,0,0,0
5038,0,0.0244,68,0,0.6061,17760.0,5,0,1,0,2
5039,0,0.3302,65,0,0.414,1460.0,3,0,1,0,0
5040,1,0.5039,34,0,0.4132,9850.0,9,0,2,0,0
5041,0,0.2025,31,1,0.4042,4300.0,8,1,0,0,0
5042,0,0.0016,29,0,0.2745,6830.0,7,0,0,0,0
5043,0,0.1593,27,2,0.2583,7840.0,18,0,1,1,0
5044,1,0.0176,54,2,0.3278,7640.0,19,0,0,0,0
5045,0,0.3785,56,0,0.4581,8960.0,17,0,1,0,4
5046,0,0.6916,68,0,0.1462,3510.0,11,0,0,0,0
5047,0,0.2914,25,0,0.792,2770.0,19,0,0,0,2
5048,0,0.0894,35,0,0.4543,10020.0,5,0,0,0,0
5049,0,0.8998,60,1,0.2372,2910.0,15,0,0,0,3
5050,0,0.372,57,0,1.1853,15020.0,12,0,0,0,0
5051,0,0.0268,44,0,0.4607,3110.0,12,0,1,0,0
5052,1,0.074,29,2,0.2017,3910.0,2,0,0,0,1
5053,1,0.4435,47,4,1.1538,4380.0,3,1,1,1,1
5054,0,0.0764,30,0,1.013,1950.0,18,0,1,0,0
5055,1,0.2398,49,3,0.2605,1950.0,6,1,0,1,0
5056,0,0.1614,69,0,0.3702,8490.0,7,0,0,0,0
5057,0,0.1177,31,0,0.3415,1750.0,14,0,2,0,0
5058,0,0.043,27,0,0.1446,22290.0,17,0,0,0,0
5059,0,0.4072,60,0,0.546,4640.0,8,0,0,0,0
5060,0,0.3323,22,0,0.7461,2650.0,16,0,1,0,0
5061,0,0.7086,74,0,0.6664,6320.0,12,0,0,0,1
5062,0,0.0945,62,0,0.4582,1120.0,4,0,0,0,0
5063,1,0.016,42,1,0.7908,4020.0,11,1,0,0,0
5064,0,0.799,40,0,0.2274,4350.0,19,0,0,0,0
5065,0,0.32,41,0,1.3377,2300.0,19,0,1,0,1
5066,0,0.0014,42,0,0.2827,3360.0,19,0,0,0,0
5067,0,1.543,66,0,0.3022,12280.0,2,0,0,0,0
5068,0,0.7308,64,0,0.3182,5490.0,16,0,2,0,0
5069,0,0.1482,32,0,0.3046,6250.0,10,0,0,0,1
5070,0,0.3162,30,0,0.4003,3070.0,9,0,1,0,1
5071,1,0.1101,50,2,0.3911,2220.0,9,1,1,0,1
5072,0,0.0942,56,0,0.4857,4250.0,13,0,0,0,1
5073,0,0.1871,60,0,0.2749,1120.0,10,0,1,0,0
5074,0,0.1189,37,1,0.4966,2550.0,2,1,1,0,1
5075,0,0.1315,47,1,0.2336,2320.0,8,0,0,0,2
5076,0,0.0262,26,0,0.6973,1450.0,18,0,2,0,0
5077,1,1.6996,45,2,0.6921,7260.0,3,1,0,0,3
5078,0,0.344,58,0,0.4478,4540.0,5,0,0,0,0
5079,0,0.0396,37,0,0.3043,3390.0,3,0,1,0,0
5080,0,0.0493,38,0,0.5415,7350.0,14,0,1,0,1
5081,0,0.4605,45,0,0.2638,1830.0,16,0,0,0,0
5082,0,1.8,67,0,0.4587,2190.0,16,0,1,0,4
5083,0,0.2341,53,0,0.4102,9610.0,2,0,1,0,0
5084,0,0.0777,70,0,2.177,19320.0,19,0,0,0,1
5085,1,1.5836,24,1,0.2152,7410.0,17,0,0,0,0
5086,1,0.3536,66,0,0.0907,6520.0,16,0,0,0,0
5087,0,0.1024,23,0,0.3065,3470.0,17,0,1,0,1
5088,0,0.2656,38,0,0.1605,3510.0,16,0,3,0,0
5089,0,0.2484,44,1,0.2905,5630.0,1,0,0,0,1
5090,0,0.4335,33,0,0.2063,11200.0,14,0,0,0,3
5091,0,0.3312,74,1,0.2611,6350.0,18,1,2,0,0
5092,0,0.956,69,0,0.2372,8730.0,11,0,0,0,1
5093,0,0.5725,51,0,0.8007,2840.0,18,0,1,0,1
5094,0,0.1553,45,1,0.4364,7120.0,1,0,0,0,2
5095,0,0.8921,62,0,0.8566,3290.0,12,0,1,0,0
5096,0,0.113,59,0,0.4604,5350.0,19,0,0,0,1
5097,0,0.1821,46,0,0.7844,7110.0,11,0,1,0,1
5098,0,0.0174,65,1,0.3748,3570.0,9,0,0,0,0
5099,0,0.4658,31,0,1.1697,2670.0,6,0,0,0,1
5100,0,0.3053,35,0,0.5961,6110.0,16,0,1,0,2
5101,0,0.4736,21,0,0.2814,4530.0,18,0,2,0,1
5102,0,1.1676,27,0,0.6515,5330.0,8,0,1,0,0
5103,0,0.1744,31,0,0.4567,7290.0,10,0,0,0,0
5104,0,0.4965,54,0,0.3979,10770.0,9,0,0,0,1
5105,0,0.3778,67,0,0.476,7320.0,13,0,0,0,0
5106,1,0.7839,52,1,0.7052,6760.0,9,0,2,1,0
5107,0,1.0208,45,0,0.1261,3640.0,14,0,0,0,0
5108,0,0.7538,35,0,0.364,3990.0,19,0,1,0,0
5109,0,0.2308,26,0,0.6768,6460.0,6,0,1,0,2
5110,0,0.0773,52,0,0.5215,3950.0,5,0,1,0,2
5111,0,0.0413,28,0,0.2286,6440.0,11,0,1,0,1
5112,0,0.1131,63,0,0.1085,3010.0,10,0,0,0,0
5113,1,0.1809,43,0,1.2468,15640.0,9,0,0,0,1
5114,0,0.9603,39,1,0.4016,5520.0,3,0,0,0,1
5115,0,0.16,22,0,1.1145,5310.0,3,0,0,0,0
5116,0,0.0093,34,0,0.724,3680.0,10,0,0,0,1
5117,0,0.1497,21,1,0.2791,15490.0,14,1,2,0,0
5118,0,0.1664,60,0,0.1002,2320.0,11,0,0,0,1
5119,0,0.0989,47,0,0.3405,3220.0,15,0,0,0,1
5120,0,0.2778,63,0,0.4394,8200.0,3,0,0,0,0
5121,0,0.1855,51,0,0.5888,5670.0,18,0,0,0,0
5122,0,0.0258,72,0,0.2307,3480.0,14,0,0,0,2
5123,0,0.2289,63,0,0.5,3540.0,13,0,1,0,0
5124,0,0.5153,28,0,0.4999,4130.0,16,0,1,0,2
5125,0,0.3788,27,0,0.8119,5230.0,18,0,1,0,0
5126,0,0.0265,69,2,0.3738,12480.0,16,0,1,0,3
5127,0,0.8997,35,0,0.5861,7070.0,10,0,0,0,0
5128,0,0.2879,62,0,0.5342,9080.0,14,0,1,0,0
5129,1,0.2322,54,2,0.7598,3790.0,9,0,1,0,0
5130,0,0.0899,58,0,0.2747,6700.0,3,0,1,0,2
5131,0,0.6268,35,1,0.0712,1930.0,19,0,0,0,1
5132,1,0.4292,37,1,0.3898,5480.0,12,1,0,0,2
5133,1,0.012,50,0,0.3912,5280.0,15,0,0,0,0
5134,0,0.0373,22,2,0.2244,14660.0,14,0,0,0,2
5135,0,0.0183,37,0,0.1818,12510.0,7,0,1,0,0
5136,1,0.2754,48,0,0.3183,4210.0,15,0,0,0,0
5137,0,1.8,32,0,0.4194,3010.0,7,0,1,0,4
5138,0,0.9013,36,0,0.4758,3060.0,14,0,3,0,0
5139,0,0.3086,74,0,0.114,4120.0,16,0,0,0,0
5140,0,1.3238,36,0,0.1569,10730.0,12,0,3,0,1
5141,0,0.202,69,0,0.8849,6300.0,10,0,0,0,2
5142,0,0.1177,71,0,0.401,6710.0,14,0,0,0,0
5143,0,0.2402,57,2,0.4487,8000.0,2,1,2,0,2
5144,1,0.0973,29,3,0.2019,2710.0,17,1,0,1,4
5145,0,0.124,32,0,0.4481,3210.0,10,0,0,0,0
5146,0,0.2623,71,0,0.3587,6720.0,11,0,0,0,3
5147,0,0.3497,21,0,0.31,3080.0,4,0,1,0,0
5148,0,0.6221,48,0,0.1869,1970.0,3,0,0,0,1
5149,1,0.199,53,0,0.2668,2570.0,7,0,1,0,2
5150,1,0.4605,66,0,1.467,9250.0,16,0,1,0,0
5151,0,0.0133,69,2,0.3643,3930.0,1,0,2,0,2
5152,0,0.0883,36,0,0.7216,5630.0,13,0,2,0,1
5153,0,0.0662,48,1,0.3994,2650.0,19,0,0,1,0
5154,0,0.3212,55,1,0.3726,6170.0,14,1,1,0,3
5155,0,0.0463,73,0,0.3068,4180.0,6,0,2,0,0
5156,0,1.5557,51,0,1.0074,6420.0,6,0,0,0,0
5157,0,0.2825,27,0,0.5621,3690.0,7,0,3,0,0
5158,0,0.6752,70,3,0.2798,6650.0,3,1,1,0,2
5159,0,0.0286,48,0,0.3547,3580.0,12,0,2,0,1
5160,0,0.3412,30,0,0.8569,4680.0,15,0,0,0,1
5161,1,0.5176,31,3,0.0818,4180.0,10,0,0,1,0
5162,0,0.3163,32,0,0.5413,4990.0,1,0,2,0,2
5163,0,0.2653,59,0,0.6204,5810.0,17,0,0,0,1
5164,0,0.4529,72,0,0.2865,3650.0,8,0,2,0,0
5165,0,1.0784,44,0,0.493,4570.0,10,0,0,0,0
5166,0,0.3277,26,1,0.6074,5500.0,10,0,0,0,0
5167,0,0.665,68,0,0.2147,6660.0,13,0,1,0,1
5168,0,0.1565,55,0,0.7447,4700.0,1,0,2,0,0
5169,0,0.1973,51,0,0.5371,2890.0,5,0,0,0,1
5170,0,0.3307,24,0,0.4099,5180.0,12,0,1,0,3
5171,0,0.0633,73,0,0.4785,7350.0,8,0,0,0,0
5172,0,0.0623,25,1,0.6868,2210.0,3,1,0,0,2
5173,1,1.8,53,0,1.8034,2220.0,18,0,1,0,0
5174,0,0.8065,53,0,0.6479,3300.0,5,0,1,0,0
5175,0,0.9986,48,2,0.7308,4380.0,5,0,1,1,0
5176,0,0.6955,50,2,0.5047,1320.0,19,0,0,0,1
5177,1,0.5711,42,0,1.4063,6940.0,5,0,0,0,1
5178,1,0.8539,51,1,0.1864,4400.0,11,0,1,0,0
5179,0,0.3632,40,0,0.1584,1200.0,10,0,0,0,3
5180,0,0.1413,46,0,0.4925,2520.0,19,0,1,0,0
5181,0,0.7316,57,0,0.6677,4100.0,19,0,0,0,1
5182,0,0.3817,61,0,0.0959,1700.0,10,0,1,0,2
5183,0,0.0913,29,0,0.4484,8800.0,1,0,0,0,0
5184,0,1.2061,74,1,0.4032,5500.0,16,0,1,1,2
5185,0,0.4906,26,0,0.7022,7380.0,13,0,0,0,2
5186,0,0.1154,35,0,0.5811,2650.0,1,0,0,0,0
5187,1,0.2591,39,4,0.1518,6290.0,3,1,0,1,0
5188,1,0.3599,38,0,0.235,3310.0,6,0,0,0,1
5189,0,0.2184,40,0,0.2769,4380.0,17,0,0,0,2
5190,0,0.6254,38,0,0.7,6070.0,6,0,0,0,4
5191,0,0.3222,44,0,0.5626,4710.0,17,0,0,0,0
5192,0,0.1723,62,0,0.3096,7980.0,2,0,0,0,1
5193,0,0.3869,65,0,0.49,5340.0,10,0,0,0,3
5194,0,0.77,39,0,0.2382,3720.0,19,0,0,0,0
5195,0,0.0296,34,0,1.5369,8150.0,13,0,1,0,0
5196,0,0.077,57,0,0.6342,9250.0,10,0,0,0,1
5197,0,0.4392,24,0,0.7202,5180.0,8,0,0,0,0
5198,0,0.5814,45,0,1.0264,10960.0,12,0,0,0,0
5199,0,0.1678,32,0,0.8267,4270.0,5,0,0,0,0
5200,1,0.0918,53,1,0.4579,4550.0,10,0,1,0,1
5201,0,1.6912,25,0,0.4021,4930.0,2,0,1,0,4
5202,0,0.1507,65,0,0.9733,4550.0,5,0,0,0,0
5203,0,0.0587,35,0,0.4565,4080.0,14,0,0,0,0
5204,0,0.3783,48,0,0.2867,3200.0,18,0,0,0,0
5205,0,0.3457,51,0,1.4623,2710.0,9,0,2,0,2
5206,0,0.0521,46,0,0.2563,5250.0,13,0,0,0,2
5207,1,0.339,45,4,0.1587,10090.0,9,1,0,1,1
5208,0,0.0166,35,0,0.8152,8010.0,3,0,1,0,1
5209,0,0.347,62,0,0.2897,6200.0,19,0,0,0,2
5210,0,0.1167,48,0,0.5834,10400.0,9,0,0,0,1
5211,0,0.1537,32,0,1.3369,4970.0,3,0,1,0,1
5212,0,0.1357,35,0,0.1969,2720.0,1,0,0,0,1
5213,0,0.2658,44,0,0.4384,3990.0,4,0,0,0,0
5214,0,0.5198,66,0,1.0942,4740.0,13,0,0,0,0
5215,0,0.3063,72,0,0.6765,3610.0,7,0,1,0,1
5216,0,0.1029,41,0,0.4034,7090.0,10,0,0,0,2
5217,1,0.0563,42,0,1.8844,8620.0,4,0,0,0,0
5218,1,0.5461,27,3,0.4244,1740.0,18,1,0,1,0
5219,0,0.188,50,1,0.5701,4500.0,19,1,0,0,0
5220,0,0.3216,33,0,1.2088,860.0,18,0,0,0,3
5221,1,0.1685,65,4,0.8094,4650.0,12,1,0,1,0
5222,0,0.0968,49,1,0.9931,4620.0,2,0,1,0,0
5223,0,0.0646,32,0,0.2619,14270.0,3,0,1,0,2
5224,1,0.0876,70,0,0.9389,11920.0,2,0,0,0,0
5225,0,0.0215,65,0,0.4975,8600.0,10,0,0,0,2
5226,0,0.7749,37,0,0.2872,2760.0,18,0,1,0,0
5227,0,0.0608,27,2,0.5133,2670.0,16,0,0,1,3
5228,0,0.2574,35,0,0.5037,2550.0,10,0,1,0,3
5229,0,0.1438,41,0,1.3783,12280.0,15,0,0,0,0
5230,0,0.5321,42,0,0.5648,2850.0,9,0,1,0,0
5231,0,0.4489,65,0,0.2813,3900.0,12,0,0,0,0
5232,0,0.0014,73,0,0.2449,2860.0,11,0,0,0,0
5233,0,0.1059,61,0,0.4367,2310.0,12,0,1,0,2
5234,0,0.4604,66,0,0.2003,6000.0,9,0,0,0,0
5235,0,0.2402,27,0,0.2925,5390.0,15,0,0,0,0
5236,0,1.2603,29,0,0.3881,1290.0,12,0,0,0,1
5237,0,1.1109,70,0,0.3488,2250.0,6,0,0,0,2
5238,0,0.3897,54,0,0.695,5730.0,19,0,1,0,0
5239,0,0.0554,33,0,0.2886,4710.0,10,0,0,0,0
5240,1,0.325,63,0,0.1021,3860.0,12,0,0,0,1
5241,0,0.3876,30,0,0.1634,7070.0,11,0,0,0,0
5242,0,0.558,62,0,0.4446,2070.0,7,0,1,0,1
5243,0,0.7883,68,0,0.316,3440.0,2,0,1,0,1
5244,0,0.0326,47,0,0.214,6710.0,5,0,2,0,0
5245,0,1.3015,56,0,1.4551,3330.0,19,0,2,0,2
5246,0,0.0563,60,0,0.7388,5930.0,19,0,2,0,0
5247,0,0.0546,68,0,0.4339,2470.0,4,0,3,0,0
5248,0,0.0976,52,0,0.5168,3000.0,12,0,0,0,0
5249,0,0.5703,36,0,0.3832,1690.0,5,0,1,0,4
5250,0,0.0976,31,0,0.2118,1430.0,11,0,0,0,0
5251,1,0.479,40,4,0.834,3690.0,13,1,1,1,0
5252,0,0.5532,24,0,0.7489,6440.0,1,0,0,0,0
5253,0,0.1062,58,0,0.1372,4590.0,19,0,1,0,1
5254,0,0.2996,40,1,0.5147,9860.0,18,0,0,0,0
5255,1,0.1893,59,0,0.55,3880.0,19,0,1,0,1
5256,0,1.0658,24,0,0.3704,1380.0,9,0,1,0,0
5257,1,0.2286,38,0,1.5815,6040.0,14,0,0,0,2
5258,0,0.0019,42,0,1.4818,2570.0,19,0,2,0,3
5259,1,0.256,25,2,0.3583,5300.0,4,0,0,0,0
5260,0,0.316,65,0,0.3931,1250.0,4,0,1,0,0
5261,0,0.1543,53,1,0.3664,4170.0,16,0,1,0,0
5262,0,0.9442,66,0,0.3114,7490.0,7,0,1,0,0
5263,1,0.635,64,0,0.2586,6960.0,4,0,0,0,2
5264,0,0.1747,22,0,0.609,4230.0,4,0,0,0,3
5265,0,0.1208,67,0,1.4577,4770.0,14,0,1,0,0
5266,0,0.113,24,0,1.1389,3650.0,8,0,0,0,2
5267,0,0.0794,68,2,0.7214,4110.0,6,0,0,0,2
5268,0,0.8205,57,0,0.106,7160.0,19,0,0,0,2
5269,0,0.1561,65,1,0.1468,3130.0,19,1,0,0,0
5270,0,0.0373,47,0,0.8509,3320.0,8,0,0,0,2
5271,0,0.4523,29,0,1.1872,1910.0,5,0,3,0,0
5272,0,0.0328,29,0,0.6264,7240.0,16,0,1,0,2
5273,1,0.9695,27,0,0.3741,4060.0,15,0,3,0,0
5274,0,0.0178,64,0,1.0114,2300.0,15,0,1,0,3
5275,0,0.1801,49,2,0.7062,8050.0,5,0,1,1,0
5276,0,0.2191,32,1,0.8891,4630.0,6,0,0,0,0
5277,0,0.3168,27,0,0.1475,3050.0,2,0,1,0,0
5278,0,0.0315,25,0,0.5521,8130.0,12,0,0,0,0
5279,0,0.5237,34,0,1.3031,3880.0,1,0,0,0,0
5280,0,0.1459,61,0,0.6166,1860.0,17,0,0,0,2
5281,0,0.4206,69,0,0.7937,8450.0,6,0,1,0,0
5282,0,0.1785,53,0,0.4592,2870.0,12,0,1,0,0
5283,0,0.2772,74,0,0.4789,29130.0,4,0,0,0,1
5284,0,0.7602,42,0,1.0424,3640.0,6,0,2,0,2
5285,0,0.0003,38,3,0.3006,1420.0,6,0,2,0,1
5286,0,0.0287,58,0,0.2835,13630.0,17,0,1,0,2
5287,1,0.6822,28,2,0.3373,4600.0,19,1,1,1,2
5288,0,1.1553,70,0,0.4557,5550.0,11,0,1,0,0
5289,0,0.7477,63,0,0.171,5980.0,2,0,0,0,0
5290,0,0.8221,22,0,0.6967,2100.0,19,0,0,0,2
5291,0,0.1337,31,1,0.4072,1300.0,6,0,0,0,1
5292,0,1.2544,54,0,0.7499,15360.0,13,0,2,0,3
5293,0,0.3124,60,0,0.126,1860.0,5,0,1,0,3
5294,1,0.0677,32,0,0.7516,12710.0,9,0,0,0,0
5295,0,0.0441,61,0,1.0021,6520.0,1,0,0,0,1
5296,1,0.102,46,0,0.5846,5280.0,9,0,0,0,2
5297,0,0.433,57,0,0.4575,3590.0,13,0,0,0,1
5298,1,0.9995,43,1,0.7551,19010.0,17,0,1,0,0
5299,1,0.1589,45,4,0.9635,3140.0,19,1,1,0,1
5300,0,0.4224,42,0,0.6149,3190.0,19,0,1,0,0
5301,0,0.2044,29,0,0.6431,7120.0,19,0,1,0,1
5302,0,0.0093,31,0,1.2143,3180.0,8,0,2,0,2
5303,0,0.0713,30,0,0.7094,2590.0,5,0,0,0,0
5304,0,0.0479,64,0,0.278,4600.0,4,0,0,0,0
5305,0,0.3262,43,0,0.9608,7190.0,4,0,1,0,0
5306,0,0.0084,41,0,0.4172,14700.0,1,0,3,0,1
5307,1,0.1703,67,0,0.4584,16620.0,14,0,0,0,0
5308,1,1.1174,68,0,0.4791,1630.0,7,0,0,0,0
5309,0,0.0491,33,0,0.8036,8900.0,10,0,0,0,2
5310,0,0.0797,40,2,1.2831,2640.0,7,0,3,0,0
5311,0,0.0995,43,0,0.456,2720.0,11,0,0,0,0
5312,0,0.3533,66,0,1.2697,3450.0,9,0,0,0,2
5313,0,0.3949,57,0,0.496,3320.0,12,0,2,0,2
5314,0,0.077,50,0,1.0422,2510.0,3,0,2,0,1
5315,0,0.1665,33,0,0.5061,1180.0,18,0,0,0,1
5316,0,0.1574,41,0,0.3344,11350.0,10,0,0,0,1
5317,0,0.0626,22,0,1.4237,8170.0,14,0,0,0,1
5318,0,0.0699,59,0,0.3158,4720.0,18,0,0,0,0
5319,0,0.8039,70,0,0.3033,2670.0,2,0,0,0,0
5320,0,0.0381,63,0,0.2115,10000.0,5,0,0,0,0
5321,1,0.164,37,0,0.9611,4590.0,11,0,1,0,2
5322,0,0.0402,47,1,1.1075,3380.0,14,0,0,0,0
5323,1,0.2541,72,1,0.5621,1780.0,10,0,1,0,2
5324,0,0.4077,43,4,0.249,6580.0,1,1,0,0,0
5325,0,0.2091,66,2,0.4475,3900.0,14,0,0,0,1
5326,0,0.1135,52,0,0.3747,5580.0,13,0,0,0,4
5327,0,0.3734,47,0,0.2421,5270.0,1,0,0,0,0
5328,0,0.1021,52,0,0.3351,6980.0,18,0,0,0,0
5329,0,0.629,33,0,0.6086,5430.0,17,0,0,0,0
5330,1,0.1087,43,4,0.3125,3970.0,6,1,0,1,2
5331,0,0.0899,37,0,0.5353,6650.0,12,0,0,0,0
5332,0,0.9356,61,0,0.1548,8440.0,16,0,0,0,2
5333,0,0.9805,54,0,1.2306,12060.0,9,0,0,0,0
5334,0,0.1077,42,1,0.3553,2430.0,2,1,1,0,4
5335,1,0.9148,65,0,0.7574,9290.0,8,0,1,0,0
5336,0,0.9666,45,0,0.5032,1840.0,7,0,0,0,0
5337,0,0.1218,72,0,0.5721,8770.0,16,0,3,0,3
5338,0,0.7252,53,0,0.2278,3350.0,1,0,0,0,3
5339,0,1.8,68,0,0.2847,7900.0,19,0,1,0,0
5340,0,0.0067,74,0,0.2886,11680.0,7,0,0,0,1
5341,0,0.6005,38,0,0.4562,5470.0,8,0,0,0,0
5342,0,0.0005,35,0,0.9957,4780.0,6,0,0,0,3
5343,0,0.8,66,0,0.5827,4630.0,1,0,0,0,2
5344,1,0.0592,33,2,0.2618,3710.0,14,1,1,0,2
5345,0,0.5914,61,0,0.4735,9650.0,15,0,0,0,2
5346,0,0.0842,30,0,0.4281,4610.0,6,0,2,0,1
5347,0,0.1413,67,0,0.364,1330.0,3,0,0,0,0
5348,1,0.1293,58,2,0.4452,8350.0,16,0,0,0,4
5349,0,0.1508,49,0,0.7105,8090.0,14,0,0,0,0
5350,0,0.7362,45,0,0.2917,5040.0,6,0,2,0,4
5351,1,0.1767,55,1,0.3651,3060.0,13,0,0,1,0
5352,0,0.2191,41,0,0.81,2450.0,5,0,0,0,1
5353,0,0.0202,42,0,0.5953,3070.0,13,0,1,0,1
5354,0,0.2189,32,0,0.968,5540.0,10,0,0,0,0
5355,0,0.1014,29,0,1.0634,1630.0,4,0,0,0,0
5356,0,0.1407,69,2,0.1986,6340.0,13,0,0,0,2
5357,0,0.4332,61,0,0.5342,5130.0,4,0,2,0,0
5358,0,0.1211,44,1,0.3313,10640.0,17,0,1,0,1
5359,1,0.1574,65,3,0.2189,7490.0,2,1,0,1,0
5360,0,0.3632,53,0,0.2798,3180.0,16,0,1,0,0
5361,0,0.1416,53,0,0.3751,1780.0,6,0,0,0,0
5362,0,0.4035,27,0,0.3765,3000.0,10,0,2,0,0
5363,0,0.0696,50,1,0.3122,11260.0,17,1,0,0,0
5364,1,0.0295,26,0,0.4457,5860.0,19,0,0,0,0
5365,0,0.1044,57,0,1.9503,7030.0,10,0,1,0,0
5366,1,0.2926,24,2,0.1596,3370.0,6,0,0,1,2
5367,0,0.0886,48,0,0.889,6570.0,15,0,2,0,0
5368,0,1.7841,40,1,0.4444,1970.0,19,0,1,0,2
5369,0,0.3794,28,0,0.3455,8610.0,6,0,0,0,0
5370,0,0.151,46,0,0.1339,2460.0,8,0,0,0,2
5371,0,1.7437,31,0,0.7101,1500.0,16,0,1,0,0
5372,0,0.1639,34,0,0.1893,19100.0,5,0,1,0,1
5373,0,0.0038,69,0,0.7384,5330.0,11,0,0,0,1
5374,0,0.2292,39,0,1.2774,5240.0,8,0,0,0,0
5375,1,0.439,42,0,0.2081,1600.0,10,0,1,0,0
5376,1,0.1194,21,4,0.9058,7140.0,12,1,0,1,2
5377,0,0.0388,37,0,0.4562,8360.0,10,0,1,0,0
5378,0,1.0215,39,0,0.1279,4360.0,10,0,0,0,0
5379,0,0.1918,59,0,0.2181,8380.0,8,0,3,0,1
5380,0,0.4645,27,0,0.5,9920.0,1,0,1,0,0
5381,1,0.6597,71,0,0.5716,6740.0,15,0,0,0,1
5382,0,0.3005,27,0,0.174,1340.0,7,0,2,0,0
5383,1,0.2701,56,0,0.458,2460.0,2,0,3,0,0
5384,0,0.2397,21,0,0.7365,13520.0,10,0,3,0,0
5385,1,1.0108,65,0,0.818,5160.0,16,0,0,0,0
5386,0,0.1372,58,3,0.3507,5180.0,13,1,0,0,0
5387,0,0.5032,66,0,0.5845,2980.0,12,0,0,0,1
5388,0,0.2848,71,0,0.8551,3350.0,19,0,2,0,0
5389,0,0.0414,66,0,0.7494,10050.0,13,0,1,0,3
5390,0,0.4327,54,1,0.7671,12080.0,19,0,0,0,0
5391,0,0.6438,66,1,0.481,7930.0,18,0,0,1,0
5392,0,0.1658,26,0,0.4246,6840.0,10,0,2,0,0
5393,0,0.3526,55,0,0.529,7160.0,2,0,0,0,0
5394,0,0.2031,74,0,0.2841,4710.0,11,0,1,0,0
5395,0,0.0084,41,0,0.8757,2390.0,18,0,0,0,0
5396,0,0.168,73,0,0.1794,2100.0,14,0,0,0,1
5397,0,0.1916,48,0,0.332,10820.0,5,0,0,0,2
5398,0,1.8,46,0,0.4397,4820.0,16,0,0,0,1
5399,1,0.367,37,4,0.5956,6540.0,16,1,0,0,0
5400,0,0.076,26,0,0.6667,5580.0,15,0,0,0,0
5401,0,0.2046,68,0,1.0979,5750.0,3,0,0,0,0
5402,0,0.0453,59,0,0.4708,6040.0,14,0,2,0,1
5403,1,0.7576,42,4,0.2921,7470.0,17,1,1,0,2
5404,0,0.7687,72,0,0.4119,3100.0,9,0,0,0,3
5405,0,0.5602,30,0,0.371,9990.0,14,0,0,0,0
5406,0,0.1251,63,0,0.6138,3160.0,17,0,0,0,3
5407,0,0.0194,45,0,0.2369,5670.0,14,0,0,0,1
5408,0,0.1534,54,0,0.4044,2420.0,13,0,1,0,0
5409,1,0.7995,23,3,1.1896,4450.0,8,0,1,1,0
5410,0,0.695,53,0,0.5005,3310.0,4,0,1,0,1
5411,0,0.0564,57,0,0.2389,4990.0,6,0,0,0,1
5412,0,0.3618,73,0,0.3665,7640.0,12,0,0,0,2
5413,0,0.203,39,0,0.1177,5140.0,14,0,0,0,0
5414,0,0.3697,24,1,0.4337,15940.0,6,0,0,0,0
5415,1,0.3834,24,0,1.2076,7920.0,8,0,0,0,1
5416,0,0.0341,29,0,0.2205,4290.0,4,0,0,0,2
5417,0,0.1728,37,0,0.1876,4670.0,7,0,0,0,2
5418,0,0.0797,65,0,0.3036,6170.0,13,0,0,0,1
5419,1,0.2606,31,1,0.781,7500.0,1,1,1,0,0
5420,0,0.0551,28,0,1.2495,2340.0,13,0,0,0,0
5421,1,0.1272,22,1,0.588,7200.0,2,0,1,1,0
5422,0,0.1587,41,0,0.2077,2380.0,19,0,2,0,4
5423,0,0.1892,53,3,0.4434,6790.0,15,1,2,1,0
5424,1,0.5648,36,1,1.3148,9510.0,19,0,1,0,0
5425,0,0.0033,47,0,0.3729,5880.0,8,0,1,0,1
5426,0,0.7851,34,0,0.4888,1220.0,8,0,0,0,0
5427,0,0.2553,64,0,0.5191,1690.0,10,0,0,0,0
5428,0,0.3337,22,0,0.1777,6890.0,4,0,0,0,1
5429,0,0.0473,31,0,0.8177,1130.0,14,0,1,0,3
5430,0,0.3186,51,0,0.75,7090.0,3,0,0,0,2
5431,0,0.1765,66,1,0.1359,8870.0,17,0,0,0,0
5432,0,0.051,42,0,0.2022,9710.0,19,0,0,0,0
5433,1,0.3396,24,1,0.2511,4250.0,5,1,0,0,4
5434,0,0.0526,50,0,0.704,6390.0,8,0,2,0,0
5435,0,0.0553,35,0,0.2863,5570.0,1,0,1,0,0
5436,0,1.2832,37,0,0.5717,2030.0,7,0,0,0,2
5437,0,0.2532,70,0,0.4029,7680.0,4,0,2,0,0
5438,0,0.5743,71,0,0.4689,11320.0,12,0,1,0,0
5439,0,0.0241,34,0,0.6051,7430.0,15,0,1,0,1
5440,1,0.1786,52,4,0.5291,3630.0,2,1,1,0,0
5441,0,0.0422,50,0,0.4442,7660.0,4,0,1,0,0
5442,0,0.0708,72,0,0.5468,10710.0,13,0,2,0,1
5443,0,0.512,72,0,0.5118,9890.0,9,0,0,0,4
5444,0,0.1674,39,0,0.3962,9100.0,17,0,1,0,0
5445,0,1.8,22,0,0.3469,1890.0,15,0,0,0,0
5446,1,0.032,21,3,1.3886,6240.0,14,1,2,0,2
5447,0,0.1843,21,0,0.3445,7240.0,19,0,1,0,0
5448,0,0.1088,63,0,1.0204,9170.0,8,0,0,0,4
5449,0,0.0977,60,0,0.2979,6700.0,13,0,1,0,0
5450,0,0.0857,65,1,0.7306,12470.0,3,0,0,0,1
5451,1,0.3201,28,0,1.3103,1640.0,2,0,0,0,0
5452,0,0.0871,24,0,0.367,6870.0,5,0,1,0,0
5453,0,0.3665,30,0,0.3011,6550.0,6,0,0,0,1
5454,0,0.1747,54,0,0.3473,8450.0,6,0,1,0,3
5455,1,0.3422,21,0,0.4441,12400.0,13,0,1,0,0
5456,0,0.072,56,0,0.5451,2880.0,8,0,2,0,3
5457,1,0.8446,69,0,0.4387,12150.0,14,0,2,0,0
5458,1,0.5616,28,0,0.3492,8010.0,3,0,0,0,0
5459,0,0.2866,60,4,1.4517,4390.0,7,1,0,0,2
5460,0,0.6118,50,1,0.3984,2850.0,11,0,0,0,1
5461,0,0.2655,71,0,0.3097,5530.0,19,0,0,0,0
5462,0,0.0024,34,0,0.7396,5830.0,7,0,0,0,0
5463,1,0.252,33,3,0.7467,6030.0,11,0,0,1,2
5464,0,0.1741,21,0,1.0486,3370.0,10,0,2,0,0
5465,0,0.1633,59,2,1.4286,7080.0,1,0,1,0,0
5466,0,0.4287,67,0,0.5531,3850.0,6,0,1,0,2
5467,0,0.0568,22,0,0.378,10200.0,6,0,0,0,1
5468,0,0.9117,47,0,0.1435,13710.0,9,0,0,0,3
5469,0,0.423,60,1,0.256,3020.0,4,0,0,0,0
5470,0,0.2359,63,0,0.5092,5090.0,14,0,0,0,0
5471,0,0.1432,71,0,0.2212,8810.0,10,0,1,0,0
5472,0,0.786,60,0,0.1736,5800.0,2,0,2,0,0
5473,1,0.123,70,4,0.4674,2180.0,7,1,1,0,2
5474,0,1.4794,74,0,0.7161,8260.0,10,0,2,0,2
5475,0,0.3177,71,1,0.3876,3420.0,5,0,0,0,0
5476,0,0.9826,44,0,0.7696,5540.0,12,0,0,0,0
5477,0,0.1133,42,1,0.6505,2710.0,15,0,0,0,0
5478,0,1.0226,44,0,0.8954,7920.0,13,0,0,0,0
5479,0,0.6517,72,0,1.6554,3820.0,13,0,0,0,0
5480,0,0.0556,36,0,2.1563,8440.0,18,0,1,0,2
5481,0,0.5919,61,0,0.697,4320.0,10,0,0,0,2
5482,0,0.3687,54,0,0.341,3680.0,15,0,2,0,0
5483,0,0.01,24,0,0.4663,6290.0,7,0,0,0,3
5484,0,0.9005,47,0,1.1548,2580.0,15,0,1,0,2
5485,0,0.0712,31,1,0.2629,14460.0,12,0,1,0,0
5486,0,0.022,60,0,1.071,5490.0,17,0,1,0,1
5487,0,0.0248,45,1,0.4058,3500.0,2,1,0,0,0
5488,0,0.047,40,0,0.5149,3870.0,18,0,0,0,0
5489,0,0.603,24,0,0.2768,4970.0,5,0,0,0,0
5490,0,0.3266,28,0,0.2031,8930.0,16,0,0,0,1
5491,1,0.3238,62,0,0.3801,2870.0,8,0,0,0,0
5492,0,0.0024,67,0,0.982,3940.0,12,0,0,0,2
5493,0,0.236,36,0,0.2949,4770.0,7,0,1,0,1
5494,0,0.4967,65,0,1.1824,12400.0,17,0,2,0,1
5495,0,0.1833,50,0,0.3186,8950.0,14,0,0,0,0
5496,0,0.0889,39,1,0.2367,12760.0,7,0,0,0,1
5497,0,0.1605,45,2,0.5232,5010.0,3,1,0,0,3
5498,0,0.4451,58,0,0.6753,11610.0,19,0,0,0,1
5499,0,0.0287,70,0,0.503,10510.0,19,0,0,0,0
5500,0,0.0476,47,0,0.4919,7470.0,4,0,1,0,1
5501,0,0.0654,39,0,1.1756,7830.0,7,0,0,0,0
5502,0,0.0359,62,0,0.4757,3440.0,5,0,0,0,2
5503,0,0.4047,49,0,0.3388,14720.0,5,0,2,0,0
5504,0,0.0197,42,0,0.2277,4240.0,4,0,1,0,0
5505,0,0.1848,45,0,0.9648,6880.0,14,0,0,0,0
5506,0,0.2424,49,0,0.3481,7380.0,15,0,0,0,0
5507,0,0.2602,28,0,0.369,2160.0,12,0,3,0,0
5508,0,0.0599,24,0,0.8446,4770.0,9,0,3,0,0
5509,0,0.3879,56,1,1.5411,5550.0,19,0,1,0,4
5510,0,0.9753,30,0,0.5225,4590.0,15,0,0,0,1
5511,1,0.5441,49,0,0.4139,4800.0,2,0,1,0,2
5512,0,1.2555,63,0,0.4478,12040.0,10,0,0,0,0
5513,0,1.137,32,0,0.3419,2990.0,4,0,0,0,0
5514,1,0.0385,41,0,0.3629,2300.0,8,0,0,0,0
5515,0,0.1897,73,0,0.3641,3460.0,8,0,0,0,1
5516,1,0.7967,22,0,0.776,7680.0,18,0,0,0,0
5517,0,0.0217,61,0,0.4262,8140.0,16,0,1,0,0
5518,0,0.0952,30,0,1.0157,7070.0,9,0,1,0,1
5519,0,0.0895,69,0,0.419,8490.0,15,0,3,0,1
5520,0,0.0264,43,0,0.3605,5730.0,12,0,3,0,0
5521,0,0.4668,21,0,0.9673,3600.0,11,0,1,0,2
5522,0,0.4541,59,0,0.4552,2790.0,17,0,0,0,0
5523,1,0.5551,28,0,0.4165,2300.0,12,0,0,0,0
5524,0,0.226,40,0,0.4585,4290.0,5,0,0,0,2
5525,0,0.2137,48,0,1.0833,7890.0,8,0,1,0,1
5526,0,0.9765,61,0,0.5399,5670.0,8,0,0,0,0
5527,1,0.0285,43,4,0.9509,4980.0,17,1,1,1,0
5528,0,0.2968,67,0,0.3903,2610.0,3,0,0,0,0
5529,0,0.2681,47,0,0.8638,23100.0,10,0,1,0,1
5530,0,1.0865,39,0,0.5182,3000.0,11,0,1,0,0
5531,1,0.9919,39,0,0.763,5280.0,19,0,0,0,0
5532,0,0.1259,64,0,0.8025,8970.0,16,0,3,0,0
5533,0,1.1767,56,0,0.2554,5040.0,5,0,0,0,0
5534,0,0.2381,27,1,0.4692,3030.0,2,0,0,0,1
5535,0,0.4558,61,1,0.798,7980.0,3,1,1,0,0
5536,0,0.9343,43,0,0.878,2200.0,2,0,0,0,0
5537,1,0.3314,39,0,0.9532,13980.0,8,0,1,0,3
5538,0,0.378,26,0,0.4785,5820.0,15,0,0,0,0
5539,1,1.0832,74,0,1.1322,4220.0,13,0,0,0,0
5540,0,0.2619,23,0,0.3029,2100.0,14,0,0,0,1
5541,0,0.5689,74,0,0.1833,2460.0,11,0,1,0,2
5542,1,0.6777,24,0,0.3804,4760.0,8,0,0,0,0
5543,0,0.0749,48,0,0.9208,15300.0,16,0,0,0,3
5544,0,0.0939,26,0,0.2342,5650.0,7,0,2,0,1
5545,0,0.2259,47,0,0.186,6050.0,12,0,1,0,0
5546,0,0.4021,66,0,0.16,6200.0,6,0,1,0,1
5547,0,0.5958,52,0,0.6988,20300.0,7,0,0,0,1
5548,0,0.0184,50,0,0.1885,3770.0,2,0,1,0,3
5549,0,0.6469,27,0,0.6246,12570.0,12,0,0,0,2
5550,0,0.6133,72,0,0.369,3870.0,10,0,1,0,1
5551,0,0.481,41,1,0.283,3220.0,6,1,0,0,1
5552,1,0.0822,50,0,0.2468,4690.0,12,0,0,0,0
5553,0,0.7531,69,0,0.5085,4670.0,3,0,2,0,1
5554,1,0.0162,54,0,0.2858,6890.0,17,0,0,0,2
5555,0,0.0181,60,0,0.448,1220.0,1,0,0,0,4
5556,0,0.1289,30,0,0.5717,5370.0,11,0,1,0,0
5557,0,0.0417,45,0,0.6489,3430.0,6,0,1,0,1
5558,0,0.0132,50,0,0.7871,3180.0,3,0,0,0,4
5559,0,0.3472,30,0,0.496,2260.0,4,0,1,0,1
5560,0,0.7008,41,0,0.2393,3950.0,6,0,3,0,0
5561,1,0.6545,65,0,0.5942,3600.0,13,0,1,0,0
5562,0,0.4252,71,0,0.6661,3800.0,15,0,0,0,4
5563,0,0.0755,65,0,0.403,1840.0,18,0,1,0,1
5564,0,0.0655,71,0,0.378,5210.0,12,0,0,0,2
5565,0,1.1827,74,1,1.984,3060.0,10,0,0,0,0
5566,0,0.0562,31,0,0.2068,1840.0,15,0,0,0,1
5567,0,1.8,67,0,0.6042,3540.0,16,0,0,0,3
5568,0,0.9594,54,0,0.8417,3090.0,8,0,0,0,1
5569,0,0.2213,67,0,0.3661,5040.0,8,0,0,0,0
5570,1,0.2214,55,0,0.4061,3510.0,2,0,0,0,0
5571,0,0.0916,27,0,0.3531,2060.0,1,0,1,0,0
5572,0,0.2365,51,0,0.4494,2880.0,17,0,0,0,0
5573,0,0.0384,62,0,0.7708,1740.0,17,0,2,0,0
5574,0,0.2459,27,1,0.3989,9720.0,7,0,0,0,1
5575,0,0.7538,48,0,2.9048,10710.0,18,0,0,0,2
5576,0,0.2271,56,0,0.3424,11510.0,2,0,2,0,4
5577,0,0.0536,46,0,1.0269,3450.0,19,0,0,0,0
5578,0,0.1511,64,0,0.6227,10700.0,12,0,1,0,0
5579,0,0.4513,27,0,0.4795,6270.0,10,0,1,0,0
5580,0,0.1142,39,0,1.086,3000.0,15,0,1,0,0
5581,0,0.2119,72,0,0.172,3370.0,5,0,0,0,1
5582,0,0.0947,48,0,0.5799,4430.0,10,0,0,0,0
5583,0,0.1678,30,1,0.2923,5230.0,5,1,0,0,2
5584,0,0.0671,27,0,0.3459,6110.0,12,0,0,0,0
5585,0,0.9484,53,0,0.3363,4910.0,8,0,0,0,1
5586,0,0.3218,71,0,0.252,3990.0,8,0,1,0,4
5587,0,0.2191,23,0,0.1667,11060.0,15,0,1,0,0
5588,0,1.3655,26,0,0.5674,4590.0,16,0,0,0,3
5589,0,0.7195,41,1,0.4319,4440.0,17,0,1,0,2
5590,0,0.0425,32,0,0.3752,4310.0,15,0,1,0,0
5591,0,0.5882,27,2,0.7086,4590.0,4,1,0,0,0
5592,0,0.3973,37,0,0.5893,2170.0,14,0,2,0,0
5593,0,0.6212,55,0,0.3829,2690.0,14,0,0,0,1
5594,0,0.1454,65,0,2.8026,21320.0,1,0,0,0,1
5595,1,0.2216,37,3,0.8276,1830.0,4,1,0,1,0
5596,0,0.6003,58,0,1.9482,5790.0,10,0,2,0,0
5597,0,0.5354,65,0,0.3503,6040.0,6,0,1,0,3
5598,0,0.2908,21,0,0.522,9020.0,15,0,0,0,3
5599,0,0.5492,67,0,0.2137,6120.0,15,0,0,0,2
5600,0,0.0339,30,2,0.3685,15280.0,5,0,0,0,0
5601,0,0.3895,57,0,0.3165,5670.0,1,0,2,0,0
5602,0,0.003,61,1,2.711,11030.0,5,1,0,0,1
5603,0,0.0277,66,0,0.2966,9170.0,18,0,0,0,0
5604,0,0.0159,42,0,0.3905,12400.0,18,0,0,0,2
5605,0,0.9573,56,0,0.1878,4990.0,10,0,1,0,1
5606,0,0.6432,22,0,0.6189,6240.0,16,0,0,0,0
5607,0,0.3651,45,0,0.2618,3940.0,11,0,3,0,2
5608,0,0.2699,73,3,0.7797,5410.0,19,0,2,1,1
5609,1,0.0535,29,1,0.1537,5590.0,3,0,0,0,2
5610,1,0.0454,29,2,0.4177,1410.0,10,0,1,1,1
5611,0,0.4199,58,0,0.1485,4510.0,4,0,0,0,3
5612,0,0.6032,48,0,0.3348,8380.0,3,0,0,0,2
5613,1,0.5788,45,1,0.3782,2190.0,3,0,0,0,3
5614,0,1.2259,34,0,0.3137,2720.0,1,0,1,0,3
5615,0,0.2235,30,0,0.3328,9830.0,18,0,0,0,1
5616,0,0.0578,60,0,0.8047,11000.0,14,0,1,0,2
5617,0,0.0457,40,1,1.6564,3390.0,10,0,1,1,0
5618,1,0.0682,62,0,0.5508,5460.0,16,0,2,0,0
5619,0,1.1616,44,0,0.2682,4690.0,11,0,1,0,0
5620,0,0.0397,42,0,0.4669,9960.0,9,0,1,0,0
5621,0,0.2781,33,0,0.3633,3570.0,10,0,0,0,0
5622,0,1.035,56,0,0.7662,3920.0,9,0,2,0,1
5623,1,0.2231,36,0,0.534,10990.0,8,0,0,0,0
5624,0,0.0449,70,0,0.1744,2690.0,16,0,0,0,0
5625,0,0.4158,43,0,0.8683,3650.0,19,0,1,0,0
5626,0,0.058,64,0,0.8026,5320.0,4,0,3,0,1
5627,0,0.7449,46,0,1.1019,12260.0,14,0,0,0,0
5628,0,0.0213,43,2,0.3296,2400.0,2,1,3,0,0
5629,0,0.2544,45,0,0.5383,3210.0,16,0,0,0,1
5630,0,0.4748,44,0,0.2207,7010.0,19,0,1,0,0
5631,0,0.059,46,0,0.4357,7690.0,14,0,1,0,1
5632,0,0.0148,68,3,0.5702,5580.0,11,1,1,1,0
5633,0,0.2391,58,0,0.3068,4580.0,19,0,2,0,0
5634,0,0.1707,22,0,0.5518,5310.0,15,0,0,0,0
5635,0,0.1022,24,0,0.497,1990.0,15,0,1,0,2
5636,0,0.3871,22,0,0.343,5220.0,19,0,0,0,1
5637,0,0.4386,58,0,1.0392,11960.0,11,0,1,0,1
5638,1,0.9411,32,4,0.3904,2230.0,16,1,1,1,0
5639,0,1.4514,41,0,0.4866,3070.0,18,0,0,0,0
5640,0,0.2206,65,1,0.1863,3870.0,9,0,0,0,1
5641,0,0.0209,28,0,0.6136,4020.0,14,0,1,0,1
5642,0,0.0892,29,0,0.3375,14840.0,13,0,0,0,0
5643,0,0.0118,25,0,0.798,2810.0,19,0,0,0,3
5644,0,0.1898,36,0,0.2046,2490.0,13,0,1,0,4
5645,0,0.035,25,0,0.5818,7810.0,14,0,0,0,0
5646,0,0.9262,54,0,0.1213,3330.0,18,0,1,0,0
5647,0,0.0213,60,0,0.6502,7880.0,1,0,0,0,4
5648,0,0.5389,30,0,0.4046,4370.0,3,0,0,0,2
5649,0,0.0887,49,1,0.571,6470.0,7,0,1,0,0
5650,0,0.1521,37,0,0.3135,1920.0,14,0,0,0,2
5651,0,0.5662,25,0,0.2542,6460.0,9,0,1,0,1
5652,0,0.0103,46,0,0.3462,5600.0,17,0,0,0,1
5653,0,0.0616,58,0,0.5042,4220.0,2,0,1,0,1
5654,0,0.2193,33,1,0.635,2350.0,7,1,0,0,0
5655,1,0.3398,63,0,0.5392,5600.0,3,0,1,0,0
5656,1,0.2233,74,1,0.2561,7590.0,14,0,0,0,0
5657,0,0.2561,24,0,1.3534,3570.0,6,0,2,0,0
5658,0,0.4152,29,0,0.5486,3620.0,5,0,0,0,0
5659,0,0.013,36,0,0.3093,7910.0,12,0,0,0,0
5660,0,0.1401,66,0,0.5796,13710.0,2,0,0,0,0
5661,0,0.2118,28,0,0.5239,8640.0,18,0,0,0,1
5662,0,0.3974,46,0,0.4045,5640.0,1,0,0,0,3
5663,0,0.2113,50,0,0.3769,4250.0,7,0,0,0,1
5664,0,0.1766,27,0,0.8113,4830.0,11,0,1,0,0
5665,1,0.1155,23,2,1.2671,2220.0,1,1,1,1,0
5666,1,0.2649,27,0,0.1324,4480.0,1,0,0,0,1
5667,0,0.069,24,0,0.9402,9620.0,19,0,0,0,3
5668,0,0.0282,48,0,0.4547,5030.0,12,0,0,0,3
5669,1,0.7747,71,1,0.5179,3380.0,1,0,0,0,1
5670,1,0.3364,40,1,1.011,3190.0,8,0,0,0,0
5671,0,0.0354,34,0,0.0914,4820.0,7,0,0,0,0
5672,0,0.0082,33,1,0.7326,2340.0,1,0,0,0,0
5673,0,0.353,73,0,0.97,2850.0,11,0,1,0,0
5674,0,0.5486,72,0,0.2973,12330.0,5,0,0,0,0
5675,1,0.2567,56,1,0.1947,2640.0,13,0,1,0,0
5676,0,0.013,46,0,1.202,3040.0,15,0,1,0,1
5677,0,0.0709,29,0,0.1566,5850.0,8,0,1,0,0
5678,0,0.0197,71,0,0.5776,3770.0,8,0,0,0,2
5679,0,0.4927,21,4,0.8302,5180.0,13,1,0,0,0
5680,0,0.0566,29,0,0.57,8250.0,14,0,3,0,2
5681,0,0.6358,57,0,0.6305,1940.0,8,0,1,0,0
5682,0,0.4681,30,0,0.3833,7730.0,16,0,0,0,0
5683,0,0.2071,26,0,0.5931,3470.0,6,0,1,0,2
5684,0,0.2007,53,0,0.2937,4140.0,16,0,1,0,1
5685,0,0.0364,22,0,0.3175,15570.0,8,0,2,0,0
5686,0,0.1011,35,0,0.459,2120.0,13,0,0,0,3
5687,0,0.0383,55,0,0.1784,7010.0,19,0,1,0,1
5688,0,0.6169,30,3,0.6352,9670.0,15,0,0,0,0
5689,0,0.2318,62,0,0.1014,3260.0,7,0,1,0,1
5690,0,0.0301,26,0,0.5586,3290.0,11,0,0,0,1
5691,0,0.607,54,0,0.591,3940.0,4,0,1,0,0
5692,0,0.0229,25,0,0.279,3250.0,9,0,1,0,2
5693,0,0.0871,60,0,0.2143,5110.0,12,0,1,0,2
5694,0,0.6393,61,0,0.3517,8400.0,2,0,1,0,1
5695,0,0.3313,63,0,0.6596,3950.0,8,0,0,0,0
5696,0,0.2666,36,0,0.5529,8580.0,19,0,0,0,2
5697,0,0.7103,33,0,0.2306,11390.0,19,0,0,0,0
5698,0,0.0634,73,0,0.4787,6370.0,16,0,0,0,3
5699,0,0.118,60,0,0.5258,6740.0,14,0,1,0,3
5700,1,0.1747,30,1,0.5126,3440.0,13,1,1,0,0
5701,0,0.637,22,0,0.2486,1020.0,11,0,0,0,1
5702,0,0.0471,40,0,0.4933,6980.0,13,0,0,0,1
5703,0,0.5502,56,0,0.7793,7930.0,5,0,0,0,2
5704,0,0.01,41,0,0.6201,5680.0,11,0,1,0,2
5705,0,0.1027,64,0,0.5752,8480.0,11,0,1,0,1
5706,0,0.0894,48,0,1.204,3540.0,2,0,1,0,2
5707,0,0.217,74,0,0.4969,6710.0,6,0,1,0,0
5708,0,0.1963,68,0,0.2711,11890.0,7,0,0,0,0
5709,0,1.3865,46,0,0.2716,7330.0,14,0,1,0,2
5710,0,0.17,66,0,0.4994,11000.0,7,0,0,0,1
5711,0,0.3493,45,0,0.1897,11040.0,5,0,1,0,2
5712,0,0.0122,21,0,0.3728,2360.0,16,0,0,0,0
5713,1,0.5059,37,0,0.5936,7570.0,10,0,1,0,0
5714,0,0.1918,43,1,0.9073,3360.0,12,0,1,0,0
5715,0,0.1634,73,0,0.1779,2530.0,7,0,0,0,1
5716,1,0.0512,65,0,0.4768,4140.0,8,0,0,0,1
5717,0,0.9912,28,0,0.4313,14080.0,11,0,1,0,4
5718,1,0.3454,21,2,0.4596,3550.0,7,1,0,0,0
5719,0,0.1095,49,0,0.4892,1710.0,19,0,0,0,0
5720,1,0.0112,49,0,0.4409,2070.0,17,0,1,0,0
5721,0,0.6203,60,0,1.036,6550.0,19,0,1,0,2
5722,1,0.3359,35,0,0.9478,3120.0,15,0,0,0,1
5723,0,0.1864,64,0,1.6258,1440.0,2,0,0,0,0
5724,0,0.1083,43,0,0.4465,2120.0,16,0,1,0,0
5725,0,0.4525,39,0,0.3512,5430.0,5,0,0,0,4
5726,0,0.5243,43,0,0.2514,7850.0,8,0,0,0,1
5727,0,0.1825,72,0,0.329,3760.0,8,0,1,0,0
5728,0,0.2868,42,1,0.6899,7250.0,10,1,0,0,0
5729,0,1.1598,51,0,0.7566,8510.0,16,0,2,0,1
5730,0,1.5576,69,1,0.6739,3070.0,11,0,0,0,1
5731,0,0.7142,21,0,0.3016,4570.0,11,0,1,0,0
5732,0,0.231,49,0,0.3026,3430.0,4,0,1,0,0
5733,0,0.0419,59,0,1.4534,6790.0,16,0,1,0,1
5734,0,0.6121,69,0,0.2728,3400.0,7,0,1,0,0
5735,0,0.0123,24,0,1.0512,2370.0,13,0,0,0,0
5736,0,0.1323,60,0,0.5728,5070.0,10,0,2,0,3
5737,0,0.0142,64,0,0.2895,9570.0,13,0,1,0,0
5738,0,0.3873,39,0,0.2208,6680.0,13,0,2,0,0
5739,0,0.1543,61,0,0.2972,8990.0,11,0,0,0,0
5740,0,0.2781,47,0,0.5773,8530.0,9,0,1,0,0
5741,0,0.2075,56,1,0.2603,5040.0,14,0,1,0,2
5742,1,0.2912,42,0,1.1418,3430.0,3,0,2,0,0
5743,0,0.0437,30,0,0.3966,2920.0,19,0,0,0,0
5744,0,0.0357,65,0,0.684,1900.0,9,0,1,0,0
5745,0,0.4082,32,0,0.6517,10030.0,19,0,0,0,0
5746,1,0.1939,31,3,1.189,4030.0,11,1,1,1,0
5747,0,0.1999,68,0,0.3455,1770.0,3,0,1,0,0
5748,0,0.0253,71,1,0.4789,10310.0,13,0,2,0,1
5749,0,0.3239,53,3,0.1938,5200.0,10,1,0,0,1
5750,0,0.2861,52,0,0.478,8780.0,17,0,1,0,0
5751,0,0.0092,40,0,0.8905,4200.0,16,0,1,0,2
5752,1,0.035,54,0,0.5126,3050.0,5,0,1,0,0
5753,0,0.2696,53,0,1.7997,6420.0,15,0,0,0,2
5754,0,0.0254,48,2,0.6137,6750.0,11,0,0,0,0
5755,0,0.1044,56,0,0.3249,4150.0,9,0,1,0,0
5756,0,0.0481,50,1,0.5906,10810.0,8,0,2,1,0
5757,0,0.2366,68,0,0.1867,8670.0,13,0,0,0,1
5758,0,0.2474,57,0,0.2782,6900.0,14,0,0,0,0
5759,0,0.301,41,0,0.2165,2530.0,17,0,0,0,1
5760,1,0.4708,56,0,0.4537,2320.0,17,0,0,0,0
5761,0,0.1689,33,0,0.4333,10090.0,5,0,0,0,1
5762,0,0.0143,32,0,0.926,1320.0,10,0,1,0,1
5763,1,0.6839,65,0,0.4234,4650.0,19,0,0,0,2
5764,0,0.2996,52,2,0.2462,5370.0,17,1,0,0,2
5765,0,0.1668,23,0,1.1452,3660.0,9,0,1,0,0
5766,0,0.298,40,0,0.0768,4810.0,1,0,2,0,0
5767,0,0.0882,74,0,0.4598,6320.0,5,0,0,0,0
5768,0,0.1497,55,0,0.512,3460.0,18,0,0,0,0
5769,0,0.4197,67,0,0.4466,8340.0,14,0,0,0,1
5770,0,0.3522,50,0,0.6066,6970.0,15,0,2,0,1
5771,0,0.9906,23,0,0.4802,4410.0,15,0,2,0,1
5772,0,0.1207,30,0,0.6064,2990.0,3,0,0,0,0
5773,0,0.2973,25,0,0.3131,4650.0,12,0,3,0,0
5774,0,0.2409,60,0,0.1872,17440.0,13,0,0,0,2
5775,0,0.0171,61,0,0.437,3120.0,2,0,1,0,2
5776,0,0.1014,45,0,0.2427,12310.0,10,0,2,0,1
5777,0,1.0424,60,0,0.2902,1710.0,6,0,0,0,0
5778,0,0.1787,50,0,0.902,2930.0,19,0,0,0,0
5779,0,0.0372,60,0,1.1443,3550.0,5,0,1,0,0
5780,0,0.2235,57,0,0.8919,8690.0,6,0,0,0,1
5781,0,0.4709,45,0,0.7981,5080.0,17,0,3,0,0
5782,1,0.7064,56,2,0.4658,10790.0,12,1,0,0,0
5783,0,0.3654,38,1,0.8264,4030.0,18,0,1,0,0
5784,0,0.1138,61,0,0.5562,4760.0,10,0,0,0,0
5785,0,0.3933,70,0,1.4456,4040.0,4,0,3,0,2
5786,0,0.3574,32,0,0.259,16580.0,5,0,1,0,0
5787,1,0.8957,57,0,0.6727,2510.0,4,0,0,0,0
5788,1,0.3524,26,1,0.2104,3620.0,16,0,0,1,1
5789,0,0.2374,41,0,0.675,2730.0,1,0,0,0,2
5790,0,0.0695,57,0,0.1602,6930.0,15,0,1,0,3
5791,0,0.267,35,0,0.2169,2480.0,9,0,1,0,0
5792,0,0.1075,33,0,0.2081,14670.0,11,0,1,0,0
5793,0,0.0485,41,0,0.5227,5160.0,16,0,1,0,1
5794,1,0.8106,27,0,0.5558,6290.0,18,0,1,0,0
5795,0,0.1604,54,1,1.9548,6490.0,6,0,2,1,0
5796,0,0.5661,28,0,0.4254,4860.0,18,0,0,0,1
5797,1,0.5264,38,2,0.7143,5290.0,18,1,1,1,4
5798,0,0.1603,37,0,0.4949,5170.0,16,0,0,0,0
5799,0,0.1388,73,2,0.6793,6710.0,3,1,0,0,1
5800,0,0.4111,74,1,0.4898,3000.0,3,1,0,0,1
5801,0,0.0072,25,0,0.8692,2710.0,1,0,2,0,1
5802,0,0.4528,29,0,0.2389,8040.0,17,0,1,0,0
5803,0,0.0973,60,0,0.1035,4910.0,19,0,2,0,4
5804,0,0.0702,37,0,0.5772,1470.0,6,0,0,0,0
5805,0,0.0854,55,0,0.1521,3700.0,10,0,0,0,2
5806,0,0.6452,70,0,0.9871,12310.0,11,0,0,0,1
5807,0,0.7736,29,0,0.3234,4460.0,8,0,0,0,3
5808,0,0.1605,73,0,0.241,3570.0,19,0,3,0,2
5809,1,0.3694,23,3,2.2712,2000.0,18,0,0,1,1
5810,0,1.8,33,1,0.4444,3500.0,5,1,2,0,0
5811,0,0.0618,48,0,0.3961,2440.0,11,0,0,0,1
5812,0,0.2723,68,0,0.7038,6360.0,4,0,0,0,0
5813,0,0.0745,50,0,0.7329,5060.0,2,0,0,0,0
5814,1,0.9471,28,0,0.89,3950.0,17,0,0,0,0
5815,0,0.0228,34,1,0.2019,3110.0,17,0,1,0,2
5816,1,0.0208,62,4,0.6198,12280.0,1,1,2,1,3
5817,0,0.1728,51,0,0.3768,3220.0,11,0,3,0,2
5818,0,0.0369,21,0,0.2586,3230.0,4,0,0,0,0
5819,0,0.1281,48,0,0.4625,4250.0,11,0,0,0,0
5820,0,0.5574,42,0,0.1516,4620.0,7,0,0,0,0
5821,0,0.1432,21,0,0.7817,6560.0,11,0,0,0,2
5822,0,0.0106,34,0,0.3774,8590.0,15,0,0,0,0
5823,0,1.1787,71,0,0.3374,8210.0,2,0,0,0,1
5824,0,0.0494,59,0,0.4137,21120.0,10,0,0,0,0
5825,0,0.2608,24,1,0.4064,1780.0,7,0,2,0,0
5826,0,0.2623,21,0,0.8908,5640.0,8,0,1,0,1
5827,0,0.1541,39,0,0.2328,3600.0,18,0,1,0,0
5828,0,0.0035,46,0,0.3572,16410.0,18,0,0,0,0
5829,0,0.2029,45,1,0.3946,5460.0,13,1,0,0,0
5830,0,0.1041,58,0,0.2371,1450.0,15,0,0,0,0
5831,1,0.385,30,1,0.4944,6380.0,8,0,0,0,2
5832,0,0.0175,23,0,0.291,5770.0,13,0,3,0,0
5833,0,0.4601,57,1,0.1935,7740.0,9,0,1,0,1
5834,0,0.3685,69,0,0.6162,3180.0,7,0,0,0,0
5835,0,0.3759,30,0,1.137,5980.0,16,0,1,0,0
5836,0,0.3773,40,0,0.4626,4180.0,17,0,3,0,0
5837,0,0.9403,54,0,0.4223,3290.0,7,0,0,0,0
5838,0,0.0391,29,0,0.417,6040.0,5,0,2,0,1
5839,0,0.0271,67,0,0.3297,5390.0,8,0,0,0,3
5840,0,0.0261,33,0,0.9067,9230.0,18,0,0,0,0
5841,0,0.25,49,0,0.4754,5000.0,15,0,2,0,1
5842,0,0.0379,39,0,0.1216,7060.0,5,0,0,0,0
5843,0,0.2564,57,0,0.9225,2380.0,12,0,1,0,0
5844,0,0.2791,31,0,0.7964,11350.0,16,0,0,0,1
5845,0,0.0384,26,1,0.6447,3080.0,7,0,0,0,2
5846,0,0.5584,48,0,0.086,8450.0,18,0,3,0,1
5847,0,0.1469,67,0,0.4485,5760.0,18,0,0,0,0
5848,1,0.3878,55,1,0.768,5330.0,5,1,0,0,2
5849,0,0.3929,61,0,0.5642,7760.0,12,0,0,0,2
5850,0,0.0615,44,0,0.5082,1360.0,5,0,2,0,0
5851,0,0.778,28,0,0.769,3480.0,13,0,2,0,1
5852,0,0.107,44,0,0.4885,7690.0,2,0,0,0,1
5853,0,1.123,74,0,0.9251,15570.0,13,0,0,0,0
5854,0,0.0326,63,0,0.4951,4840.0,7,0,1,0,1
5855,0,0.0051,58,0,0.472,1140.0,10,0,3,0,1
5856,0,0.0663,37,0,0.7675,4060.0,10,0,1,0,0
5857,0,0.2112,53,0,0.3538,4740.0,19,0,1,0,0
5858,0,0.2601,54,0,0.2326,9560.0,2,0,0,0,0
5859,0,0.3631,56,0,0.4504,5060.0,12,0,0,0,0
5860,0,0.309,69,0,0.6403,2280.0,3,0,1,0,2
5861,1,0.1318,57,0,0.7829,8760.0,13,0,0,0,3
5862,1,0.4288,32,2,0.7855,6910.0,9,1,0,1,1
5863,0,0.0239,32,0,0.4312,3230.0,4,0,2,0,0
5864,0,0.0116,54,0,0.4054,7570.0,4,0,1,0,0
5865,0,0.0469,67,0,0.315,3540.0,3,0,0,0,0
5866,0,0.048,72,0,0.522,4110.0,15,0,0,0,0
5867,0,0.1694,53,0,0.1679,3580.0,18,0,0,0,1
5868,0,0.3201,49,0,0.4555,4080.0,7,0,0,0,3
5869,0,1.3244,65,0,2.4838,8470.0,8,0,0,0,0
5870,1,0.0902,73,0,0.1823,1680.0,1,0,0,0,0
5871,0,0.3154,22,0,0.4937,9530.0,4,0,3,0,0
5872,0,0.0543,37,0,0.5637,5460.0,3,0,0,0,0
5873,0,0.0186,39,0,0.6089,3890.0,19,0,0,0,0
5874,0,0.0103,51,0,0.2516,4980.0,6,0,0,0,2
5875,0,0.4522,36,0,0.6122,2850.0,15,0,0,0,1
5876,0,1.3763,37,0,0.3261,1850.0,3,0,1,0,2
5877,0,0.9454,22,0,0.1908,2900.0,4,0,1,0,3
5878,0,0.1998,21,0,0.7955,1580.0,5,0,0,0,1
5879,0,0.0159,45,0,0.6695,2180.0,4,0,1,0,2
5880,0,0.0641,74,0,0.2516,1860.0,4,0,0,0,1
5881,0,0.5556,36,2,0.3242,10240.0,6,1,0,0,0
5882,0,0.0866,33,0,0.3173,2270.0,8,0,0,0,0
5883,0,0.3065,35,0,0.1676,4790.0,4,0,0,0,4
5884,1,0.1264,73,0,0.71,9610.0,10,0,0,0,0
5885,0,0.2491,56,0,0.7261,8180.0,7,0,0,0,0
5886,0,0.5698,56,0,0.368,4120.0,12,0,1,0,0
5887,0,0.2032,31,0,0.4418,4130.0,12,0,0,0,0
5888,0,1.7102,69,0,0.4813,5480.0,18,0,0,0,0
5889,0,0.1613,31,0,0.5203,17450.0,12,0,0,0,1
5890,0,0.1554,73,0,0.2002,6300.0,14,0,0,0,2
5891,0,0.2333,72,0,0.6023,7340.0,16,0,0,0,0
5892,0,0.0208,51,0,0.2219,19150.0,4,0,0,0,0
5893,0,0.5715,67,0,0.6763,5810.0,17,0,3,0,2
5894,0,0.1669,74,0,0.2372,9790.0,9,0,0,0,1
5895,0,0.417,52,0,0.206,6550.0,13,0,1,0,0
5896,0,0.2688,62,0,0.4418,6490.0,14,0,1,0,3
5897,0,0.3079,52,2,0.4359,2760.0,5,0,3,0,0
5898,0,0.3444,49,0,0.4782,2500.0,11,0,0,0,1
5899,0,0.1011,39,0,0.263,3610.0,6,0,0,0,4
5900,0,0.5596,56,0,0.5075,8340.0,4,0,0,0,0
5901,0,0.0003,35,0,0.537,8110.0,17,0,1,0,1
5902,0,0.0262,31,0,0.9043,10940.0,15,0,0,0,0
5903,0,0.4654,35,0,0.5021,4880.0,4,0,0,0,0
5904,1,0.9556,21,3,0.3136,6790.0,4,1,2,0,0
5905,0,0.1008,71,0,0.2002,6800.0,2,0,0,0,3
5906,0,0.0539,34,0,0.1794,4610.0,7,0,0,0,0
5907,0,0.2315,64,0,0.5454,4050.0,5,0,3,0,0
5908,0,0.051,44,0,0.7232,2020.0,14,0,1,0,0
5909,0,0.009,39,0,0.2634,4480.0,8,0,1,0,0
5910,1,0.2363,33,1,0.5237,4620.0,19,0,0,1,1
5911,0,0.0375,65,0,0.4047,9710.0,11,0,0,0,0
5912,0,0.3275,48,0,0.6914,10300.0,17,0,0,0,3
5913,0,0.1595,45,0,0.7555,5360.0,2,0,1,0,2
5914,0,0.9261,56,0,0.1154,16950.0,19,0,2,0,1
5915,1,0.2891,64,3,0.8347,5510.0,7,1,2,1,0
5916,0,0.4303,56,0,0.5227,9130.0,8,0,1,0,3
5917,0,0.2199,46,0,0.3267,4630.0,12,0,1,0,0
5918,0,0.3647,69,0,0.3322,2480.0,9,0,0,0,3
5919,1,0.5799,69,0,0.458,3810.0,6,0,0,0,0
5920,0,0.2367,73,0,0.3321,11900.0,4,0,0,0,1
5921,0,0.2356,25,0,0.2561,4190.0,8,0,1,0,1
5922,0,0.0615,69,0,0.2939,3710.0,9,0,2,0,0
5923,0,0.0091,31,0,0.2407,4900.0,3,0,1,0,0
5924,0,0.1125,54,0,1.008,3890.0,15,0,0,0,0
5925,0,0.256,56,0,0.4647,10060.0,4,0,0,0,0
5926,0,0.5091,32,2,1.7362,15230.0,2,0,0,0,3
5927,0,0.2356,21,0,0.5614,4930.0,7,0,0,0,0
5928,0,0.9766,71,0,0.6398,6800.0,7,0,2,0,1
5929,0,0.3424,69,2,0.2376,8810.0,6,0,1,0,0
5930,0,0.6176,30,1,0.3942,5250.0,18,1,0,0,0
5931,0,1.8,53,0,0.4694,2900.0,12,0,0,0,0
5932,0,0.8226,29,0,0.3066,3840.0,4,0,0,0,3
5933,0,1.0453,51,1,0.34,6290.0,10,0,0,0,1
5934,0,0.1868,38,0,0.5782,6220.0,6,0,0,0,1
5935,0,0.0613,61,0,0.585,1680.0,19,0,0,0,1
5936,0,0.1515,51,0,0.2015,3780.0,18,0,0,0,0
5937,0,0.0297,47,1,0.5327,3160.0,12,0,0,0,0
5938,0,0.043,57,0,0.6261,8340.0,7,0,0,0,2
5939,0,0.0079,46,0,0.3153,3230.0,3,0,0,0,1
5940,0,0.0005,21,2,0.2967,3730.0,16,0,0,0,1
5941,0,0.8108,53,0,0.5856,3650.0,1,0,1,0,1
5942,0,1.2194,63,0,0.096,7900.0,6,0,1,0,0
5943,1,0.3918,47,0,0.4499,8790.0,11,0,0,0,0
5944,0,0.3015,30,0,1.198,6610.0,5,0,3,0,0
5945,0,0.2368,21,0,0.0946,9550.0,14,0,1,0,1
5946,0,1.2744,37,0,0.7362,10310.0,4,0,1,0,0
5947,0,0.1359,62,0,0.6229,1660.0,17,0,0,0,0
5948,0,0.5325,38,1,0.1896,7010.0,2,0,2,0,0
5949,0,0.0959,72,0,0.614,3940.0,7,0,0,0,2
5950,0,0.098,38,0,0.8194,2310.0,8,0,1,0,0
5951,0,0.4302,44,0,0.2218,4060.0,19,0,0,0,0
5952,0,0.5072,62,0,0.294,7620.0,14,0,1,0,0
5953,0,0.0432,54,0,0.4564,11770.0,19,0,1,0,0
5954,0,0.3751,23,0,0.8078,2190.0,10,0,1,0,2
5955,0,0.3534,25,0,0.3248,7120.0,18,0,0,0,0
5956,0,0.0758,31,0,0.4381,15980.0,8,0,1,0,0
5957,0,0.8962,68,0,0.3015,14740.0,1,0,0,0,2
5958,0,0.2376,22,0,0.456,620.0,4,0,0,0,0
5959,0,0.1477,24,0,0.842,18170.0,8,0,0,0,1
5960,0,0.1444,63,0,0.4788,8750.0,13,0,1,0,2
5961,0,0.1497,54,2,0.3626,1230.0,4,0,0,0,0
5962,1,0.0175,74,0,0.4406,3100.0,5,0,1,0,0
5963,0,0.4889,32,0,0.2779,10450.0,13,0,0,0,0
5964,0,1.0363,56,1,0.2474,6100.0,1,0,0,0,0
5965,1,0.7526,28,0,0.925,3480.0,17,0,2,0,1
5966,1,0.1614,52,2,1.2004,5110.0,19,1,2,0,0
5967,0,0.4418,26,0,0.1534,6820.0,16,0,1,0,0
5968,0,0.1439,70,1,0.6372,3470.0,18,0,0,0,3
5969,0,0.0558,43,1,0.7523,4550.0,4,0,0,0,0
5970,1,0.1598,34,1,0.2172,8420.0,5,0,0,0,0
5971,0,0.1638,74,0,0.3386,3230.0,17,0,0,0,0
5972,0,0.0687,24,1,0.3178,2180.0,5,1,0,0,1
5973,0,0.1758,64,0,1.4057,3350.0,14,0,0,0,0
5974,0,0.2099,48,0,1.211,2880.0,12,0,0,0,0
5975,0,0.1033,58,0,0.2585,3420.0,6,0,0,0,4
5976,0,0.0192,35,0,0.1872,1740.0,9,0,1,0,1
5977,1,0.0883,68,2,0.7145,5660.0,9,1,2,0,0
5978,0,0.7187,45,0,0.6227,8270.0,17,0,0,0,2
5979,0,0.2854,43,0,0.9478,3020.0,11,0,0,0,0
5980,0,0.1321,45,0,0.238,3320.0,9,0,0,0,1
5981,0,0.1038,37,0,0.6936,4390.0,13,0,0,0,0
5982,0,0.357,38,0,0.2897,2840.0,3,0,1,0,0
5983,0,0.0702,28,0,0.653,8870.0,7,0,0,0,0
5984,0,0.0854,47,0,0.4394,2880.0,11,0,1,0,0
5985,1,0.6176,46,0,1.4055,3580.0,12,0,0,0,2
5986,0,0.1998,41,0,0.5877,3110.0,3,0,0,0,0
5987,0,0.0592,74,0,0.3722,9000.0,6,0,1,0,0
5988,0,0.0095,27,0,0.4881,4280.0,9,0,2,0,4
5989,0,1.177,70,0,0.423,16250.0,1,0,1,0,0
5990,0,0.0007,67,3,0.2248,6080.0,11,0,2,0,0
5991,0,0.2531,22,2,1.4261,9850.0,17,0,2,1,0
5992,0,0.3553,58,1,1.1726,4050.0,18,1,0,0,0
5993,1,0.2718,32,1,0.4042,2790.0,13,0,1,1,0
5994,0,0.1645,23,0,0.6838,4820.0,6,0,1,0,0
5995,0,0.6452,67,0,1.5386,3270.0,14,0,0,0,3
5996,0,0.7172,27,1,0.9438,1480.0,13,0,0,0,1
5997,0,0.1728,37,0,0.3737,9030.0,1,0,1,0,1
5998,0,0.2383,26,1,0.4262,5010.0,1,0,0,0,3
5999,0,0.2409,28,0,0.1603,3230.0,19,0,1,0,0
6000,0,0.3733,24,1,0.7152,6160.0,17,0,0,1,0
6001,0,0.0735,66,0,0.9472,5060.0,8,0,0,0,1
6002,0,0.0219,24,1,0.9511,11450.0,7,0,0,1,0
6003,0,0.1809,61,0,0.6843,6370.0,2,0,2,0,0
6004,0,0.0369,29,0,0.5551,4470.0,5,0,3,0,0
6005,0,0.2108,70,1,0.2469,7450.0,2,1,3,0,0
6006,0,0.5271,66,0,0.5443,4810.0,2,0,1,0,0
6007,0,0.2033,54,0,0.3076,5490.0,17,0,1,0,1
6008,0,0.2517,65,0,0.6158,10260.0,15,0,0,0,2
6009,0,0.2985,37,0,0.2841,2440.0,16,0,0,0,1
6010,0,0.4467,63,0,0.6134,2930.0,2,0,0,0,3
6011,0,0.2782,32,0,0.9939,3820.0,8,0,0,0,4
6012,0,0.1822,54,0,0.5634,4170.0,12,0,1,0,0
6013,0,0.1749,70,0,0.5472,9840.0,11,0,0,0,1
6014,0,0.0679,60,1,0.7771,2100.0,6,0,1,0,1
6015,0,0.1794,35,0,1.2998,4830.0,8,0,3,0,0
6016,0,0.4663,60,0,0.4213,3530.0,14,0,0,0,0
6017,0,0.164,68,0,0.6142,13630.0,17,0,0,0,2
6018,0,0.143,69,0,1.1126,8350.0,19,0,1,0,0
6019,0,0.2608,60,0,0.6714,5670.0,14,0,1,0,0
6020,0,0.0583,60,0,0.1351,8790.0,6,0,1,0,0
6021,0,0.0292,63,0,0.2925,2230.0,18,0,1,0,0
6022,1,0.4093,60,0,0.7051,16590.0,12,0,1,0,0
6023,0,0.1075,28,1,0.3534,2970.0,15,0,1,0,0
6024,0,0.0956,64,0,1.0663,10450.0,8,0,0,0,0
6025,0,0.6491,30,0,1.3699,6840.0,11,0,3,0,0
6026,0,0.7607,51,0,0.3153,5760.0,10,0,1,0,3
6027,1,0.221,39,3,0.2418,10190.0,14,1,0,1,3
6028,0,0.3126,32,0,0.3618,8940.0,2,0,0,0,0
6029,1,1.0642,36,0,0.3495,5240.0,11,0,3,0,3
6030,0,0.1604,25,0,1.1294,3820.0,4,0,0,0,0
6031,0,0.6225,44,0,0.2414,5290.0,4,0,1,0,0
6032,0,0.4147,43,0,0.7015,4620.0,16,0,0,0,0
6033,0,0.9437,42,0,1.0332,6080.0,11,0,1,0,0
6034,0,0.0807,25,3,0.7346,9070.0,7,1,0,0,0
6035,0,0.5149,53,0,0.5838,6510.0,13,0,0,0,0
6036,0,0.0541,30,0,0.4077,5490.0,1,0,0,0,1
6037,0,0.5135,67,1,1.3626,3320.0,18,0,0,0,0
6038,0,0.1214,22,0,0.3878,5970.0,7,0,0,0,0
6039,0,0.0181,23,0,0.7937,1780.0,3,0,0,0,3
6040,0,0.5521,37,0,0.4085,3050.0,13,0,0,0,2
6041,0,0.0166,43,0,0.1488,7070.0,17,0,1,0,0
6042,0,0.5846,73,0,0.3822,8360.0,19,0,1,0,0
6043,0,0.067,49,0,0.4091,4850.0,15,0,0,0,2
6044,0,0.2603,41,0,0.4123,5540.0,17,0,1,0,1
6045,0,0.0103,66,0,0.3023,6140.0,6,0,1,0,0
6046,1,0.0244,34,1,0.6541,7400.0,15,1,1,0,0
6047,0,0.0922,69,0,0.6993,4360.0,1,0,2,0,0
6048,0,0.1404,42,0,0.374,2730.0,18,0,2,0,0
6049,0,0.0604,37,0,0.3721,6200.0,16,0,1,0,0
6050,0,0.0374,37,0,0.2392,15910.0,13,0,1,0,1
6051,0,0.048,21,0,0.5234,2830.0,18,0,0,0,1
6052,1,0.2089,57,0,1.0271,4550.0,10,0,0,0,2
6053,0,0.0187,52,0,1.0275,3900.0,7,0,1,0,1
6054,0,0.7551,55,0,0.3136,20910.0,11,0,1,0,0
6055,0,0.7732,56,0,1.484,2760.0,2,0,1,0,0
6056,0,0.0206,22,1,0.3616,4460.0,18,1,1,0,0
6057,0,0.3855,68,0,0.2442,3950.0,10,0,1,0,0
6058,0,0.3594,48,0,0.1985,2320.0,1,0,0,0,1
6059,0,0.2526,58,0,0.2356,2240.0,12,0,2,0,0
6060,0,0.0893,22,0,0.5489,6910.0,10,0,2,0,0
6061,0,0.2536,62,0,0.385,7520.0,19,0,0,0,0
6062,0,0.5988,57,0,0.3075,3510.0,15,0,1,0,1
6063,0,0.1072,40,0,0.2702,11450.0,6,0,2,0,0
6064,0,0.489,71,0,0.2342,1270.0,1,0,1,0,0
6065,1,0.1941,56,2,0.2634,2310.0,9,1,0,1,2
6066,0,0.693,70,0,0.8263,3000.0,16,0,2,0,1
6067,0,0.2987,65,0,1.3258,4890.0,14,0,1,0,0
6068,1,0.5428,32,3,1.3759,3750.0,17,1,1,1,0
6069,0,0.9441,74,0,0.6786,4360.0,16,0,0,0,0
6070,0,0.1766,61,0,0.3344,6580.0,10,0,1,0,2
6071,0,0.3517,31,0,0.301,11780.0,16,0,2,0,0
6072,0,1.1046,63,1,0.7073,7950.0,16,0,0,0,0
6073,0,1.7359,44,0,0.3876,5080.0,2,0,1,0,0
6074,0,0.2583,67,0,0.5753,4680.0,3,0,1,0,0
6075,1,0.894,30,0,1.4308,9520.0,5,0,0,0,2
6076,0,0.1426,35,0,0.5118,15220.0,18,0,1,0,0
6077,1,0.1605,39,2,1.7625,7210.0,17,0,1,1,0
6078,1,0.8643,45,3,0.2285,3660.0,1,1,0,0,1
6079,0,0.3106,55,0,0.5877,5740.0,18,0,1,0,0
6080,0,0.558,32,0,0.5424,6960.0,1,0,0,0,0
6081,0,0.1445,59,0,0.249,3520.0,15,0,0,0,0
6082,0,0.5123,22,0,0.7269,8260.0,10,0,0,0,1
6083,1,0.6004,38,0,1.1258,5760.0,13,0,1,0,2
6084,0,0.1544,56,0,1.6847,9890.0,14,0,2,0,0
6085,0,0.2252,35,0,0.5751,2740.0,17,0,1,0,0
6086,0,0.1275,44,2,0.1437,1730.0,14,1,0,0,1
6087,0,0.6829,53,0,0.5982,3880.0,11,0,0,0,3
6088,0,0.3772,34,0,0.7013,4990.0,11,0,0,0,3
6089,0,0.057,73,1,0.3902,1670.0,19,0,0,0,4
6090,1,0.9754,66,0,0.5112,3410.0,15,0,1,0,2
6091,1,0.3328,73,0,0.3362,10620.0,12,0,3,0,0
6092,0,0.1567,47,0,0.4147,6770.0,12,0,2,0,2
6093,0,0.3094,39,1,0.8274,5340.0,6,0,0,0,0
6094,0,0.0759,74,0,1.034,2610.0,17,0,0,0,0
6095,0,0.1187,60,0,0.2096,10410.0,14,0,1,0,1
6096,0,0.6122,63,0,0.3306,3830.0,3,0,1,0,1
6097,0,0.1174,30,0,0.1732,5200.0,16,0,0,0,0
6098,1,1.2303,67,0,1.3539,6280.0,19,0,2,0,2
6099,1,0.085,49,0,0.7577,5450.0,14,0,1,0,0
6100,1,0.7041,62,0,0.1353,12030.0,17,0,0,0,3
6101,0,0.7155,65,0,0.4323,6940.0,15,0,1,0,0
6102,0,0.4017,26,0,0.3791,6020.0,18,0,0,0,0
6103,0,0.0812,26,1,0.2855,4670.0,12,0,1,0,0
6104,0,0.1485,24,0,0.8367,6370.0,7,0,2,0,3
6105,0,0.2344,55,0,0.8253,4330.0,9,0,2,0,1
6106,0,0.4792,70,0,0.5282,5510.0,18,0,0,0,1
6107,0,1.2648,22,0,0.3057,4000.0,14,0,0,0,1
6108,0,0.3618,28,0,0.3073,3640.0,3,0,1,0,2
6109,0,0.3809,47,0,0.4613,2840.0,8,0,0,0,0
6110,0,0.4917,42,0,0.3415,4180.0,2,0,1,0,3
6111,0,0.194,26,0,0.4478,4020.0,18,0,1,0,0
6112,0,0.0811,53,1,0.628,14730.0,8,0,0,0,2
6113,0,0.7488,69,1,0.179,8910.0,2,0,0,0,1
6114,0,1.3244,32,0,0.2851,4540.0,18,0,0,0,4
6115,0,0.5495,21,3,0.4403,3810.0,17,1,3,0,2
6116,0,0.105,33,0,1.1494,7110.0,19,0,0,0,4
6117,0,0.3291,30,0,0.7462,15760.0,7,0,3,0,1
6118,0,0.3757,46,0,0.4484,7930.0,10,0,1,0,1
6119,0,0.1784,26,0,0.572,1750.0,10,0,0,0,0
6120,0,0.3603,40,0,0.4228,8250.0,15,0,0,0,0
6121,0,1.1603,27,1,0.8576,9170.0,16,0,1,0,1
6122,1,0.2244,57,0,0.5829,18390.0,11,0,0,0,0
6123,0,0.247,46,0,0.9678,4230.0,11,0,0,0,0
6124,0,0.3807,25,0,0.1992,5340.0,3,0,0,0,0
6125,1,0.2322,23,1,0.277,6440.0,4,0,0,0,2
6126,1,0.6116,47,1,0.5298,3110.0,13,0,2,0,0
6127,0,0.1782,52,0,0.6042,2940.0,9,0,2,0,0
6128,0,0.3381,30,0,1.8969,6250.0,3,0,1,0,2
6129,0,0.5154,38,0,0.1519,1950.0,3,0,0,0,0
6130,0,0.0893,53,1,0.4405,2230.0,13,0,0,0,0
6131,0,0.2455,46,0,0.4288,8020.0,17,0,0,0,0
6132,0,0.2166,27,0,0.5183,6630.0,5,0,1,0,1
6133,0,0.1959,42,0,1.2712,10400.0,11,0,1,0,1
6134,0,0.1674,31,0,0.7602,6490.0,6,0,0,0,0
6135,0,0.065,71,0,0.1716,4950.0,16,0,0,0,1
6136,1,0.4106,64,4,1.1278,10650.0,13,1,3,1,3
6137,0,0.0381,37,0,1.1091,3810.0,7,0,0,0,0
6138,0,0.7395,33,0,0.5262,4020.0,9,0,1,0,0
6139,0,0.1422,28,0,0.1702,4730.0,11,0,1,0,2
6140,0,0.121,60,0,0.4103,6440.0,16,0,1,0,0
6141,0,0.1363,70,0,0.5953,4720.0,10,0,0,0,0
6142,0,0.8395,35,0,0.817,2020.0,13,0,1,0,1
6143,0,0.1463,55,0,0.1553,4190.0,9,0,1,0,2
6144,0,0.2798,33,0,0.2832,4820.0,6,0,1,0,0
6145,1,0.0426,70,0,0.8683,5270.0,12,0,1,0,1
6146,0,0.6403,37,0,1.1063,3750.0,15,0,0,0,1
6147,1,0.7583,26,1,0.5818,6660.0,19,1,0,0,1
6148,0,0.0137,68,0,0.895,1870.0,2,0,1,0,0
6149,0,0.1278,72,0,0.5905,6310.0,19,0,0,0,0
6150,0,0.0654,42,1,0.8008,14410.0,14,0,1,0,1
6151,0,1.3285,69,1,0.4902,3410.0,6,0,0,0,3
6152,0,0.087,34,0,0.5993,5090.0,8,0,1,0,3
6153,0,0.4772,35,0,0.2159,4240.0,13,0,1,0,2
6154,0,0.5491,49,0,0.693,4280.0,6,0,1,0,3
6155,0,0.9311,53,0,0.2119,2650.0,7,0,1,0,0
6156,0,0.1612,41,0,0.6925,16240.0,10,0,0,0,0
6157,0,0.0435,64,0,0.3453,6190.0,14,0,1,0,0
6158,0,0.0293,63,0,0.561,3290.0,18,0,0,0,1
6159,0,0.3245,27,0,0.2537,3070.0,17,0,2,0,0
6160,0,0.4183,74,0,0.3322,5100.0,5,0,1,0,3
6161,0,0.1786,29,0,0.5603,1340.0,4,0,0,0,0
6162,0,0.3538,49,0,0.7065,9240.0,19,0,0,0,0
6163,0,0.2769,43,0,0.8661,3610.0,18,0,2,0,0
6164,0,0.201,45,0,0.2254,6210.0,12,0,0,0,0
6165,0,0.3942,27,0,0.1826,6380.0,14,0,0,0,0
6166,0,0.0431,39,0,0.2503,8770.0,5,0,0,0,0
6167,0,0.0684,22,1,0.2371,6600.0,12,0,1,0,0
6168,1,0.4253,73,2,1.1504,7680.0,14,0,0,0,1
6169,0,1.4565,28,0,1.0041,9060.0,6,0,0,0,0
6170,0,0.3658,47,1,0.2471,4030.0,14,0,0,1,0
6171,0,0.2009,32,0,1.2538,17870.0,8,0,1,0,0
6172,0,0.5158,30,0,0.9688,6070.0,11,0,0,0,3
6173,0,1.5159,42,0,0.169,4830.0,1,0,0,0,3
6174,1,0.1391,73,0,0.2422,2970.0,3,0,0,0,0
6175,0,0.1397,46,0,0.166,4340.0,12,0,1,0,0
6176,0,0.0021,72,0,0.4266,6250.0,16,0,0,0,1
6177,0,0.1666,65,1,0.454,5200.0,11,0,1,0,2
6178,0,0.0356,44,1,0.4535,14710.0,16,1,1,0,0
6179,0,0.8331,69,2,0.1332,3890.0,16,0,1,0,1
6180,0,1.0756,39,0,0.1908,7390.0,15,0,0,0,1
6181,1,0.0527,48,3,0.5252,2500.0,16,1,0,1,1
6182,0,1.4718,57,0,0.6527,18210.0,15,0,2,0,3
6183,0,0.259,52,0,0.1337,2400.0,16,0,0,0,1
6184,0,0.0072,65,0,0.2083,17060.0,8,0,2,0,0
6185,1,0.958,29,1,0.8298,4530.0,8,0,0,0,3
6186,0,0.1687,47,0,0.2155,1290.0,10,0,1,0,0
6187,0,0.6367,56,0,0.4454,11060.0,11,0,0,0,0
6188,1,0.1616,38,4,0.2036,5160.0,13,1,1,1,1
6189,0,0.0949,67,0,0.74,3740.0,11,0,0,0,2
6190,0,0.2959,37,0,0.134,7220.0,4,0,1,0,1
6191,0,0.0591,37,0,0.3743,7320.0,8,0,0,0,0
6192,0,0.5172,38,0,0.7899,6300.0,12,0,0,0,0
6193,0,0.6154,57,0,0.6479,9710.0,1,0,0,0,2
6194,0,0.0875,27,0,0.3401,5720.0,3,0,1,0,0
6195,0,0.4851,28,0,0.2955,7260.0,18,0,1,0,0
6196,0,0.4278,63,0,0.3907,3590.0,17,0,0,0,3
6197,0,1.119,32,0,0.2073,7780.0,12,0,0,0,0
6198,0,0.0382,26,0,0.4232,3600.0,3,0,2,0,0
6199,0,0.0685,35,0,0.4275,2500.0,5,0,0,0,1
6200,0,0.1636,42,0,0.3497,4340.0,15,0,0,0,0
6201,0,0.0773,22,0,0.8189,4170.0,14,0,0,0,3
6202,0,0.1831,66,0,0.2364,8580.0,5,0,0,0,2
6203,0,0.0307,27,0,0.1616,2060.0,2,0,2,0,0
6204,0,0.5312,42,2,0.3279,9470.0,18,0,1,0,0
6205,0,0.4224,31,0,0.484,3380.0,14,0,0,0,2
6206,0,0.2246,36,0,0.4215,1120.0,13,0,1,0,2
6207,1,0.9966,23,0,0.4104,2380.0,17,0,1,0,1
6208,0,1.8,72,0,0.2286,4090.0,9,0,0,0,1
6209,0,0.1884,71,0,0.2492,6420.0,3,0,0,0,2
6210,0,0.9728,27,2,0.3352,4540.0,1,0,0,0,0
6211,0,0.2037,31,0,0.3197,2380.0,19,0,0,0,0
6212,0,0.5914,68,0,0.8684,3080.0,12,0,0,0,0
6213,0,0.6252,43,0,0.5264,2400.0,15,0,0,0,0
6214,0,0.1534,24,0,0.3264,5740.0,8,0,0,0,0
6215,0,0.3815,28,0,0.8668,4650.0,3,0,1,0,1
6216,0,0.1711,43,0,0.5873,7100.0,16,0,0,0,0
6217,0,0.5118,51,0,0.199,1700.0,16,0,1,0,0
6218,0,0.1849,55,0,0.0642,3570.0,16,0,1,0,2
6219,0,0.0566,29,1,0.2028,16600.0,10,0,1,0,0
6220,0,0.6292,40,0,0.6421,7220.0,14,0,0,0,0
6221,1,0.5142,35,0,0.7671,4110.0,6,0,0,0,2
6222,0,0.6043,49,0,0.1659,2720.0,6,0,0,0,0
6223,0,0.4581,38,0,0.6671,9550.0,1,0,0,0,0
6224,0,0.608,32,0,0.6521,12330.0,4,0,0,0,1
6225,0,0.085,65,0,1.0377,2470.0,9,0,0,0,3
6226,0,0.5336,51,0,0.7947,2610.0,10,0,1,0,1
6227,0,0.092,46,1,1.0112,5810.0,9,0,1,0,3
6228,0,0.3505,28,0,0.6023,6140.0,9,0,0,0,4
6229,0,0.365,24,0,0.5903,6570.0,5,0,1,0,2
6230,0,0.1499,63,0,0.367,14850.0,13,0,0,0,1
6231,0,0.3742,73,0,0.735,2740.0,9,0,1,0,0
6232,0,0.5308,52,0,0.202,5030.0,11,0,1,0,0
6233,0,0.2717,23,0,0.4135,7580.0,12,0,0,0,1
6234,0,0.0487,47,0,0.6212,7530.0,10,0,0,0,0
6235,0,0.1111,36,0,1.046,3330.0,11,0,2,0,0
6236,0,0.5523,23,0,0.3373,3410.0,10,0,0,0,2
6237,0,0.2285,28,0,0.8025,3730.0,8,0,0,0,2
6238,0,0.1765,47,0,0.3992,13660.0,10,0,0,0,0
6239,0,0.8669,44,0,0.8124,2730.0,13,0,1,0,1
6240,0,0.197,51,4,0.2778,4050.0,17,1,0,1,4
6241,1,1.2722,58,0,0.6946,7830.0,2,0,0,0,2
6242,0,0.4289,35,0,0.4243,2560.0,4,0,0,0,0
6243,0,0.754,36,0,0.2207,5740.0,3,0,0,0,2
6244,0,0.2092,57,0,0.4098,1570.0,1,0,0,0,2
6245,0,0.6426,31,0,0.9931,5520.0,16,0,0,0,0
6246,0,0.1196,25,1,0.2438,5070.0,5,1,1,0,3
6247,0,0.1383,67,0,0.1844,5420.0,6,0,0,0,0
6248,1,0.4796,32,0,0.5708,2920.0,6,0,2,0,1
6249,0,0.0505,27,0,0.1642,5630.0,17,0,0,0,0
6250,0,0.1672,60,0,1.148,4800.0,12,0,0,0,0
6251,1,0.4206,49,0,1.1308,10720.0,2,0,0,0,0
6252,0,1.0399,28,0,0.8378,7210.0,17,0,1,0,0
6253,0,0.1027,66,0,0.4463,2060.0,19,0,0,0,1
6254,0,0.6707,34,0,1.2199,2980.0,14,0,0,0,0
6255,0,0.2663,57,0,1.0073,3400.0,10,0,2,0,0
6256,0,1.6143,56,0,0.3264,5480.0,19,0,0,0,1
6257,0,0.8038,65,1,1.0653,4440.0,1,0,3,0,0
6258,0,0.3145,60,0,0.26,4430.0,1,0,0,0,0
6259,0,0.5693,58,0,0.3992,26650.0,15,0,0,0,0
6260,0,0.0138,23,1,0.1532,3610.0,4,0,1,0,0
6261,0,0.722,71,0,0.4904,11320.0,2,0,0,0,0
6262,1,0.1318,27,0,0.3765,4500.0,2,0,0,0,3
6263,0,0.5367,34,0,0.3426,1330.0,9,0,1,0,1
6264,0,0.3173,45,0,0.4068,5510.0,13,0,1,0,0
6265,0,0.156,36,2,0.3174,9620.0,9,1,0,0,3
6266,0,0.9568,53,0,0.4607,7190.0,9,0,1,0,3
6267,0,0.0082,23,0,0.9706,5730.0,3,0,0,0,2
6268,0,0.2004,45,0,0.2376,4990.0,6,0,0,0,1
6269,0,0.1481,39,0,0.7539,3650.0,18,0,0,0,2
6270,0,0.1032,55,0,0.5113,8410.0,6,0,3,0,0
6271,0,0.3352,49,0,0.5624,3790.0,7,0,0,0,0
6272,0,0.3349,61,0,0.4411,3350.0,17,0,2,0,0
6273,0,0.2935,29,0,0.2922,6290.0,2,0,0,0,2
6274,0,0.401,72,0,0.5868,4100.0,2,0,0,0,0
6275,0,0.1187,42,0,0.6134,10600.0,18,0,1,0,0
6276,0,1.1372,39,0,0.278,6510.0,6,0,0,0,0
6277,0,0.0233,50,0,0.2013,3080.0,5,0,0,0,2
6278,0,0.9475,29,0,0.4729,2470.0,10,0,0,0,1
6279,0,0.0259,64,0,0.7067,3480.0,1,0,0,0,0
6280,0,0.1533,35,0,0.8212,19990.0,8,0,0,0,0
6281,1,0.241,71,2,0.925,4260.0,1,1,0,1,1
6282,0,0.08,29,1,0.5615,7750.0,14,0,0,0,0
6283,0,0.2122,67,0,0.3837,2250.0,17,0,1,0,0
6284,0,0.1898,42,0,0.4487,2570.0,12,0,0,0,0
6285,0,0.443,53,1,0.2131,4390.0,4,0,2,0,0
6286,0,0.172,68,0,0.2983,13640.0,16,0,0,0,0
6287,0,0.2257,27,0,0.4352,2270.0,13,0,0,0,0
6288,0,0.14,39,0,0.3829,3370.0,17,0,0,0,2
6289,0,1.5821,72,0,0.4748,8440.0,18,0,0,0,0
6290,0,0.0906,29,0,0.1969,12780.0,8,0,0,0,2
6291,0,0.2247,26,0,0.2252,6390.0,19,0,0,0,1
6292,0,0.3475,49,0,0.7156,7370.0,17,0,1,0,0
6293,0,0.1659,22,0,0.2725,2870.0,12,0,0,0,0
6294,0,0.0091,74,0,0.2995,2220.0,13,0,2,0,1
6295,0,0.3055,69,0,0.4757,2470.0,9,0,2,0,0
6296,0,0.222,31,1,0.257,2910.0,17,1,0,0,0
6297,0,0.0066,30,0,0.8727,5630.0,2,0,0,0,0
6298,1,0.2999,63,0,0.2114,2360.0,9,0,1,0,2
6299,0,0.1093,49,0,0.4497,5710.0,2,0,0,0,0
6300,0,0.4636,65,0,0.2867,4070.0,1,0,1,0,1
6301,0,0.0159,73,0,0.4935,3510.0,18,0,0,0,0
6302,0,0.2,42,0,0.3334,8360.0,13,0,2,0,1
6303,1,0.1146,34,0,0.443,2760.0,9,0,0,0,0
6304,0,0.0219,54,1,0.935,11630.0,19,0,0,0,0
6305,0,0.7584,55,0,0.2975,8090.0,2,0,1,0,2
6306,0,0.2254,44,0,0.296,2710.0,18,0,1,0,2
6307,1,0.1609,37,1,0.3717,10110.0,10,0,0,0,0
6308,0,0.5495,35,0,1.0881,2530.0,3,0,1,0,0
6309,0,0.2131,49,0,0.4258,10680.0,6,0,1,0,2
6310,0,0.3761,44,0,0.9423,6000.0,10,0,0,0,0
6311,0,0.2229,45,1,0.4041,1910.0,16,0,0,0,0
6312,0,0.1956,26,0,0.9174,2260.0,17,0,1,0,3
6313,0,0.3868,68,0,0.5737,3850.0,3,0,2,0,0
6314,0,0.0117,59,0,0.6267,8270.0,8,0,0,0,3
6315,0,0.2174,70,0,0.1899,4440.0,8,0,0,0,0
6316,0,1.1126,65,0,0.1737,4370.0,10,0,0,0,0
6317,0,0.0499,54,1,0.854,5030.0,11,0,1,0,0
6318,0,0.6154,37,0,0.8476,1480.0,19,0,2,0,0
6319,1,0.0952,56,3,1.9211,8060.0,6,0,0,1,0
6320,0,0.7423,51,0,0.1842,10980.0,10,0,2,0,2
6321,0,0.0598,70,0,0.6014,7890.0,6,0,0,0,0
6322,0,0.1708,33,0,0.2431,3810.0,4,0,0,0,0
6323,0,0.3122,22,0,0.2881,2890.0,8,0,0,0,2
6324,0,1.3883,27,0,0.3324,2570.0,1,0,3,0,4
6325,0,0.1038,30,0,0.5652,2490.0,15,0,0,0,0
6326,0,0.5042,56,0,0.3017,19120.0,9,0,2,0,0
6327,0,0.1637,28,0,0.4585,4690.0,9,0,1,0,0
6328,0,0.5715,28,0,0.7402,8460.0,10,0,2,0,1
6329,0,0.37,42,0,0.8841,8180.0,10,0,0,0,2
6330,0,0.0303,63,0,0.6808,5350.0,18,0,0,0,1
6331,0,0.2749,43,0,0.5893,2810.0,12,0,0,0,2
6332,0,0.0547,35,0,0.4127,6710.0,16,0,0,0,0
6333,1,0.1199,36,1,0.3194,2570.0,16,1,1,0,3
6334,0,0.2998,65,0,0.6209,7050.0,2,0,0,0,1
6335,0,0.0754,44,0,0.2392,2640.0,16,0,0,0,1
6336,0,0.9507,40,0,0.4826,3780.0,16,0,0,0,1
6337,0,0.2092,62,0,0.2357,3780.0,13,0,1,0,0
6338,0,0.2665,40,0,0.4383,11380.0,2,0,0,0,2
6339,0,0.2797,40,1,0.2388,1140.0,1,1,0,0,0
6340,0,0.1755,61,0,0.3533,19900.0,1,0,0,0,0
6341,0,0.1556,38,1,0.2995,3030.0,14,1,0,0,3
6342,0,0.3523,48,0,0.2786,4560.0,11,0,1,0,0
6343,1,0.6984,56,3,0.4264,6300.0,7,0,0,0,4
6344,0,0.4867,31,0,0.1049,5980.0,11,0,1,0,2
6345,0,0.0723,27,0,0.1524,8150.0,9,0,1,0,1
6346,1,0.7822,66,2,0.7278,7090.0,7,0,0,0,2
6347,1,0.4352,37,0,0.4909,16680.0,15,0,0,0,2
6348,0,0.7602,39,0,0.2911,7620.0,9,0,0,0,1
6349,0,0.1497,52,0,0.806,4580.0,11,0,0,0,1
6350,0,0.7793,26,0,0.3062,3530.0,18,0,1,0,1
6351,0,0.0807,23,1,0.3173,3470.0,18,1,0,0,0
6352,0,0.5677,43,0,0.2808,10680.0,13,0,2,0,1
6353,0,0.2156,73,0,1.4105,14090.0,18,0,2,0,0
6354,0,0.0017,51,0,0.5174,8980.0,7,0,0,0,2
6355,0,0.9398,52,0,0.5053,740.0,8,0,1,0,1
6356,0,0.8002,53,0,0.5944,1280.0,18,0,0,0,0
6357,0,0.0821,67,0,0.1478,4890.0,17,0,0,0,3
6358,0,0.1293,66,0,0.3146,4450.0,4,0,1,0,3
6359,0,0.5048,22,0,0.5904,4970.0,1,0,0,0,1
6360,0,0.5002,50,0,0.4482,10420.0,4,0,2,0,0
6361,0,0.4592,50,0,1.6875,10110.0,15,0,2,0,2
6362,0,0.0263,33,0,0.3259,5460.0,5,0,0,0,3
6363,0,0.0788,73,0,0.7913,1970.0,19,0,1,0,0
6364,0,0.046,35,0,0.7288,2350.0,5,0,2,0,0
6365,0,0.2499,66,1,0.4895,5120.0,4,0,1,0,3
6366,0,0.0089,26,0,0.5459,6310.0,2,0,1,0,2
6367,0,0.0458,53,0,0.3775,2370.0,19,0,1,0,3
6368,0,0.3125,60,0,0.1375,7300.0,6,0,1,0,1
6369,0,0.0549,48,0,0.5541,1720.0,16,0,0,0,0
6370,0,0.4509,26,0,0.581,990.0,11,0,0,0,1
6371,0,0.0395,27,0,0.6385,2910.0,4,0,0,0,0
6372,0,0.8419,53,0,0.4667,11200.0,5,0,2,0,1
6373,0,0.0909,67,0,0.8043,12250.0,2,0,0,0,0
6374,0,0.1039,53,0,0.2672,1890.0,3,0,0,0,2
6375,0,0.0018,26,0,1.0844,1980.0,16,0,0,0,1
6376,0,0.4809,63,0,0.2484,7760.0,13,0,0,0,0
6377,0,0.2183,45,0,0.4212,3770.0,4,0,3,0,0
6378,0,1.5509,25,1,0.6761,11160.0,8,0,0,1,1
6379,0,0.0463,40,0,0.3299,7680.0,5,0,1,0,2
6380,1,0.6723,31,0,0.7043,8520.0,13,0,2,0,3
6381,1,0.0717,74,2,0.3658,3000.0,3,1,2,0,3
6382,0,0.3426,70,0,0.4823,6410.0,5,0,2,0,0
6383,0,0.1321,26,0,0.4031,16480.0,13,0,1,0,1
6384,0,0.2381,51,1,0.3179,5350.0,15,0,0,0,1
6385,1,0.0499,21,2,1.7344,4780.0,19,1,1,0,0
6386,0,0.3729,45,0,0.2715,3780.0,19,0,1,0,0
6387,0,0.1851,29,0,0.114,1880.0,14,0,0,0,1
6388,0,0.0014,61,0,0.2774,2540.0,5,0,0,0,3
6389,0,0.1164,24,1,0.4862,2880.0,16,0,1,0,0
6390,0,0.0014,69,1,0.3584,1830.0,13,1,0,0,1
6391,0,0.0605,33,0,0.8279,1950.0,19,0,2,0,0
6392,0,0.6063,35,1,0.81,1130.0,15,0,1,0,0
6393,0,0.1416,68,0,0.3712,3070.0,16,0,0,0,0
6394,0,0.4639,69,0,0.1638,7370.0,11,0,0,0,2
6395,1,0.5079,26,0,0.2081,4060.0,16,0,0,0,0
6396,0,0.0082,26,0,0.4407,4080.0,6,0,0,0,1
6397,0,0.9665,67,2,0.1757,7790.0,2,0,0,1,0
6398,0,0.1709,73,0,0.3604,13540.0,5,0,0,0,0
6399,0,0.5486,47,0,1.0542,19230.0,11,0,0,0,1
6400,0,0.1692,29,0,0.5519,5360.0,13,0,0,0,0
6401,0,0.1492,29,0,0.4618,4150.0,10,0,0,0,0
6402,0,0.5006,35,0,0.2406,3840.0,10,0,2,0,2
6403,1,0.9222,58,1,0.5011,7010.0,4,0,1,1,0
6404,0,0.2812,26,0,0.3848,4470.0,16,0,2,0,0
6405,0,0.0082,55,0,0.5185,4480.0,5,0,1,0,1
6406,0,0.2382,64,0,0.6951,4670.0,2,0,0,0,1
6407,0,0.1178,28,0,0.7702,2790.0,3,0,1,0,3
6408,0,0.2697,74,2,0.4855,1210.0,1,0,1,0,0
6409,0,0.1829,74,0,0.6109,3290.0,19,0,0,0,1
6410,0,0.0919,37,1,0.3305,11780.0,8,0,0,0,0
6411,0,0.0165,27,0,0.8865,11460.0,16,0,0,0,0
6412,0,0.0063,38,0,0.2639,8640.0,10,0,0,0,2
6413,0,0.4228,34,1,0.3967,3650.0,18,0,0,0,3
6414,0,0.1559,36,1,0.9436,3060.0,13,0,2,0,0
6415,0,0.9314,70,0,0.3366,13030.0,5,0,1,0,0
6416,0,1.127,29,0,0.201,2570.0,3,0,0,0,1
6417,0,0.4568,38,0,0.3512,5030.0,4,0,0,0,1
6418,1,0.3024,63,0,1.0357,13540.0,12,0,0,0,2
6419,0,0.1085,24,2,0.115,5290.0,1,1,0,0,0
6420,0,0.2027,24,0,0.4778,4120.0,16,0,1,0,1
6421,0,0.2837,37,0,0.3072,9860.0,6,0,0,0,0
6422,0,0.7514,73,0,0.4063,5130.0,18,0,0,0,2
6423,0,0.3543,66,0,0.3645,5530.0,3,0,2,0,1
6424,0,0.1005,71,0,0.7995,12200.0,18,0,0,0,1
6425,0,0.1746,67,0,0.4641,1070.0,17,0,2,0,0
6426,0,1.1415,27,3,0.8239,6100.0,10,1,0,0,0
6427,0,0.0868,42,0,0.9709,3100.0,10,0,0,0,0
6428,1,0.4819,49,4,0.4575,4340.0,18,1,0,1,0
6429,0,0.0594,29,0,0.3621,5260.0,16,0,1,0,0
6430,0,0.0683,74,0,0.5634,3280.0,11,0,3,0,0
6431,0,0.7968,53,0,0.6326,5640.0,7,0,0,0,0
6432,0,0.2126,67,0,0.2249,6190.0,2,0,0,0,0
6433,0,0.2302,34,0,0.5177,5550.0,18,0,1,0,0
6434,1,0.139,59,0,0.3859,5250.0,19,0,0,0,0
6435,0,0.1652,26,0,0.3492,4580.0,17,0,1,0,0
6436,0,0.2049,22,0,0.2968,4630.0,1,0,0,0,1
6437,0,0.0886,55,0,0.3087,5150.0,9,0,0,0,4
6438,1,0.0756,24,0,0.9545,2790.0,6,0,0,0,0
6439,0,0.5393,35,0,0.3612,10530.0,9,0,0,0,0
6440,0,0.1379,63,0,0.8925,4650.0,1,0,1,0,0
6441,0,0.2182,47,0,0.4861,3860.0,11,0,2,0,0
6442,0,1.1138,41,0,0.2277,6230.0,11,0,0,0,0
6443,1,0.0112,36,1,0.5038,4590.0,5,0,0,1,0
6444,0,0.1083,57,0,0.2203,10360.0,11,0,0,0,0
6445,0,0.2542,72,0,0.6468,8410.0,11,0,2,0,0
6446,0,0.7166,60,1,0.3967,5200.0,13,0,1,0,0
6447,0,0.5457,40,2,0.7506,8630.0,5,0,2,0,0
6448,1,0.7517,43,0,1.062,5660.0,3,0,0,0,0
6449,0,0.1133,26,0,0.1586,2460.0,7,0,1,0,0
6450,0,0.2745,28,0,0.3407,8380.0,1,0,1,0,0
6451,0,0.9084,35,4,0.2175,1570.0,14,1,0,0,0
6452,0,0.6361,41,0,1.6404,600.0,6,0,2,0,1
6453,0,0.2422,74,0,0.345,7470.0,7,0,0,0,0
6454,0,0.0316,68,1,0.2041,6410.0,1,0,2,0,0
6455,0,0.3055,27,0,1.7232,6160.0,10,0,0,0,0
6456,0,0.0063,38,0,0.2906,11310.0,1,0,0,0,1
6457,0,0.5828,24,0,0.1698,4840.0,10,0,0,0,3
6458,0,0.9412,24,0,0.2242,3920.0,6,0,0,0,0
6459,0,0.4786,41,0,0.4896,7930.0,12,0,0,0,1
6460,0,0.1107,72,0,0.4618,3200.0,19,0,0,0,0
6461,0,0.2306,30,0,0.2721,4260.0,11,0,0,0,0
6462,0,0.2536,57,0,0.3359,5720.0,16,0,0,0,0
6463,0,0.1504,42,0,0.4639,6000.0,4,0,0,0,0
6464,0,0.7192,50,0,0.9944,4020.0,7,0,1,0,0
6465,0,0.1496,67,0,0.5488,3660.0,16,0,0,0,0
6466,1,0.6774,65,0,0.3205,2510.0,8,0,1,0,3
6467,0,0.2776,65,0,0.3918,3060.0,18,0,1,0,0
6468,0,0.0471,43,0,0.7131,14640.0,18,0,0,0,1
6469,0,0.7599,23,0,1.2313,4190.0,15,0,0,0,0
6470,0,0.2416,74,0,0.2316,5510.0,13,0,1,0,1
6471,0,0.0361,74,0,0.8767,2010.0,7,0,1,0,2
6472,0,0.7599,67,0,0.3724,22880.0,16,0,0,0,0
6473,0,0.5234,46,1,0.1696,2930.0,19,0,0,0,0
6474,1,0.113,36,0,0.1506,2430.0,17,0,0,0,0
6475,0,0.1912,30,0,1.0005,4740.0,7,0,1,0,2
6476,0,0.8753,41,0,1.0747,2880.0,4,0,1,0,0
6477,1,0.1461,39,4,0.3194,6120.0,18,1,0,1,0
6478,0,0.2981,35,0,0.3956,1980.0,1,0,1,0,0
6479,0,0.5583,72,0,0.1542,9720.0,16,0,2,0,1
6480,0,0.157,56,0,0.7098,8640.0,6,0,1,0,0
6481,0,0.6908,33,0,0.4417,4580.0,15,0,0,0,0
6482,0,0.421,55,0,0.177,1820.0,12,0,0,0,0
6483,0,0.2811,59,0,0.5081,3020.0,3,0,0,0,0
6484,0,0.2417,49,0,0.1952,5100.0,18,0,2,0,2
6485,0,0.6523,72,0,0.6278,2380.0,18,0,1,0,1
6486,0,0.4787,73,0,0.2346,2620.0,6,0,0,0,2
6487,0,0.2267,44,0,0.55,9220.0,4,0,2,0,1
6488,0,0.1459,46,0,0.3037,5390.0,17,0,1,0,1
6489,0,0.168,32,2,0.1087,5290.0,9,1,0,0,2
6490,0,0.3442,63,0,0.8168,6740.0,13,0,1,0,0
6491,0,0.0095,71,0,0.8441,4450.0,16,0,2,0,1
6492,0,0.0618,56,0,0.3285,4740.0,13,0,1,0,0
6493,0,0.9603,31,0,0.5298,6460.0,10,0,0,0,0
6494,0,0.5353,48,0,0.5844,7990.0,14,0,1,0,0
6495,1,0.4928,63,1,0.5959,6630.0,2,1,0,0,0
6496,0,0.2718,23,0,1.2654,11800.0,10,0,0,0,0
6497,0,0.1111,52,3,0.577,4990.0,12,1,1,0,0
6498,0,0.3154,56,0,0.3625,2190.0,13,0,0,0,1
6499,1,0.0128,49,3,0.5809,9440.0,5,1,0,0,1
6500,0,0.243,55,0,0.3472,4240.0,16,0,1,0,0
6501,0,0.0048,69,0,0.2371,3100.0,7,0,0,0,4
6502,0,0.1646,27,0,0.9341,7540.0,12,0,0,0,1
6503,0,1.4765,51,0,0.6191,6140.0,14,0,1,0,0
6504,0,0.1378,63,0,0.1471,2280.0,1,0,2,0,0
6505,0,0.4114,65,0,0.2981,7350.0,19,0,0,0,2
6506,0,0.1799,46,0,0.7079,15130.0,10,0,2,0,0
6507,0,0.0139,74,0,0.1758,5970.0,1,0,0,0,0
6508,0,0.002,38,1,0.286,4210.0,12,0,0,1,0
6509,1,0.0567,44,0,2.2187,1810.0,5,0,1,0,0
6510,0,0.0883,65,0,0.3684,16830.0,17,0,0,0,2
6511,0,0.1755,44,0,0.8604,3600.0,4,0,1,0,1
6512,0,0.0984,39,0,1.1055,2110.0,1,0,1,0,0
6513,0,0.2643,51,1,0.2605,5250.0,14,0,1,0,0
6514,0,0.5266,54,1,0.5272,9000.0,1,0,1,0,3
6515,0,0.0105,73,0,1.5454,10320.0,4,0,1,0,1
6516,0,0.0519,54,0,0.592,3280.0,7,0,0,0,1
6517,0,1.0043,31,2,1.8576,4630.0,17,0,0,1,0
6518,0,0.4521,23,0,0.3066,4920.0,16,0,0,0,4
6519,0,0.0637,73,1,1.3208,8830.0,12,0,1,0,1
6520,0,0.0271,43,0,0.4538,7010.0,10,0,0,0,0
6521,0,0.6744,31,0,0.3692,5780.0,13,0,0,0,3
6522,1,0.8331,33,0,0.6597,8510.0,6,0,0,0,0
6523,0,0.2604,26,0,0.4203,2170.0,17,0,1,0,0
6524,1,0.272,31,1,0.4271,6330.0,14,0,1,1,0
6525,0,0.0311,63,0,0.6012,5610.0,12,0,0,0,2
6526,0,0.2364,56,0,0.1519,4770.0,10,0,1,0,0
6527,0,0.282,53,0,0.2783,4230.0,12,0,2,0,0
6528,0,0.969,21,0,0.6932,5330.0,11,0,0,0,0
6529,0,0.0661,57,2,0.8146,3490.0,13,0,0,1,3
6530,0,0.1497,73,0,0.5567,25240.0,9,0,1,0,0
6531,1,0.2263,70,0,0.5302,11110.0,6,0,0,0,0
6532,0,0.0644,42,0,0.572,9470.0,14,0,1,0,2
6533,1,0.5393,53,1,0.7983,3580.0,6,1,0,0,0
6534,0,0.1215,37,0,0.191,2770.0,1,0,2,0,0
6535,0,0.1198,68,0,0.331,4330.0,2,0,1,0,2
6536,0,0.5487,70,0,0.4297,5260.0,1,0,1,0,0
6537,0,0.0346,33,0,0.5053,2060.0,10,0,1,0,0
6538,0,0.2733,47,0,0.1267,6560.0,13,0,0,0,0
6539,0,0.1244,33,0,0.2113,9410.0,6,0,0,0,1
6540,0,0.1777,54,0,0.4449,1290.0,1,0,0,0,0
6541,1,0.2309,36,1,0.8252,2860.0,13,0,1,0,2
6542,0,0.4592,58,0,0.3494,10270.0,7,0,1,0,0
6543,0,0.3314,74,0,0.3012,6150.0,16,0,0,0,0
6544,0,0.365,68,1,0.6171,2920.0,7,1,1,1,2
6545,0,0.3073,30,0,0.369,7640.0,13,0,0,0,0
6546,0,0.2314,28,0,0.7623,3440.0,12,0,0,0,0
6547,1,0.6897,64,1,0.3935,4270.0,6,0,1,0,3
6548,0,0.0223,25,0,0.2301,2480.0,15,0,1,0,0
6549,0,0.3831,42,0,1.0538,4960.0,16,0,0,0,1
6550,0,0.2349,74,0,0.944,9050.0,16,0,1,0,1
6551,0,0.0703,45,0,0.2533,3690.0,7,0,0,0,0
6552,1,0.9401,21,3,0.5697,7240.0,6,1,0,1,0
6553,0,0.6754,73,0,0.3694,4770.0,6,0,1,0,0
6554,0,0.6883,59,0,0.6514,9390.0,4,0,0,0,1
6555,0,0.1428,38,1,0.2657,3720.0,17,0,0,0,0
6556,0,0.3078,53,2,0.7581,12490.0,19,0,0,0,0
6557,0,0.4208,54,0,0.9203,7400.0,16,0,0,0,0
6558,0,0.2798,50,0,0.2545,5690.0,1,0,0,0,1
6559,0,0.3503,72,0,0.468,5820.0,18,0,3,0,2
6560,0,0.3447,63,0,0.932,3720.0,16,0,1,0,1
6561,0,0.2012,34,1,0.2464,3580.0,2,0,0,0,1
6562,0,0.1468,74,0,0.3008,5750.0,1,0,3,0,0
6563,0,0.1469,72,0,0.6683,2390.0,5,0,3,0,0
6564,0,0.0591,23,0,0.408,3430.0,10,0,0,0,0
6565,1,0.6082,37,0,0.1746,2800.0,7,0,0,0,1
6566,0,1.0073,54,0,0.3708,6930.0,13,0,0,0,1
6567,0,0.2489,68,0,1.2813,6990.0,14,0,1,0,0
6568,1,0.2666,59,0,1.5492,10520.0,10,0,0,0,1
6569,1,1.7551,51,0,0.3066,4020.0,8,0,1,0,1
6570,1,0.6625,37,0,0.2598,3030.0,11,0,0,0,1
6571,0,0.5158,26,1,0.3414,2040.0,2,1,1,0,4
6572,0,0.0966,69,0,1.3246,5780.0,1,0,0,0,0
6573,0,0.5338,49,0,0.7447,11360.0,16,0,0,0,1
6574,0,0.0364,45,0,1.0816,4700.0,3,0,1,0,0
6575,0,0.0854,73,0,0.8181,4990.0,19,0,3,0,0
6576,0,0.2791,29,0,0.2036,4900.0,11,0,0,0,0
6577,0,0.1367,34,2,0.2543,5720.0,11,0,1,0,0
6578,0,0.1894,67,0,0.2959,8940.0,16,0,1,0,0
6579,0,0.1575,36,0,0.3285,15550.0,4,0,1,0,2
6580,0,0.4022,71,0,0.2991,6630.0,11,0,1,0,0
6581,0,0.1642,67,1,0.3207,6900.0,9,0,0,0,1
6582,0,0.2008,26,0,0.6599,4260.0,10,0,0,0,1
6583,0,0.7967,45,0,0.4875,4610.0,18,0,1,0,2
6584,0,0.6907,61,0,0.9341,4570.0,19,0,1,0,0
6585,0,0.022,47,0,0.5226,3950.0,8,0,1,0,0
6586,0,0.1074,32,0,0.2995,5310.0,8,0,0,0,1
6587,0,0.7385,23,0,0.5031,7150.0,6,0,0,0,2
6588,0,0.0128,21,0,0.1814,5110.0,8,0,1,0,0
6589,0,0.0821,30,0,0.1122,4150.0,9,0,1,0,0
6590,1,0.3359,35,0,0.661,5300.0,2,0,1,0,0
6591,0,0.3148,37,0,0.8278,2760.0,5,0,0,0,3
6592,0,0.2182,67,0,0.4692,7960.0,15,0,1,0,1
6593,0,0.201,48,0,0.3553,3840.0,14,0,1,0,4
6594,0,0.4109,28,0,0.2009,2460.0,2,0,0,0,0
6595,0,0.4606,25,0,0.905,6480.0,17,0,0,0,0
6596,1,0.581,28,0,0.6038,6680.0,3,0,0,0,1
6597,0,0.2424,37,0,0.5351,2930.0,4,0,0,0,2
6598,0,0.0625,60,0,0.448,7140.0,2,0,1,0,0
6599,0,0.3135,23,0,0.339,7190.0,3,0,0,0,0
6600,0,0.4729,42,0,0.2304,16070.0,4,0,0,0,0
6601,0,1.23,45,0,0.5229,4270.0,17,0,1,0,1
6602,0,0.2439,29,0,0.3253,4760.0,9,0,2,0,0
6603,0,0.1512,24,1,0.3484,3410.0,4,0,1,0,0
6604,1,0.7858,33,3,1.2595,6610.0,1,0,1,1,1
6605,0,0.0166,29,0,0.4366,4900.0,5,0,0,0,1
6606,0,0.1627,63,0,0.1031,8890.0,8,0,0,0,0
6607,0,0.3297,70,0,0.3259,3790.0,9,0,0,0,2
6608,0,0.1216,54,0,0.2464,6520.0,10,0,0,0,0
6609,0,0.6946,61,0,0.4133,4260.0,4,0,1,0,0
6610,1,0.3347,62,2,0.1912,1630.0,3,0,1,1,3
6611,0,1.3214,68,0,0.5829,7160.0,10,0,0,0,0
6612,0,0.2092,26,0,0.3762,1720.0,2,0,0,0,0
6613,0,0.0785,74,0,0.3378,4470.0,17,0,1,0,0
6614,0,0.7245,45,0,0.4915,4510.0,6,0,1,0,0
6615,0,0.2287,50,0,0.4291,4890.0,13,0,1,0,2
6616,0,0.5437,64,0,0.4144,5060.0,13,0,2,0,0
6617,0,0.2498,47,0,0.3928,5030.0,1,0,0,0,1
6618,0,0.0475,35,0,0.4439,6110.0,12,0,0,0,1
6619,1,0.0453,22,2,0.5521,4600.0,12,1,0,1,0
6620,0,0.1405,30,0,0.5121,23610.0,3,0,0,0,2
6621,0,0.0455,25,0,0.8835,4000.0,12,0,0,0,0
6622,1,0.0266,41,0,0.3237,2360.0,2,0,1,0,2
6623,1,1.048,63,0,0.5183,2110.0,9,0,0,0,1
6624,1,0.0896,39,0,1.9497,7300.0,4,0,0,0,3
6625,0,0.2848,53,0,0.4384,1890.0,7,0,0,0,0
6626,0,0.0111,31,0,0.4487,2380.0,17,0,1,0,0
6627,0,0.1839,52,0,0.2106,2180.0,18,0,1,0,0
6628,1,0.0901,72,0,0.2929,6470.0,18,0,0,0,0
6629,0,0.193,38,0,0.4215,10920.0,19,0,0,0,2
6630,0,0.7086,47,0,0.6188,2790.0,10,0,1,0,1
6631,0,0.1407,73,0,0.6633,6330.0,17,0,1,0,0
6632,0,0.4028,53,0,0.5465,1010.0,18,0,0,0,1
6633,0,0.1116,42,0,0.7279,3140.0,6,0,0,0,0
6634,0,0.4319,27,0,0.2467,7050.0,3,0,0,0,0
6635,0,0.0536,71,0,0.6025,4070.0,8,0,0,0,0
6636,0,0.4192,53,0,0.4529,8920.0,13,0,0,0,3
6637,0,0.4659,24,0,0.4843,1290.0,3,0,0,0,0
6638,0,0.0163,50,0,0.3615,3160.0,13,0,0,0,0
6639,0,0.0118,73,0,0.2536,6450.0,7,0,1,0,3
6640,1,0.3507,71,3,0.2167,6400.0,9,1,0,1,2
6641,0,0.1412,31,0,0.5447,6700.0,8,0,1,0,1
6642,0,0.6979,43,0,0.6057,5570.0,15,0,1,0,0
6643,0,1.6998,74,0,0.4157,2470.0,7,0,2,0,0
6644,0,0.2713,63,0,0.4454,3080.0,10,0,2,0,0
6645,0,0.3311,51,0,0.2917,19730.0,13,0,1,0,2
6646,0,0.1127,37,0,0.6076,2310.0,17,0,1,0,3
6647,0,1.207,62,0,0.466,2100.0,9,0,0,0,1
6648,0,0.3351,52,0,0.3608,7390.0,3,0,2,0,2
6649,0,0.2442,49,0,0.7555,2600.0,11,0,1,0,0
6650,0,0.2228,71,0,0.6617,14400.0,1,0,0,0,0
6651,0,0.0309,41,0,0.1788,25350.0,13,0,0,0,1
6652,1,0.3913,54,2,0.4628,4250.0,8,1,1,1,2
6653,0,0.0647,23,0,0.2529,5920.0,13,0,0,0,2
6654,0,0.0698,59,0,0.4886,1640.0,3,0,1,0,0
6655,0,0.4128,50,0,0.0678,9130.0,10,0,2,0,3
6656,0,0.0245,68,0,0.5057,1280.0,4,0,0,0,0
6657,1,0.259,38,0,0.6888,2200.0,11,0,0,0,0
6658,0,0.3115,70,0,0.4204,5280.0,1,0,2,0,0
6659,0,0.0295,52,0,0.2234,6830.0,10,0,1,0,0
6660,0,0.1098,32,0,1.4533,2020.0,9,0,0,0,0
6661,1,0.518,29,0,0.899,3550.0,3,0,1,0,1
6662,0,0.2915,31,0,0.3267,1810.0,15,0,0,0,3
6663,0,0.1624,37,0,0.3842,4060.0,16,0,0,0,3
6664,0,0.0831,50,0,0.1369,3040.0,11,0,2,0,0
6665,0,0.3065,67,2,0.5969,3360.0,10,1,2,0,0
6666,0,0.1441,74,0,0.1976,7260.0,7,0,1,0,0
6667,0,0.2139,57,1,0.6702,5820.0,6,0,0,0,0
6668,0,0.3772,47,0,0.8316,6880.0,1,0,0,0,0
6669,0,0.6738,54,0,0.4308,4550.0,10,0,0,0,0
6670,0,1.3724,38,0,0.2372,7560.0,10,0,1,0,0
6671,0,0.4903,34,0,0.9507,4810.0,1,0,1,0,0
6672,0,0.3876,50,0,0.4499,3660.0,7,0,1,0,1
6673,0,1.3437,65,0,0.4752,6920.0,11,0,1,0,2
6674,0,0.1188,24,0,0.2569,3810.0,5,0,0,0,2
6675,0,0.2515,26,0,0.5045,4030.0,12,0,0,0,0
6676,0,0.2246,30,0,0.3978,9330.0,9,0,3,0,0
6677,0,0.3581,32,0,0.2025,8820.0,18,0,2,0,3
6678,0,0.3945,29,0,1.004,4110.0,4,0,1,0,4
6679,0,1.1004,28,0,1.2911,8300.0,1,0,1,0,4
6680,0,0.0691,22,1,0.8277,2280.0,7,0,1,1,2
6681,0,0.2799,39,2,0.7568,4130.0,16,0,1,0,1
6682,0,0.1632,59,0,1.2957,3130.0,18,0,1,0,2
6683,0,0.0682,29,0,0.2397,4910.0,12,0,0,0,3
6684,0,0.0575,38,0,0.2379,7640.0,12,0,2,0,1
6685,0,0.1327,73,0,0.3504,6860.0,14,0,0,0,0
6686,0,0.1461,30,0,0.5373,6320.0,19,0,0,0,0
6687,0,0.8047,74,0,0.377,5340.0,18,0,0,0,1
6688,0,0.1648,48,0,0.2437,4470.0,12,0,1,0,1
6689,0,0.3029,60,0,0.4509,10100.0,7,0,1,0,0
6690,0,0.3748,38,1,0.4246,1940.0,2,1,0,0,0
6691,0,0.3214,38,0,0.7444,3290.0,4,0,0,0,0
6692,0,0.1923,42,0,0.4615,6290.0,13,0,1,0,4
6693,0,0.8292,27,0,0.1433,12290.0,2,0,1,0,0
6694,1,0.742,38,0,0.5663,3990.0,17,0,0,0,2
6695,0,0.2777,69,1,1.1608,4200.0,10,0,0,0,1
6696,0,0.0305,21,0,0.4572,2270.0,18,0,0,0,0
6697,0,0.2002,51,2,0.8123,3550.0,17,0,1,0,0
6698,0,0.1386,58,0,0.3318,7520.0,11,0,0,0,2
6699,1,0.2514,28,0,0.6309,12680.0,9,0,2,0,1
6700,0,0.207,26,0,0.2874,4120.0,3,0,0,0,3
6701,0,0.2636,50,0,0.3876,3040.0,19,0,1,0,3
6702,0,0.363,32,1,0.3894,5120.0,13,1,0,0,2
6703,0,0.3907,73,0,0.5981,1870.0,8,0,0,0,1
6704,0,0.3712,31,0,0.274,10310.0,3,0,0,0,0
6705,0,0.4665,28,0,0.1866,2350.0,17,0,1,0,2
6706,0,0.5565,38,0,0.5958,5930.0,2,0,0,0,1
6707,0,0.1965,38,2,0.5825,5880.0,13,0,0,0,0
6708,0,0.9502,29,0,0.4807,7160.0,5,0,0,0,2
6709,0,1.1346,56,0,0.7864,5730.0,13,0,0,0,0
6710,0,0.1218,39,0,0.3979,4920.0,2,0,0,0,1
6711,0,0.8071,49,0,0.532,6360.0,16,0,2,0,1
6712,0,0.3707,34,1,0.3642,8110.0,9,0,0,0,2
6713,0,0.3256,26,0,0.3847,14440.0,9,0,0,0,0
6714,0,0.0705,24,2,0.5511,2540.0,18,0,1,0,0
6715,0,0.3168,23,0,1.7506,1630.0,4,0,1,0,1
6716,1,0.1976,68,0,0.7014,1940.0,13,0,0,0,0
6717,1,1.8,35,0,0.6245,1660.0,11,0,0,0,4
6718,0,0.5913,37,0,0.7147,2390.0,14,0,0,0,4
6719,0,0.2755,52,0,0.1098,2220.0,13,0,2,0,3
6720,0,0.5892,26,0,0.5442,3830.0,16,0,2,0,0
6721,0,0.2212,53,0,0.7759,8210.0,7,0,3,0,3
6722,0,0.0319,49,0,0.4727,7160.0,5,0,0,0,0
6723,0,0.8436,63,0,0.4378,3380.0,13,0,1,0,1
6724,0,0.3144,27,1,0.2556,3560.0,11,1,0,0,4
6725,0,0.1388,21,1,0.3464,16420.0,18,0,1,0,0
6726,0,0.4291,62,0,0.2725,7020.0,14,0,0,0,2
6727,0,0.733,40,0,0.8185,5450.0,5,0,0,0,1
6728,0,0.5395,24,0,1.1063,5290.0,6,0,0,0,0
6729,0,0.1914,51,0,1.4348,4130.0,14,0,0,0,0
6730,0,0.0337,46,0,0.2698,16350.0,8,0,3,0,0
6731,0,0.7187,72,0,0.3009,4390.0,18,0,0,0,1
6732,1,0.2394,71,0,0.2866,5380.0,14,0,1,0,2
6733,0,0.0124,50,0,0.2439,1830.0,8,0,0,0,4
6734,0,0.0672,29,1,0.2462,3350.0,16,0,0,0,2
6735,0,0.0188,61,0,0.3298,3530.0,14,0,1,0,2
6736,1,0.4064,31,4,0.7593,6580.0,7,1,0,1,0
6737,1,0.7809,66,0,0.2921,3090.0,9,0,1,0,0
6738,0,0.462,53,0,0.8452,5060.0,12,0,0,0,0
6739,0,0.079,40,0,1.0207,3420.0,5,0,0,0,0
6740,0,0.937,73,1,0.5332,2540.0,13,0,1,0,2
6741,0,0.0712,48,0,0.9394,2480.0,7,0,1,0,0
6742,0,0.6719,41,0,0.1985,4430.0,18,0,2,0,2
6743,0,0.3018,31,0,0.3215,5230.0,11,0,1,0,3
6744,0,0.0012,56,0,0.5034,4380.0,15,0,0,0,0
6745,0,0.0814,35,0,0.5137,2980.0,11,0,1,0,0
6746,0,0.0401,29,0,1.0592,4520.0,4,0,1,0,0
6747,0,0.3053,27,0,0.2468,4050.0,13,0,0,0,1
6748,0,0.5145,55,0,0.3256,2630.0,12,0,1,0,0
6749,1,0.3947,70,2,0.427,5170.0,3,1,1,0,0
6750,1,0.7323,34,1,0.3292,14560.0,19,1,3,0,1
6751,0,0.3769,32,0,0.2404,4490.0,2,0,0,0,0
6752,1,0.0701,54,0,0.3376,2050.0,8,0,1,0,0
6753,0,0.4547,28,0,0.3878,11860.0,3,0,1,0,0
6754,0,0.3227,25,0,1.0709,10450.0,15,0,0,0,0
6755,0,0.2272,55,3,0.2436,11610.0,9,1,0,0,1
6756,1,0.6884,49,1,0.7328,4790.0,11,0,0,0,0
6757,0,1.5584,22,0,0.9639,3070.0,18,0,0,0,2
6758,1,0.1697,33,1,0.3304,2880.0,9,1,0,1,0
6759,0,0.2542,31,0,0.5252,9750.0,10,0,2,0,0
6760,0,0.356,57,1,0.6348,12880.0,11,0,0,0,2
6761,0,0.481,56,0,0.575,2830.0,18,0,1,0,0
6762,0,0.4569,61,0,0.472,1080.0,9,0,0,0,0
6763,0,0.0327,26,0,0.299,4860.0,5,0,0,0,1
6764,0,0.0002,66,0,0.6686,2860.0,7,0,1,0,0
6765,0,0.3476,32,0,0.3589,3220.0,11,0,1,0,3
6766,0,0.056,74,0,0.4571,4260.0,15,0,0,0,2
6767,0,0.1468,68,0,0.4993,6290.0,17,0,1,0,0
6768,0,0.3118,45,0,0.751,3080.0,11,0,2,0,0
6769,1,0.0547,63,0,1.4287,5330.0,10,0,0,0,0
6770,0,0.5915,57,0,0.2886,4560.0,18,0,0,0,0
6771,0,0.299,62,0,0.4637,1230.0,13,0,0,0,0
6772,0,0.0225,21,0,0.1844,6820.0,1,0,0,0,0
6773,0,0.0054,25,0,1.0929,3750.0,13,0,0,0,2
6774,0,0.1199,69,0,0.4613,2300.0,15,0,1,0,1
6775,0,0.1387,63,2,0.3754,3180.0,15,0,0,1,0
6776,1,0.313,54,1,0.4636,5550.0,3,0,1,0,0
6777,0,0.0587,37,0,0.4779,5050.0,10,0,0,0,0
6778,0,0.2764,43,0,0.2896,7230.0,15,0,0,0,0
6779,0,0.2604,42,1,0.9165,6390.0,18,0,1,0,0
6780,0,0.2219,44,1,0.6616,2430.0,17,0,1,0,0
6781,0,0.9286,54,0,0.7193,830.0,15,0,0,0,0
6782,0,0.2755,61,0,0.2988,5280.0,15,0,0,0,1
6783,0,0.0006,41,0,0.2892,7180.0,7,0,0,0,1
6784,0,0.3272,66,0,0.4197,4350.0,12,0,1,0,0
6785,0,0.0402,25,0,0.7261,7310.0,1,0,1,0,1
6786,1,0.1468,64,0,0.6071,2690.0,3,0,1,0,1
6787,0,0.1758,57,0,0.2818,3990.0,5,0,1,0,0
6788,0,0.1678,48,1,0.6708,2830.0,19,0,0,0,0
6789,0,0.0854,41,0,0.2508,7470.0,5,0,0,0,1
6790,0,0.4966,41,0,0.3021,2850.0,7,0,1,0,0
6791,0,0.3049,40,0,0.4939,16910.0,16,0,0,0,0
6792,0,0.2007,72,0,0.2225,3640.0,1,0,0,0,0
6793,0,0.7311,22,0,0.2521,7930.0,4,0,2,0,0
6794,1,0.2676,55,3,1.1403,3660.0,1,1,0,1,4
6795,0,0.2596,74,0,1.02,10970.0,12,0,0,0,0
6796,0,0.1387,50,0,1.7751,10720.0,15,0,0,0,0
6797,0,0.2909,55,0,0.5888,4050.0,18,0,0,0,1
6798,0,0.1302,53,0,0.6616,5800.0,16,0,0,0,0
6799,0,0.3712,48,1,0.4094,10560.0,14,0,1,0,2
6800,0,0.1619,55,2,0.3641,5900.0,16,0,0,1,4
6801,0,0.2156,69,0,0.7582,2830.0,18,0,1,0,1
6802,0,0.4986,59,1,1.0173,5130.0,11,0,0,0,0
6803,0,0.0165,66,0,0.7204,3140.0,3,0,0,0,3
6804,0,0.0845,50,0,0.2715,5380.0,13,0,1,0,0
6805,0,0.3365,62,0,0.5683,3060.0,6,0,0,0,0
6806,0,0.0529,68,0,0.2831,6150.0,18,0,0,0,1
6807,0,0.2631,32,0,0.3698,1680.0,11,0,1,0,1
6808,0,0.4678,67,1,1.1993,2510.0,13,0,0,0,0
6809,0,0.0755,58,1,0.2188,3050.0,10,0,0,0,1
6810,0,0.0557,44,0,1.6507,4460.0,7,0,0,0,3
6811,0,0.3357,62,1,0.6248,1980.0,18,0,0,0,2
6812,0,0.127,30,0,0.3397,2890.0,19,0,2,0,0
6813,0,0.0135,58,0,0.4681,7840.0,18,0,0,0,0
6814,0,0.1261,52,0,0.2979,8420.0,19,0,0,0,4
6815,0,0.1152,68,0,0.3236,1070.0,1,0,1,0,0
6816,0,0.3462,54,0,0.4695,3460.0,12,0,0,0,2
6817,0,0.9412,49,0,0.3689,10560.0,8,0,1,0,0
6818,0,0.1874,49,0,0.2567,6200.0,11,0,0,0,0
6819,0,0.2052,50,0,0.3934,6280.0,9,0,0,0,0
6820,0,0.1404,69,0,0.2042,6890.0,18,0,1,0,0
6821,0,0.0844,63,0,0.2095,2760.0,16,0,0,0,2
6822,0,0.8403,26,0,0.2082,5590.0,15,0,3,0,0
6823,0,0.1061,49,0,1.2248,6520.0,13,0,1,0,2
6824,0,0.9241,36,0,0.5731,5240.0,3,0,0,0,1
6825,1,0.1441,29,2,0.6424,3880.0,4,1,0,0,0
6826,1,1.8,67,4,0.4524,4770.0,19,1,0,1,0
6827,0,0.1238,67,0,0.6088,2480.0,1,0,0,0,1
6828,0,0.0654,71,2,0.9098,7100.0,14,1,0,1,0
6829,1,1.382,42,0,0.5739,2080.0,12,0,0,0,2
6830,0,0.4635,43,1,1.2023,3010.0,15,0,1,0,0
6831,0,0.4946,63,0,0.4394,7400.0,19,0,1,0,0
6832,0,1.1827,31,0,0.6436,5850.0,8,0,0,0,1
6833,0,0.339,23,0,0.6855,3680.0,12,0,0,0,0
6834,0,0.1076,43,0,0.2569,1760.0,1,0,0,0,0
6835,0,0.215,54,0,0.461,4780.0,7,0,2,0,1
6836,1,0.0563,45,0,0.1488,3370.0,6,0,0,0,2
6837,0,0.3266,32,0,0.4156,6560.0,16,0,1,0,1
6838,1,0.1993,49,2,0.38,3600.0,7,0,0,1,0
6839,0,0.0465,71,0,0.3666,1720.0,6,0,1,0,1
6840,0,0.2036,35,0,0.3519,2140.0,9,0,0,0,0
6841,0,0.0939,42,0,0.6109,3800.0,12,0,0,0,1
6842,0,0.5315,37,1,0.2641,5250.0,14,1,0,0,0
6843,0,0.2082,36,0,1.3716,2440.0,19,0,2,0,1
6844,0,0.3976,56,0,0.6316,3120.0,9,0,0,0,3
6845,0,0.3225,41,0,0.2775,7910.0,12,0,0,0,1
6846,0,0.0866,54,0,0.6625,9560.0,8,0,0,0,1
6847,1,0.7509,22,0,0.8162,5800.0,12,0,1,0,0
6848,0,0.0583,56,0,0.5607,4140.0,5,0,0,0,0
6849,0,0.1224,26,0,0.2457,3390.0,5,0,0,0,0
6850,0,0.0093,41,0,1.7201,6790.0,15,0,0,0,0
6851,0,0.3593,68,0,0.6595,4070.0,13,0,0,0,0
6852,0,0.0544,39,0,0.2126,8540.0,15,0,1,0,0
6853,0,0.4865,58,1,0.5094,8810.0,14,0,0,1,0
6854,0,0.1514,39,0,0.3937,6290.0,7,0,0,0,3
6855,1,0.1366,69,0,0.4511,3650.0,15,0,2,0,0
6856,0,0.0248,72,0,0.2195,3820.0,5,0,1,0,0
6857,0,0.6911,70,0,0.4642,1830.0,1,0,2,0,4
6858,0,1.2883,42,0,0.2729,4760.0,5,0,0,0,0
6859,0,0.1236,38,1,0.3643,4670.0,14,0,2,0,0
6860,1,0.1409,53,0,0.5669,2150.0,13,0,1,0,1
6861,0,0.3185,65,0,0.3376,20300.0,14,0,0,0,1
6862,0,0.2492,49,0,0.3775,6860.0,15,0,0,0,2
6863,0,0.9207,60,0,0.735,2970.0,5,0,0,0,1
6864,0,0.306,68,0,0.2636,16860.0,15,0,1,0,0
6865,0,1.1529,61,0,0.3045,3650.0,9,0,1,0,0
6866,0,0.7025,40,0,0.2117,8090.0,17,0,1,0,0
6867,0,0.1948,34,0,0.2742,5180.0,1,0,2,0,0
6868,0,0.1903,44,0,0.4855,3730.0,15,0,0,0,0
6869,0,0.4944,52,1,0.6595,4020.0,14,0,0,1,2
6870,0,0.599,66,0,0.277,11640.0,10,0,0,0,2
6871,0,0.2723,37,0,0.6478,8310.0,17,0,2,0,0
6872,0,0.0049,29,0,0.4786,4570.0,6,0,1,0,0
6873,0,0.393,38,0,0.196,1440.0,8,0,0,0,4
6874,0,0.6056,53,0,0.4989,5900.0,8,0,3,0,1
6875,0,0.0544,33,0,0.92,2330.0,10,0,0,0,1
6876,0,0.5609,42,0,0.1444,6790.0,6,0,0,0,1
6877,0,0.1592,34,0,1.4965,3200.0,13,0,0,0,0
6878,0,0.1299,74,0,0.3115,3410.0,2,0,0,0,2
6879,0,0.2816,48,0,0.167,3350.0,1,0,2,0,0
6880,0,0.4992,59,0,0.4882,9070.0,3,0,0,0,1
6881,0,0.1747,49,0,0.7398,1700.0,9,0,1,0,0
6882,0,0.1981,21,0,0.3797,7650.0,1,0,0,0,2
6883,0,0.319,35,0,0.5417,6040.0,13,0,0,0,1
6884,1,1.1216,66,0,1.6029,4710.0,4,0,2,0,0
6885,0,0.1211,48,0,0.5083,3760.0,15,0,1,0,2
6886,0,0.0756,58,0,2.6899,6580.0,16,0,2,0,0
6887,0,0.3116,62,1,0.9596,3770.0,17,0,0,0,2
6888,0,0.2066,51,0,0.4634,3750.0,11,0,0,0,0
6889,0,0.1561,52,0,0.5352,5110.0,11,0,0,0,0
6890,0,0.4971,33,1,0.371,13790.0,8,0,0,0,1
6891,0,0.3353,34,0,0.5219,1980.0,3,0,0,0,0
6892,0,0.0652,29,0,0.6294,6640.0,5,0,0,0,0
6893,0,1.3137,37,0,0.3526,4510.0,5,0,0,0,2
6894,0,0.5312,54,0,0.1963,4310.0,12,0,0,0,0
6895,0,0.0441,71,0,0.9928,1970.0,1,0,0,0,0
6896,0,0.5249,44,0,0.8058,1710.0,19,0,0,0,2
6897,0,0.8065,53,0,0.192,6030.0,3,0,0,0,0
6898,0,0.4924,67,0,0.4979,2290.0,7,0,3,0,0
6899,0,0.2554,57,0,0.8321,9040.0,7,0,0,0,0
6900,0,0.1068,35,0,0.7821,2670.0,17,0,1,0,3
6901,0,0.8127,36,0,0.2963,6840.0,12,0,0,0,1
6902,0,0.519,55,0,0.81,3480.0,18,0,0,0,2
6903,0,0.7392,36,0,0.4534,3380.0,18,0,1,0,3
6904,0,0.1868,34,0,0.5673,2840.0,15,0,1,0,0
6905,0,0.045,52,0,0.2588,6390.0,3,0,0,0,0
6906,1,0.1346,55,2,0.0349,7550.0,12,1,0,1,0
6907,0,0.5026,34,0,0.2818,4070.0,12,0,1,0,1
6908,0,0.2416,23,0,0.62,7010.0,6,0,0,0,1
6909,0,0.194,62,1,0.3972,4950.0,1,0,0,1,0
6910,0,0.2594,42,0,0.6637,2210.0,1,0,0,0,2
6911,0,1.013,55,0,0.8726,6170.0,8,0,0,0,0
6912,0,0.2279,30,0,0.3685,4100.0,14,0,2,0,1
6913,1,0.6016,37,1,0.3474,1020.0,4,0,0,0,0
6914,0,0.045,53,0,0.121,3890.0,19,0,0,0,1
6915,0,0.1977,27,0,0.1775,1780.0,6,0,0,0,1
6916,0,0.006,38,0,0.2011,2350.0,14,0,0,0,2
6917,1,0.0447,59,0,0.6275,4230.0,1,0,2,0,0
6918,0,0.0898,62,0,0.3707,4700.0,1,0,0,0,0
6919,1,0.272,40,3,0.3261,2980.0,10,1,0,1,0
6920,0,1.0184,27,0,0.3045,6740.0,3,0,1,0,0
6921,0,0.5053,22,0,0.2816,4590.0,13,0,1,0,0
6922,0,0.0008,51,0,0.782,3810.0,8,0,0,0,2
6923,0,0.068,58,1,0.4752,5040.0,5,0,0,0,0
6924,0,0.8405,53,0,0.8145,10130.0,19,0,0,0,0
6925,0,1.8,42,0,0.1205,1350.0,8,0,0,0,0
6926,0,0.4583,22,0,0.6186,10720.0,2,0,0,0,0
6927,0,0.6288,33,0,0.3361,3390.0,3,0,1,0,1
6928,0,0.363,22,0,0.3795,3080.0,7,0,1,0,3
6929,0,0.4408,45,0,1.0118,3860.0,10,0,1,0,0
6930,0,0.6168,37,0,0.3556,2890.0,11,0,0,0,2
6931,0,0.1635,24,0,0.6036,2630.0,9,0,0,0,0
6932,0,0.108,53,0,0.244,8170.0,3,0,0,0,0
6933,0,0.1434,40,1,0.4592,5410.0,5,0,1,1,3
6934,0,0.6987,72,0,0.173,1560.0,3,0,0,0,0
6935,0,0.089,43,1,0.4341,7360.0,10,0,1,0,0
6936,1,1.0158,25,0,0.5662,6750.0,2,0,0,0,2
6937,1,0.1533,59,3,0.8727,2020.0,15,1,1,0,1
6938,0,0.018,58,0,0.2751,5480.0,10,0,0,0,0
6939,0,0.8685,71,1,0.3271,7130.0,6,0,0,0,0
6940,0,0.5309,58,0,0.3053,1880.0,6,0,0,0,2
6941,0,0.8278,40,0,0.3858,5830.0,1,0,0,0,0
6942,0,0.2378,57,0,0.252,3280.0,1,0,0,0,0
6943,0,0.1518,64,0,0.1232,6800.0,13,0,1,0,0
6944,0,0.5944,48,0,0.2404,2810.0,10,0,1,0,0
6945,0,0.2925,63,0,0.4363,9190.0,3,0,0,0,0
6946,0,0.1668,73,0,0.4111,4250.0,14,0,1,0,2
6947,0,0.2238,61,1,0.6258,3400.0,19,0,1,0,0
6948,0,0.1878,48,0,0.7448,3190.0,13,0,0,0,1
6949,0,0.0004,47,0,0.3431,8300.0,17,0,0,0,4
6950,0,0.1413,66,0,0.1735,3180.0,14,0,0,0,0
6951,0,0.4108,68,0,0.5723,9290.0,18,0,1,0,1
6952,0,0.0055,35,0,0.4467,5590.0,11,0,0,0,0
6953,0,0.2193,21,0,0.3848,2140.0,16,0,0,0,0
6954,0,0.2517,64,1,0.9345,4990.0,15,1,0,1,0
6955,0,0.0189,33,1,0.5888,5050.0,7,0,1,0,1
6956,0,0.3942,74,0,0.4837,2100.0,2,0,0,0,3
6957,1,1.0918,22,0,0.4958,4940.0,9,0,2,0,2
6958,0,0.9273,70,1,0.7481,6800.0,4,1,1,0,0
6959,0,0.0667,57,0,0.2971,9670.0,17,0,0,0,2
6960,0,0.035,37,0,0.265,9420.0,14,0,3,0,0
6961,0,0.4818,22,0,0.3904,20610.0,17,0,1,0,1
6962,0,1.2104,66,0,0.2216,4920.0,7,0,0,0,0
6963,0,0.0101,27,0,0.4372,6850.0,11,0,0,0,2
6964,1,0.1364,26,0,0.4762,3420.0,5,0,0,0,2
6965,0,0.0703,63,2,0.4312,15220.0,10,0,0,0,1
6966,0,0.1454,57,2,0.3617,2880.0,1,0,2,0,0
6967,0,0.4702,27,0,1.2114,14820.0,7,0,0,0,0
6968,0,0.0197,39,0,0.7901,13720.0,17,0,0,0,0
6969,0,0.2787,56,2,0.4239,3070.0,12,0,0,1,0
6970,0,0.0365,56,0,0.4751,9150.0,16,0,1,0,0
6971,0,0.0029,40,0,1.0261,6460.0,15,0,2,0,0
6972,0,0.0495,43,0,0.3164,3840.0,2,0,0,0,2
6973,0,0.0143,25,0,0.2517,4530.0,10,0,0,0,0
6974,0,0.4104,21,1,0.5149,5760.0,6,0,1,0,1
6975,0,0.1121,73,0,0.576,6100.0,3,0,0,0,1
6976,0,0.1606,33,0,0.6024,12050.0,5,0,0,0,0
6977,0,0.1295,71,0,0.7384,6920.0,1,0,0,0,1
6978,0,0.1088,23,0,0.2895,3100.0,4,0,2,0,0
6979,0,0.7568,74,0,0.193,7680.0,13,0,1,0,0
6980,0,0.2424,44,0,0.3164,1720.0,5,0,0,0,1
6981,1,0.2416,64,0,0.6371,3900.0,14,0,1,0,0
6982,0,0.2814,66,0,0.2584,4130.0,6,0,2,0,0
6983,1,0.049,40,4,0.1408,7300.0,2,1,2,0,0
6984,0,0.1903,60,1,0.49,14220.0,14,0,0,0,0
6985,1,0.353,39,1,0.3197,5600.0,4,0,2,0,0
6986,0,0.3789,63,0,0.1594,3960.0,19,0,1,0,1
6987,0,0.1347,72,0,0.4699,3230.0,9,0,0,0,1
6988,0,0.0394,64,0,0.3564,8110.0,1,0,0,0,0
6989,0,0.1884,60,0,1.2282,4370.0,5,0,2,0,0
6990,0,0.7586,41,0,0.4739,3630.0,7,0,0,0,3
6991,0,0.3756,26,0,0.6387,8700.0,10,0,0,0,3
6992,0,0.1351,48,0,0.4447,9910.0,13,0,0,0,0
6993,0,1.5644,28,0,0.314,2760.0,7,0,0,0,3
6994,0,0.3284,48,0,0.3354,2000.0,6,0,0,0,2
6995,1,1.3851,67,0,0.8595,4630.0,18,0,0,0,0
6996,0,0.2252,27,0,0.7038,2480.0,4,0,1,0,0
6997,0,0.0646,69,0,0.1839,2280.0,14,0,0,0,0
6998,0,0.1219,53,0,0.2124,2630.0,4,0,1,0,0
6999,0,0.5759,23,1,0.2196,9210.0,5,1,3,0,0
7000,0,0.29,59,0,0.8488,7260.0,12,0,0,0,1
7001,0,0.0623,21,1,0.159,21470.0,2,0,1,1,0
7002,0,0.7636,53,0,0.7203,3340.0,3,0,1,0,1
7003,0,0.1031,48,1,0.5706,10920.0,17,0,0,0,0
7004,0,0.6545,61,0,0.4907,6610.0,2,0,0,0,0
7005,0,0.0167,41,1,0.3383,3520.0,3,0,1,0,0
7006,0,0.4574,27,1,0.9168,4500.0,15,0,0,0,0
7007,0,0.0144,41,0,0.481,3510.0,9,0,0,0,1
7008,0,0.3421,62,0,0.1889,5740.0,7,0,0,0,0
7009,0,0.1613,72,0,0.2172,8880.0,16,0,1,0,3
7010,1,0.8523,32,0,0.1675,3940.0,17,0,0,0,3
7011,1,0.1954,39,1,0.9233,8180.0,3,1,1,0,0
7012,0,0.843,68,1,1.0561,10540.0,10,0,0,0,2
7013,0,0.2498,37,0,0.8622,12040.0,18,0,1,0,1
7014,0,0.0242,34,0,0.4124,2430.0,3,0,0,0,0
7015,0,0.0904,65,0,0.1909,4770.0,8,0,1,0,0
7016,0,0.2093,47,0,0.2387,7520.0,4,0,2,0,1
7017,0,1.0011,52,0,0.2482,2560.0,3,0,0,0,3
7018,0,0.0976,47,0,0.4372,2240.0,17,0,0,0,0
7019,0,0.7013,53,1,1.033,4840.0,13,0,1,0,3
7020,0,0.394,35,0,1.0306,3840.0,3,0,2,0,1
7021,0,0.6062,60,0,0.3352,4430.0,7,0,0,0,0
7022,0,0.247,40,0,0.1174,3700.0,6,0,1,0,0
7023,0,0.0917,49,0,0.2231,17960.0,18,0,0,0,0
7024,0,0.1187,31,0,0.9168,3730.0,6,0,3,0,1
7025,0,0.2632,21,0,0.5163,6980.0,3,0,1,0,0
7026,0,0.5658,51,0,0.363,6710.0,19,0,2,0,0
7027,0,0.3311,28,1,0.3481,1780.0,2,0,0,0,0
7028,0,0.8592,70,0,0.2864,11850.0,19,0,0,0,3
7029,0,0.0026,72,0,0.2182,7150.0,7,0,0,0,0
7030,0,0.0317,38,0,1.5577,5400.0,14,0,0,0,0
7031,0,0.2319,36,0,1.26,9270.0,11,0,0,0,0
7032,0,0.1008,48,0,0.2744,4780.0,5,0,0,0,1
7033,0,0.4667,32,0,0.1569,8340.0,11,0,0,0,0
7034,0,0.1888,67,0,0.4973,1590.0,4,0,0,0,1
7035,1,0.6494,26,1,0.4113,8030.0,10,0,0,0,0
7036,0,0.4888,45,0,0.655,5490.0,2,0,0,0,3
7037,0,0.8876,31,0,0.7503,5540.0,5,0,0,0,1
7038,0,0.0443,65,0,0.2227,2960.0,2,0,1,0,3
7039,0,0.1698,28,0,0.9686,4310.0,12,0,1,0,0
7040,0,0.0571,45,0,0.3635,4230.0,18,0,0,0,0
7041,0,0.4193,66,0,0.6471,2480.0,1,0,0,0,1
7042,0,0.0711,44,2,0.3841,6090.0,12,0,3,1,1
7043,0,0.2492,30,0,0.7815,12630.0,10,0,0,0,2
7044,0,0.4563,29,0,0.1089,2090.0,4,0,2,0,0
7045,1,0.2747,53,0,0.6998,6600.0,14,0,0,0,1
7046,0,0.3625,27,0,0.2728,3820.0,15,0,0,0,1
7047,0,0.0186,40,1,0.4696,3560.0,18,0,1,0,3
7048,0,0.2261,54,0,0.9482,5140.0,2,0,1,0,2
7049,0,0.1387,41,1,0.2775,5190.0,4,0,1,0,0
7050,0,0.1386,65,0,0.2526,5490.0,10,0,1,0,0
7051,0,0.3393,58,0,0.3594,2490.0,15,0,3,0,1
7052,0,0.4737,28,0,0.3461,9450.0,4,0,0,0,0
7053,0,0.111,65,0,0.2393,5160.0,7,0,0,0,2
7054,0,0.4469,70,0,0.4789,7020.0,9,0,0,0,0
7055,1,0.4883,31,0,0.4941,10190.0,13,0,1,0,1
7056,0,0.0456,40,0,0.5932,1550.0,5,0,0,0,4
7057,0,1.0859,42,0,0.2748,7170.0,6,0,1,0,0
7058,0,0.5718,43,0,0.255,4450.0,3,0,0,0,0
7059,0,0.8544,46,0,0.4185,9060.0,5,0,0,0,0
7060,0,0.2089,69,0,0.3879,3040.0,18,0,0,0,0
7061,0,0.1021,56,0,0.3924,8610.0,15,0,3,0,0
7062,0,0.0166,69,0,0.294,2610.0,18,0,1,0,1
7063,0,0.596,39,0,0.5477,6260.0,18,0,0,0,0
7064,0,1.2611,49,0,0.2553,5830.0,10,0,1,0,0
7065,0,0.3033,26,0,0.4176,4480.0,4,0,0,0,0
7066,0,0.2073,35,0,0.3739,2650.0,15,0,2,0,0
7067,0,0.3617,52,0,0.4404,3940.0,19,0,0,0,1
7068,0,0.0319,30,0,0.915,8550.0,4,0,0,0,0
7069,0,0.0837,72,0,0.2042,12000.0,15,0,0,0,0
7070,0,0.2785,35,0,0.107,15870.0,8,0,2,0,0
7071,0,0.2343,29,1,0.3146,6740.0,18,0,2,1,0
7072,0,0.9542,63,0,0.2252,5720.0,5,0,0,0,2
7073,0,0.2519,25,0,0.0737,6430.0,13,0,0,0,0
7074,0,0.1343,38,1,1.2812,15630.0,2,0,1,0,0
7075,0,0.1615,31,0,0.6287,6720.0,18,0,0,0,0
7076,0,0.3301,58,0,0.6705,5180.0,9,0,0,0,2
7077,0,0.0478,66,0,0.3786,4170.0,10,0,0,0,2
7078,0,0.1272,31,0,0.5784,4470.0,15,0,1,0,1
7079,0,0.1099,43,0,0.3487,6200.0,5,0,2,0,1
7080,0,0.8914,46,0,0.7324,3130.0,15,0,0,0,1
7081,0,0.1317,58,0,0.5033,3370.0,3,0,0,0,3
7082,0,0.1044,40,0,0.4396,4730.0,9,0,0,0,0
7083,0,0.0584,49,1,0.4599,3750.0,7,0,0,1,0
7084,0,0.1992,48,0,1.0825,7030.0,9,0,0,0,1
7085,0,0.012,21,1,0.4968,7360.0,11,0,0,0,1
7086,0,0.3373,51,0,0.2423,5750.0,12,0,0,0,4
7087,0,0.3778,51,1,0.5498,6590.0,4,0,0,0,2
7088,0,0.0389,74,0,0.6026,5270.0,18,0,1,0,1
7089,0,0.009,48,1,0.412,510.0,13,1,0,0,0
7090,0,0.1362,69,1,0.4355,2910.0,3,0,2,0,2
7091,0,1.1528,39,0,0.237,7510.0,3,0,1,0,0
7092,1,0.6889,58,0,0.4763,2970.0,8,0,0,0,1
7093,0,0.4639,69,0,0.2168,8210.0,19,0,1,0,0
7094,0,0.583,29,0,0.3866,8490.0,18,0,0,0,1
7095,0,0.6944,51,0,0.3007,4190.0,5,0,1,0,0
7096,0,0.134,70,0,0.8104,3450.0,11,0,2,0,0
7097,0,0.2117,51,0,1.1388,4940.0,7,0,1,0,0
7098,0,0.4191,69,0,0.2261,4790.0,16,0,0,0,2
7099,0,0.1018,43,1,0.4481,7160.0,15,0,1,0,1
7100,0,0.8297,68,0,0.373,1210.0,9,0,0,0,0
7101,0,0.3285,54,1,0.5937,3160.0,7,0,0,0,0
7102,0,0.2922,46,0,0.476,2680.0,18,0,0,0,0
7103,1,0.1476,32,0,0.3561,1080.0,8,0,0,0,2
7104,0,0.0325,30,0,0.4753,3650.0,17,0,1,0,0
7105,1,0.3842,36,1,0.395,2000.0,1,1,1,0,0
7106,1,0.4344,61,0,1.1659,3900.0,9,0,2,0,0
7107,0,0.7774,46,0,0.2791,3670.0,11,0,1,0,0
7108,0,0.2973,41,0,0.5244,6450.0,1,0,1,0,2
7109,0,0.3646,46,0,0.61,4230.0,2,0,0,0,2
7110,0,0.4209,39,0,0.5845,1780.0,11,0,0,0,0
7111,0,0.3042,64,0,0.3758,6050.0,15,0,0,0,0
7112,0,0.1466,42,0,1.0212,20990.0,4,0,0,0,2
7113,0,0.2791,46,1,0.1283,9370.0,18,0,1,1,3
7114,0,0.0707,51,0,0.2331,7390.0,5,0,0,0,1
7115,0,0.0664,55,0,0.6691,4370.0,1,0,2,0,0
7116,1,0.9869,39,0,0.265,3660.0,9,0,0,0,0
7117,1,0.074,24,4,0.2559,3510.0,3,1,2,0,2
7118,0,0.2127,58,0,0.3395,5680.0,9,0,1,0,0
7119,0,0.2114,51,0,0.2804,2490.0,1,0,1,0,0
7120,0,0.2701,55,0,0.6585,5610.0,17,0,0,0,3
7121,1,1.2653,50,1,0.7731,3300.0,13,1,0,0,1
7122,0,0.1001,48,0,0.4738,1760.0,1,0,1,0,1
7123,0,0.0135,72,0,0.846,3270.0,18,0,3,0,0
7124,0,0.1511,23,0,0.1956,10410.0,6,0,0,0,1
7125,0,0.1557,25,0,0.4703,5340.0,10,0,1,0,1
7126,0,0.049,71,0,1.0088,580.0,13,0,0,0,0
7127,0,0.0082,68,0,0.8074,3280.0,8,0,0,0,1
7128,0,0.1132,43,0,1.0637,8450.0,12,0,1,0,3
7129,0,0.303,50,0,0.3154,4110.0,4,0,0,0,3
7130,0,0.0082,45,0,0.779,6730.0,7,0,0,0,0
7131,0,0.1732,74,0,0.3478,3880.0,13,0,0,0,0
7132,0,0.2037,45,0,0.6422,5490.0,4,0,0,0,0
7133,0,0.7389,62,0,0.9866,5020.0,7,0,0,0,1
7134,0,0.7878,40,0,0.279,3340.0,6,0,0,0,3
7135,0,0.5037,41,0,0.1476,6920.0,3,0,0,0,1
7136,0,0.1652,57,0,1.3614,12320.0,17,0,0,0,2
7137,0,0.0958,42,0,0.6022,6190.0,19,0,0,0,1
7138,0,0.1349,21,1,0.4214,5230.0,5,0,0,0,0
7139,0,0.1964,30,0,0.4077,2960.0,17,0,0,0,0
7140,0,0.4254,68,0,0.1277,8630.0,10,0,0,0,1
7141,1,0.3052,40,1,0.5093,3620.0,5,1,0,0,1
7142,0,0.0084,26,0,0.3268,6880.0,18,0,0,0,0
7143,0,0.2793,71,0,0.4637,7760.0,3,0,0,0,0
7144,0,0.5596,74,0,0.4576,8890.0,3,0,1,0,0
7145,0,0.8542,47,0,0.0592,8990.0,8,0,0,0,0
7146,0,0.024,54,0,0.6029,8800.0,17,0,0,0,0
7147,0,1.8,61,0,0.5033,2310.0,6,0,1,0,1
7148,0,0.2699,24,0,0.5455,2940.0,15,0,0,0,0
7149,0,0.0252,37,0,0.4025,2160.0,17,0,0,0,2
7150,0,0.4528,51,0,0.4627,2070.0,10,0,1,0,0
7151,0,0.6966,50,0,0.4984,12270.0,3,0,0,0,4
7152,0,0.1256,38,3,0.5297,2720.0,19,1,0,0,0
7153,0,0.0911,21,0,0.5977,2500.0,16,0,1,0,2
7154,0,0.1485,72,0,0.5324,4750.0,2,0,2,0,0
7155,0,0.3337,54,0,1.3632,3140.0,12,0,3,0,0
7156,0,0.1219,61,0,0.2907,19090.0,17,0,0,0,0
7157,0,0.0395,44,0,0.3588,4170.0,11,0,2,0,0
7158,0,0.1658,48,0,1.2408,6420.0,4,0,0,0,0
7159,0,0.112,45,0,0.4095,3080.0,18,0,0,0,0
7160,0,0.2816,44,0,0.7858,1810.0,7,0,0,0,3
7161,1,0.5868,57,0,0.4874,3170.0,1,0,0,0,2
7162,0,0.183,74,0,0.3919,3190.0,3,0,0,0,0
7163,0,0.8073,62,0,0.812,3180.0,9,0,1,0,0
7164,0,0.3719,57,0,0.6133,1880.0,10,0,0,0,0
7165,0,0.2274,21,0,0.179,5330.0,12,0,1,0,3
7166,0,0.4237,48,0,0.4986,4020.0,4,0,2,0,1
7167,0,0.5954,72,0,0.2473,1950.0,2,0,0,0,2
7168,0,0.3583,42,0,0.9634,5240.0,5,0,0,0,0
7169,1,0.035,50,2,1.2868,7760.0,2,1,0,0,1
7170,0,0.01,38,0,1.3832,10080.0,2,0,0,0,0
7171,0,0.5609,31,0,0.5568,1150.0,13,0,0,0,0
7172,0,0.0389,59,0,0.3406,3170.0,6,0,0,0,1
7173,0,0.2723,37,0,0.545,2160.0,3,0,1,0,1
7174,0,0.0347,52,0,0.2557,3320.0,4,0,1,0,2
7175,0,0.8555,53,0,1.8355,11310.0,16,0,0,0,1
7176,0,0.1366,66,0,0.92,3180.0,14,0,1,0,0
7177,0,0.3493,71,0,0.5394,3700.0,1,0,1,0,0
7178,0,0.1003,50,0,0.8173,2990.0,13,0,1,0,0
7179,0,0.2606,23,3,0.3345,13040.0,12,1,0,0,1
7180,0,0.006,52,0,0.2311,1240.0,13,0,0,0,0
7181,0,0.1046,68,0,0.1191,3520.0,15,0,1,0,0
7182,0,0.4747,46,0,0.4723,2920.0,13,0,0,0,0
7183,0,0.1675,51,0,0.3966,1750.0,14,0,0,0,1
7184,1,0.2199,62,0,0.6136,9520.0,2,0,0,0,1
7185,0,0.4678,44,0,0.4529,1670.0,18,0,0,0,0
7186,0,0.1014,43,0,0.5971,3730.0,5,0,1,0,0
7187,0,0.0209,47,0,0.731,4690.0,15,0,0,0,0
7188,0,0.1657,67,0,0.1871,3130.0,15,0,0,0,4
7189,1,0.3606,47,0,0.7568,1740.0,10,0,3,0,2
7190,0,0.2963,38,0,0.3521,4440.0,10,0,0,0,0
7191,0,0.575,53,0,0.613,3110.0,18,0,0,0,2
7192,0,1.0308,58,0,0.8297,7980.0,12,0,1,0,0
7193,0,0.6467,70,0,0.8331,6700.0,5,0,0,0,0
7194,0,0.0809,69,0,0.4855,15780.0,2,0,2,0,1
7195,0,0.5119,63,0,0.5001,5250.0,3,0,1,0,2
7196,0,0.3669,62,0,0.7673,7000.0,8,0,0,0,0
7197,1,0.2398,45,3,0.1826,3960.0,13,1,0,1,2
7198,1,0.1035,39,0,0.2539,13730.0,9,0,0,0,0
7199,1,0.4835,51,0,0.38,4950.0,15,0,0,0,0
7200,0,0.1612,59,0,0.202,4620.0,14,0,0,0,2
7201,0,0.0005,48,0,0.3817,6800.0,14,0,0,0,0
7202,0,0.422,32,0,0.3694,3340.0,18,0,1,0,1
7203,0,0.1135,21,0,0.4734,3640.0,2,0,0,0,0
7204,0,0.6498,24,0,0.4343,6790.0,11,0,0,0,1
7205,0,0.688,44,0,0.8535,7630.0,7,0,0,0,2
7206,0,0.0469,63,1,0.6337,7030.0,15,0,0,0,0
7207,0,0.5676,63,0,0.4306,4680.0,16,0,2,0,0
7208,0,0.1508,64,0,0.3679,5780.0,13,0,0,0,0
7209,0,0.1146,59,0,0.4367,8750.0,15,0,2,0,0
7210,0,0.2115,22,0,0.4414,2550.0,18,0,1,0,0
7211,0,0.0952,68,0,2.0365,4920.0,11,0,0,0,0
7212,0,0.1118,72,0,0.1874,860.0,16,0,0,0,0
7213,0,0.2881,66,0,0.2578,7660.0,2,0,0,0,4
7214,0,0.1942,45,0,0.236,3070.0,5,0,0,0,2
7215,1,0.6964,32,2,0.5281,3120.0,18,1,1,1,0
7216,0,0.3532,69,0,0.5157,4570.0,5,0,2,0,2
7217,1,0.5357,31,3,0.3186,7130.0,1,0,0,1,3
7218,0,0.1496,63,0,0.7693,20640.0,18,0,1,0,1
7219,0,0.4735,73,0,0.5609,1940.0,7,0,2,0,0
7220,0,0.4866,69,0,0.7889,2950.0,12,0,0,0,2
7221,0,0.6724,49,0,0.925,5640.0,15,0,0,0,0
7222,0,0.1271,66,0,0.1251,3180.0,9,0,0,0,0
7223,0,0.0247,65,0,0.678,8120.0,1,0,0,0,1
7224,0,0.252,73,0,0.2072,4440.0,14,0,0,0,0
7225,0,0.0089,40,0,0.5219,8360.0,13,0,0,0,0
7226,1,0.8842,54,2,0.4301,4230.0,6,1,1,1,1
7227,0,0.0243,65,0,0.4413,6820.0,13,0,2,0,0
7228,0,0.2376,33,0,0.2181,2770.0,16,0,0,0,2
7229,0,0.5702,33,0,0.8338,15720.0,19,0,0,0,2
7230,0,0.1455,42,0,0.2072,1770.0,11,0,1,0,0
7231,0,0.5006,40,0,0.7049,3210.0,2,0,1,0,0
7232,0,0.3898,61,0,0.1903,2100.0,17,0,0,0,0
7233,0,0.0517,71,0,0.4445,7940.0,9,0,1,0,1
7234,0,0.4019,29,0,1.3266,6790.0,13,0,1,0,0
7235,0,0.1907,38,1,1.8533,2370.0,17,0,0,0,0
7236,0,0.1391,71,0,0.1701,8940.0,5,0,0,0,0
7237,0,0.3776,53,1,0.2944,3230.0,1,1,0,0,1
7238,0,0.7312,32,0,0.3284,6200.0,19,0,0,0,2
7239,0,0.6813,53,1,1.7385,7140.0,4,0,0,0,2
7240,1,0.4987,68,2,0.4313,4240.0,8,1,0,0,0
7241,0,0.3489,41,0,0.8562,8480.0,16,0,1,0,0
7242,0,0.3744,47,0,0.5378,4510.0,15,0,0,0,1
7243,0,0.404,54,0,0.2188,6020.0,4,0,2,0,0
7244,0,0.2412,66,1,0.1472,4170.0,5,0,0,1,0
7245,1,0.372,51,0,0.311,1600.0,14,0,1,0,1
7246,0,0.0455,72,0,1.8042,4560.0,8,0,1,0,0
7247,0,0.5986,61,0,0.5244,2910.0,10,0,0,0,0
7248,0,0.0969,43,0,0.8459,11330.0,15,0,0,0,0
7249,0,0.1742,47,0,0.1919,2170.0,17,0,0,0,0
7250,0,1.064,58,0,0.3697,10250.0,14,0,1,0,0
7251,0,0.3181,24,0,0.717,4410.0,4,0,1,0,2
7252,0,0.0662,33,0,0.2335,6270.0,18,0,0,0,2
7253,0,0.0046,33,0,0.4324,2150.0,11,0,0,0,1
7254,0,0.0431,64,0,0.265,4080.0,16,0,1,0,0
7255,0,0.0611,65,1,0.7378,3300.0,12,1,0,0,0
7256,0,0.2352,65,0,0.5707,17360.0,7,0,0,0,1
7257,0,0.2532,26,0,0.6771,3250.0,13,0,0,0,0
7258,0,0.1661,36,0,0.7578,9820.0,17,0,0,0,0
7259,0,0.1886,37,0,0.392,9900.0,16,0,0,0,1
7260,0,0.9644,22,0,0.8203,9740.0,18,0,1,0,0
7261,0,0.377,34,0,0.3154,3440.0,2,0,0,0,4
7262,0,0.2307,44,0,0.6541,14510.0,19,0,1,0,0
7263,0,0.1118,68,0,0.1377,16440.0,7,0,1,0,0
7264,0,0.061,30,0,0.2871,6130.0,18,0,0,0,1
7265,0,0.0594,67,1,1.8031,3720.0,11,0,3,0,2
7266,0,0.3596,65,0,0.6483,2930.0,14,0,3,0,1
7267,0,0.0295,29,0,0.6484,6520.0,15,0,2,0,0
7268,0,0.327,35,0,0.2741,5110.0,16,0,0,0,0
7269,0,0.6657,45,0,0.233,5480.0,7,0,1,0,1
7270,1,0.1439,71,0,0.3834,2190.0,13,0,0,0,2
7271,1,1.8,63,1,0.4316,5010.0,11,0,0,0,0
7272,0,0.1418,73,0,1.4172,9760.0,7,0,0,0,0
7273,0,0.1725,37,0,0.8281,8020.0,1,0,1,0,0
7274,0,1.6011,70,0,0.4797,3830.0,16,0,0,0,1
7275,0,0.1636,72,0,0.4674,4600.0,9,0,0,0,0
7276,0,0.1912,53,0,0.7081,2040.0,5,0,2,0,3
7277,0,0.5127,29,0,0.2037,3300.0,7,0,1,0,0
7278,0,0.6043,35,0,0.1419,4010.0,9,0,2,0,0
7279,0,0.4427,27,0,0.7019,7190.0,19,0,0,0,0
7280,0,0.2772,64,0,0.4692,3220.0,7,0,1,0,0
7281,0,0.075,37,0,0.2045,2640.0,3,0,1,0,2
7282,0,0.0428,58,0,0.1278,7740.0,4,0,0,0,1
7283,0,0.0093,35,0,0.7682,3810.0,18,0,0,0,0
7284,0,0.3171,73,0,0.3286,2970.0,16,0,0,0,3
7285,0,0.53,62,0,0.5713,8000.0,1,0,0,0,1
7286,0,0.3024,41,0,0.3836,6470.0,9,0,0,0,0
7287,0,0.0332,46,0,0.4402,4340.0,6,0,0,0,0
7288,0,0.0815,24,0,0.3149,3980.0,11,0,1,0,2
7289,0,0.1513,28,0,0.4292,6170.0,12,0,1,0,1
7290,0,0.0405,74,0,0.6352,6790.0,10,0,1,0,0
7291,0,0.1824,65,0,0.3808,5570.0,10,0,0,0,0
7292,0,0.4108,66,0,0.368,5280.0,14,0,0,0,0
7293,0,0.7266,55,0,0.647,3420.0,14,0,0,0,0
7294,1,0.8269,32,0,0.6733,3540.0,4,0,1,0,0
7295,1,0.7898,26,0,0.2271,4430.0,14,0,1,0,0
7296,0,0.0355,60,0,0.4416,2760.0,10,0,0,0,2
7297,1,0.9977,38,0,0.3282,2570.0,8,0,0,0,1
7298,0,0.3821,21,1,0.453,4660.0,5,1,1,0,1
7299,0,1.1983,22,0,1.0622,8900.0,11,0,1,0,0
7300,0,0.0339,51,0,0.5573,1420.0,19,0,2,0,0
7301,1,0.0563,66,2,1.6463,3890.0,9,0,0,1,0
7302,0,1.5018,40,0,0.5126,5790.0,2,0,1,0,3
7303,1,0.3686,74,4,0.4066,9350.0,5,1,1,0,1
7304,0,0.4912,41,0,0.4441,14470.0,18,0,1,0,0
7305,0,0.5937,60,0,0.4895,4210.0,16,0,1,0,0
7306,0,0.0442,34,0,0.5454,16050.0,2,0,2,0,0
7307,0,0.0991,53,0,0.2478,6460.0,16,0,1,0,0
7308,0,0.0022,35,0,0.3907,8010.0,3,0,1,0,1
7309,0,1.4885,63,0,0.2909,2590.0,6,0,0,0,0
7310,0,0.1918,45,0,0.8334,6450.0,18,0,0,0,0
7311,0,0.0163,23,0,0.1415,8440.0,13,0,0,0,1
7312,0,0.0035,34,1,0.4937,3250.0,13,0,0,0,0
7313,0,0.097,40,0,0.1807,1030.0,5,0,2,0,0
7314,0,0.086,46,0,0.5824,5370.0,7,0,1,0,3
7315,0,0.7907,35,0,0.3537,4320.0,2,0,1,0,2
7316,1,0.0272,52,0,0.1511,11010.0,12,0,1,0,2
7317,0,0.3524,73,0,0.7908,3560.0,10,0,1,0,0
7318,0,0.1572,59,0,0.0993,3220.0,4,0,2,0,4
7319,0,0.0251,37,0,0.4409,2430.0,6,0,0,0,0
7320,1,0.0904,57,0,0.6803,3370.0,2,0,2,0,0
7321,0,0.7432,73,0,1.0264,24350.0,2,0,1,0,0
7322,0,0.0742,34,0,0.171,1900.0,1,0,3,0,0
7323,0,0.2181,33,1,0.3297,2210.0,7,0,0,0,0
7324,0,0.7667,23,0,0.8609,4760.0,6,0,1,0,0
7325,0,0.1986,66,0,0.8965,16070.0,4,0,0,0,0
7326,1,1.66,65,0,0.9689,7670.0,4,0,0,0,0
7327,0,0.3855,43,0,2.0896,12470.0,19,0,0,0,0
7328,0,0.2087,68,0,0.3311,3900.0,8,0,0,0,0
7329,1,0.5766,56,0,0.5618,2130.0,10,0,0,0,3
7330,0,0.2208,73,0,0.3651,3750.0,17,0,2,0,0
7331,0,0.2197,70,0,0.1374,4560.0,19,0,1,0,2
7332,0,0.2864,72,0,0.4257,4950.0,8,0,1,0,2
7333,0,0.145,42,0,0.1358,4320.0,15,0,2,0,1
7334,0,0.251,55,0,0.3287,7010.0,8,0,2,0,0
7335,0,0.5016,30,0,0.1862,3210.0,6,0,2,0,0
7336,1,0.4725,69,0,0.5847,2820.0,3,0,2,0,3
7337,1,0.0136,38,0,0.2816,2390.0,7,0,1,0,3
7338,1,0.1958,45,0,0.154,5560.0,19,0,0,0,1
7339,0,0.0855,53,0,0.7553,5240.0,4,0,1,0,2
7340,0,0.0916,63,0,0.3128,9460.0,3,0,0,0,2
7341,0,0.2019,60,0,0.3467,12430.0,5,0,0,0,1
7342,0,0.433,72,0,0.2499,2380.0,7,0,0,0,0
7343,0,0.0967,59,1,0.8953,4980.0,8,1,0,0,0
7344,0,0.089,63,0,0.5285,4350.0,18,0,2,0,0
7345,1,0.5724,51,2,0.311,1950.0,18,1,0,0,2
7346,0,0.0888,43,0,0.1425,3580.0,9,0,1,0,0
7347,1,0.1369,70,0,2.0266,12580.0,17,0,0,0,1
7348,0,0.1127,41,0,1.4735,3360.0,7,0,0,0,0
7349,1,0.0629,54,0,1.0681,3040.0,8,0,1,0,0
7350,0,0.5302,36,0,0.2947,4760.0,14,0,0,0,2
7351,0,1.5274,47,0,0.3327,8490.0,17,0,1,0,0
7352,0,0.0398,40,0,0.5714,4090.0,1,0,0,0,0
7353,0,0.1376,34,0,0.2628,5310.0,12,0,0,0,0
7354,0,0.1294,65,0,0.2482,1250.0,7,0,0,0,0
7355,0,0.0675,62,0,1.078,6930.0,8,0,1,0,0
7356,0,0.2541,58,0,0.4347,5610.0,12,0,0,0,0
7357,1,0.791,25,1,0.2295,8360.0,10,0,1,0,4
7358,0,0.0185,34,0,0.7958,1600.0,19,0,0,0,2
7359,0,0.6972,32,0,0.3184,4100.0,9,0,1,0,2
7360,0,0.1384,59,0,0.137,8760.0,19,0,1,0,0
7361,0,0.7847,69,0,0.2274,3520.0,13,0,0,0,0
7362,0,0.162,41,0,0.3296,5070.0,12,0,0,0,0
7363,1,0.1002,38,1,0.5127,3840.0,11,0,0,0,0
7364,0,0.0118,51,0,0.4981,3900.0,7,0,0,0,1
7365,0,0.0015,74,0,0.9386,9900.0,12,0,0,0,2
7366,0,0.4531,40,0,0.3898,2090.0,11,0,0,0,2
7367,0,0.8199,36,0,0.3398,4770.0,3,0,0,0,2
7368,0,0.2139,49,0,0.9484,5720.0,18,0,1,0,3
7369,1,0.3102,70,3,0.8083,8630.0,17,0,1,1,3
7370,0,0.0079,60,0,0.3953,4570.0,13,0,0,0,0
7371,0,0.5635,48,0,0.5354,8790.0,13,0,1,0,0
7372,1,0.2332,60,0,0.3378,4760.0,3,0,0,0,0
7373,0,0.9437,21,0,0.2237,5280.0,12,0,0,0,0
7374,0,0.3394,61,0,1.6792,5160.0,19,0,0,0,2
7375,0,0.2144,26,0,0.3246,7280.0,3,0,1,0,0
7376,0,0.0023,42,0,0.5363,6800.0,18,0,2,0,0
7377,0,0.6811,39,0,0.181,2520.0,7,0,0,0,0
7378,0,0.3648,58,0,0.699,5600.0,5,0,0,0,1
7379,0,0.3507,33,0,0.2179,6800.0,18,0,0,0,0
7380,0,0.7715,33,0,1.2297,11810.0,13,0,0,0,0
7381,0,0.0673,68,0,1.3211,2680.0,16,0,0,0,0
7382,0,0.6076,46,2,0.6309,6790.0,17,0,0,0,0
7383,0,0.0323,61,0,0.4814,3990.0,1,0,1,0,0
7384,0,0.0204,52,0,0.4015,5510.0,5,0,0,0,1
7385,0,0.8207,54,2,0.4367,2580.0,5,0,1,0,3
7386,0,0.9403,58,0,0.5744,4880.0,18,0,1,0,0
7387,0,0.0516,57,0,0.4742,5950.0,10,0,2,0,4
7388,1,0.1037,70,0,0.8098,2750.0,4,0,0,0,0
7389,0,0.1499,63,1,0.259,11720.0,14,1,2,1,2
7390,0,0.6871,37,0,1.124,1950.0,7,0,1,0,1
7391,0,0.6289,30,0,0.3487,6790.0,11,0,1,0,2
7392,1,0.1308,66,2,0.2872,1140.0,18,1,1,0,0
7393,0,0.5185,41,0,0.5585,4220.0,6,0,0,0,0
7394,0,0.0129,37,0,0.5804,6550.0,18,0,0,0,0
7395,0,0.0939,26,0,0.1585,7540.0,15,0,1,0,0
7396,0,0.2536,50,0,0.3367,4610.0,1,0,2,0,1
7397,0,0.2249,48,0,0.1221,4250.0,8,0,1,0,0
7398,1,0.1913,65,0,0.2996,6910.0,17,0,0,0,1
7399,0,0.052,61,0,0.3074,8690.0,17,0,0,0,4
7400,0,0.5756,60,1,0.5371,11250.0,14,0,0,0,0
7401,0,0.0829,50,0,0.2801,2270.0,14,0,0,0,0
7402,1,0.5551,67,1,0.3228,4360.0,17,0,0,0,0
7403,0,0.4759,74,0,0.9825,1320.0,3,0,1,0,1
7404,0,0.1748,65,0,1.5504,2160.0,9,0,0,0,0
7405,0,0.25,39,0,0.2586,3220.0,7,0,1,0,0
7406,0,0.2142,35,0,0.8282,8260.0,19,0,0,0,0
7407,1,1.6658,21,0,0.567,3680.0,15,0,2,0,0
7408,0,0.1975,74,1,0.1583,4130.0,15,0,1,0,3
7409,0,0.8153,60,0,0.2795,5880.0,2,0,0,0,3
7410,1,0.5464,71,0,0.073,3290.0,15,0,1,0,2
7411,0,0.3858,63,0,0.5456,1490.0,16,0,1,0,0
7412,0,0.0149,44,0,0.2355,3140.0,9,0,0,0,1
7413,0,0.1842,28,0,0.4869,4570.0,17,0,0,0,0
7414,0,0.8596,23,0,2.1013,6510.0,8,0,0,0,2
7415,0,0.4833,63,1,1.1687,4340.0,13,0,0,0,0
7416,0,0.7418,37,0,0.2836,6450.0,4,0,0,0,1
7417,0,0.1686,41,0,0.2453,8560.0,10,0,1,0,0
7418,0,0.0066,66,0,0.9761,9630.0,2,0,0,0,2
7419,0,0.6645,46,1,0.2459,5450.0,3,0,1,0,0
7420,0,0.246,72,0,0.8144,2480.0,18,0,2,0,0
7421,0,0.1063,50,0,2.3199,2330.0,14,0,0,0,0
7422,0,0.2136,65,0,0.6738,2460.0,12,0,1,0,0
7423,0,0.143,27,0,0.9143,2580.0,8,0,1,0,3
7424,0,0.0828,42,0,0.8528,5220.0,11,0,0,0,0
7425,1,0.2032,30,3,0.3217,15250.0,14,1,0,1,0
7426,0,0.0686,24,0,0.5348,5580.0,7,0,0,0,0
7427,0,1.0476,74,0,0.2531,4670.0,7,0,2,0,1
7428,0,0.0574,48,0,0.9743,8750.0,15,0,1,0,2
7429,0,0.3135,40,0,0.2343,2990.0,11,0,0,0,3
7430,0,0.6615,41,0,0.6843,9180.0,8,0,0,0,0
7431,1,0.4924,34,0,0.8861,8780.0,9,0,1,0,0
7432,0,0.1774,27,0,0.3345,5090.0,16,0,0,0,0
7433,0,0.4573,70,0,0.2915,17260.0,10,0,0,0,1
7434,0,0.1788,26,0,0.4058,9600.0,2,0,1,0,4
7435,1,0.1418,41,0,0.263,5050.0,16,0,1,0,0
7436,0,0.1198,29,0,0.4935,4510.0,5,0,1,0,1
7437,0,0.0591,71,0,0.2592,3790.0,2,0,0,0,2
7438,0,0.2639,32,0,0.2707,4540.0,6,0,0,0,2
7439,0,0.3294,42,0,0.6238,4620.0,3,0,0,0,1
7440,0,0.2116,61,3,0.6509,4060.0,1,0,1,1,0
7441,0,0.0943,51,0,0.3768,4320.0,14,0,2,0,1
7442,0,0.0869,41,0,0.1673,2400.0,13,0,1,0,0
7443,0,0.0043,51,0,0.9071,3500.0,6,0,0,0,3
7444,0,0.3684,44,0,0.3433,1880.0,14,0,0,0,0
7445,1,1.0157,36,0,1.5487,6300.0,1,0,0,0,0
7446,0,0.4232,53,0,0.415,5160.0,8,0,0,0,1
7447,0,0.6347,40,0,0.4875,4570.0,11,0,1,0,0
7448,0,0.1121,72,0,0.3468,8360.0,16,0,0,0,0
7449,0,0.3486,46,1,0.52,2930.0,6,0,1,0,1
7450,0,0.0038,61,0,3.5,3210.0,19,0,0,0,1
7451,0,0.2845,33,0,0.3644,2020.0,8,0,0,0,0
7452,0,1.07,55,0,0.9664,9080.0,14,0,1,0,1
7453,0,0.1692,51,0,0.4744,7070.0,4,0,1,0,0
7454,1,0.1761,61,3,0.9087,10910.0,13,1,1,1,2
7455,0,0.2212,45,0,0.141,12700.0,11,0,0,0,4
7456,0,0.4773,59,0,1.4433,3810.0,9,0,0,0,1
7457,0,0.0443,24,0,0.5514,3210.0,5,0,0,0,1
7458,0,0.344,58,0,0.3826,1670.0,11,0,2,0,1
7459,0,0.6178,61,0,0.7726,2540.0,8,0,0,0,2
7460,0,0.184,47,0,0.4899,4040.0,6,0,1,0,0
7461,0,0.2668,22,1,0.2257,1430.0,10,0,0,1,0
7462,0,0.7811,51,0,0.105,2570.0,5,0,0,0,0
7463,0,0.3179,63,0,1.344,4680.0,13,0,0,0,0
7464,0,0.0427,45,2,0.3931,8400.0,1,0,1,0,0
7465,0,0.4316,26,1,0.3111,3200.0,5,0,0,0,2
7466,0,0.0865,42,0,0.3259,5310.0,10,0,0,0,0
7467,0,0.2794,74,0,1.0819,15040.0,3,0,0,0,0
7468,0,0.3566,35,1,0.3349,1660.0,5,0,0,0,1
7469,0,0.1625,49,0,0.6614,9430.0,9,0,0,0,0
7470,0,0.0973,40,0,0.3676,6180.0,9,0,1,0,0
7471,0,0.8641,59,0,0.2116,10510.0,7,0,1,0,3
7472,0,0.366,44,1,0.7716,8780.0,16,0,1,0,0
7473,0,0.253,41,0,0.8709,3300.0,10,0,0,0,0
7474,0,0.1431,52,0,0.2989,4920.0,7,0,0,0,0
7475,0,0.7798,51,0,0.4393,2050.0,10,0,0,0,0
7476,1,0.2993,47,0,0.4763,3590.0,7,0,0,0,0
7477,0,1.1605,34,0,0.5869,5000.0,1,0,0,0,1
7478,0,0.1961,26,0,1.4663,5900.0,9,0,0,0,0
7479,0,0.6059,58,0,0.37,7890.0,7,0,0,0,3
7480,1,0.5044,39,0,0.3686,12710.0,10,0,1,0,0
7481,0,0.2471,54,2,0.4045,3780.0,10,0,0,0,0
7482,0,0.3584,41,0,0.2553,9770.0,6,0,0,0,1
7483,0,0.8984,67,0,0.1599,5770.0,9,0,0,0,2
7484,0,0.0764,59,0,0.4869,2240.0,12,0,0,0,0
7485,0,0.0054,42,0,0.6165,4490.0,5,0,2,0,1
7486,0,0.2019,38,0,0.45,5270.0,1,0,3,0,1
7487,0,0.0575,61,0,0.4327,2970.0,4,0,0,0,2
7488,0,0.0761,21,0,0.262,2630.0,10,0,0,0,0
7489,1,0.9158,24,0,0.5228,2580.0,14,0,0,0,4
7490,0,0.1883,25,0,0.4975,3550.0,13,0,1,0,0
7491,0,0.0621,39,0,0.5975,2930.0,15,0,0,0,2
7492,0,0.3154,47,2,0.5456,10280.0,9,0,3,0,0
7493,0,0.0008,36,0,0.5691,1130.0,17,0,0,0,1
7494,0,0.1022,31,1,0.9913,5250.0,19,0,0,0,0
7495,0,0.18,37,0,0.6334,6750.0,1,0,1,0,0
7496,1,0.369,47,0,0.5995,2760.0,3,0,1,0,0
7497,0,0.7729,37,0,0.1579,4280.0,8,0,0,0,1
7498,1,0.0073,52,0,0.8454,4000.0,9,0,0,0,0
7499,0,0.1992,41,1,0.3758,4690.0,4,0,2,0,3
7500,0,0.058,71,0,0.4712,7320.0,6,0,3,0,0
7501,0,0.4431,74,0,0.2094,6930.0,1,0,1,0,0
7502,1,0.2658,56,0,1.5745,3430.0,18,0,0,0,0
7503,0,0.1342,50,0,0.1018,1990.0,15,0,0,0,3
7504,0,0.0599,22,0,1.0973,5430.0,4,0,1,0,1
7505,0,0.3659,54,0,0.5799,3310.0,8,0,0,0,1
7506,1,0.1676,41,1,0.1432,3580.0,10,0,0,0,4
7507,0,0.4752,36,0,1.5248,5620.0,9,0,0,0,0
7508,0,0.2766,63,0,0.6116,3790.0,9,0,0,0,0
7509,0,0.144,23,0,0.1092,5910.0,11,0,1,0,0
7510,0,0.7024,35,0,0.3487,22200.0,18,0,2,0,0
7511,0,0.3625,62,0,0.6192,7420.0,10,0,0,0,0
7512,0,0.4786,70,0,1.256,11010.0,11,0,2,0,0
7513,1,0.2588,48,0,0.3515,6680.0,5,0,0,0,2
7514,0,0.3197,49,0,0.0918,5150.0,9,0,2,0,0
7515,0,0.31,73,1,1.0783,6740.0,13,0,1,0,2
7516,0,0.1858,25,0,0.6059,6540.0,12,0,0,0,1
7517,0,0.1246,46,0,0.1177,8250.0,10,0,2,0,1
7518,0,0.7287,34,2,0.5519,5090.0,14,0,1,0,1
7519,1,0.1362,46,2,0.5881,2240.0,5,0,1,0,1
7520,0,0.0447,69,1,0.3698,2040.0,1,0,2,0,0
7521,0,0.1806,53,0,0.2735,6480.0,6,0,0,0,1
7522,0,0.352,74,0,0.3117,2500.0,5,0,0,0,2
7523,0,0.5936,48,0,0.3696,7420.0,18,0,0,0,2
7524,0,0.2798,67,0,0.5559,10970.0,5,0,0,0,1
7525,1,0.4857,30,0,0.7211,4310.0,18,0,1,0,2
7526,0,0.7527,38,0,0.1238,10170.0,8,0,2,0,0
7527,0,0.5831,35,0,0.5239,5740.0,14,0,1,0,0
7528,0,0.1371,62,2,0.6022,4990.0,11,0,1,0,1
7529,0,0.6396,48,0,0.4973,5130.0,1,0,0,0,0
7530,0,0.6122,33,1,0.3524,2990.0,18,1,2,0,1
7531,0,0.1067,30,0,1.0533,2770.0,10,0,0,0,2
7532,0,0.0891,41,0,1.0067,1830.0,11,0,0,0,0
7533,0,0.7598,29,0,0.3607,3170.0,6,0,2,0,1
7534,0,0.3725,58,0,0.4275,17740.0,4,0,1,0,0
7535,0,0.2333,66,0,0.714,2010.0,1,0,1,0,0
7536,1,0.6038,73,4,0.97,2430.0,10,1,0,1,0
7537,0,0.0147,33,0,0.2755,3030.0,6,0,0,0,0
7538,1,0.0427,44,0,0.2399,3120.0,9,0,0,0,2
7539,0,0.5541,48,2,0.5297,5780.0,19,0,0,0,1
7540,0,0.3513,47,0,0.229,3400.0,13,0,1,0,0
7541,0,0.0145,45,0,0.1399,4360.0,15,0,1,0,3
7542,0,0.0203,32,0,0.2747,2950.0,13,0,2,0,0
7543,1,0.2973,27,0,0.5771,3700.0,4,0,0,0,1
7544,0,0.1154,42,0,1.1413,4740.0,13,0,0,0,1
7545,0,0.1588,25,0,0.2937,4530.0,17,0,1,0,2
7546,0,0.617,24,0,0.417,16130.0,19,0,0,0,1
7547,0,0.4221,49,0,0.4933,4830.0,1,0,0,0,1
7548,0,0.3567,67,0,0.3045,4330.0,1,0,1,0,0
7549,0,0.4367,50,0,0.2905,1100.0,19,0,0,0,0
7550,0,0.2151,22,0,0.5494,5680.0,15,0,0,0,0
7551,1,0.2169,66,0,0.219,1500.0,1,0,1,0,0
7552,0,0.6839,57,0,0.2835,6840.0,17,0,0,0,2
7553,0,0.0154,37,0,0.3979,5350.0,18,0,1,0,0
7554,1,0.3926,35,0,0.5452,7930.0,5,0,0,0,3
7555,0,0.0559,69,0,0.181,3360.0,5,0,0,0,0
7556,0,0.3741,46,0,0.4154,4990.0,15,0,2,0,2
7557,0,0.0288,28,0,0.2071,7370.0,6,0,0,0,0
7558,0,1.636,36,0,0.298,2810.0,2,0,0,0,0
7559,1,0.5792,35,0,0.7212,7090.0,14,0,0,0,1
7560,0,0.0535,42,0,0.4299,6900.0,11,0,0,0,2
7561,0,0.2983,39,0,1.2232,4530.0,6,0,0,0,0
7562,0,1.3687,50,0,0.4303,12670.0,7,0,0,0,2
7563,0,0.1414,38,0,0.8032,6700.0,9,0,2,0,4
7564,0,0.4161,55,0,0.7239,1800.0,5,0,0,0,0
7565,0,1.5457,47,0,0.4458,8890.0,1,0,1,0,0
7566,0,0.4302,71,0,0.204,3310.0,13,0,1,0,1
7567,0,0.1039,65,0,0.4219,7930.0,6,0,0,0,0
7568,0,0.4784,38,0,0.3264,5870.0,8,0,0,0,0
7569,0,0.3395,23,0,0.3189,1010.0,6,0,0,0,1
7570,0,0.0433,52,0,0.4934,7070.0,4,0,1,0,0
7571,0,0.1299,39,1,0.1883,4300.0,11,0,0,0,0
7572,0,0.027,69,0,0.266,3730.0,12,0,0,0,3
7573,0,0.0816,42,0,0.2448,3810.0,10,0,1,0,0
7574,0,0.1705,36,1,0.3858,7890.0,10,0,1,0,0
7575,0,0.0138,39,0,0.2834,2830.0,14,0,2,0,1
7576,0,0.2991,67,0,0.2948,9590.0,1,0,1,0,1
7577,0,0.0877,27,0,0.4874,1970.0,15,0,1,0,1
7578,1,0.2873,72,2,0.3439,5870.0,16,1,0,0,2
7579,0,0.4138,33,0,0.4506,7810.0,3,0,2,0,0
7580,0,0.2726,66,0,0.2301,7700.0,19,0,1,0,0
7581,0,0.3044,50,0,0.2733,5490.0,9,0,0,0,0
7582,0,0.069,51,0,1.5288,4340.0,7,0,1,0,0
7583,0,1.4757,32,0,0.2957,3530.0,6,0,0,0,0
7584,1,0.1305,59,0,0.127,2360.0,19,0,1,0,0
7585,0,0.1052,56,0,0.5517,3260.0,11,0,3,0,0
7586,0,0.792,46,0,0.2938,2760.0,19,0,0,0,2
7587,0,0.4736,45,0,0.5201,2500.0,14,0,0,0,0
7588,0,0.0544,53,0,0.4258,14500.0,9,0,1,0,0
7589,0,0.0211,46,0,0.625,1750.0,1,0,1,0,0
7590,0,0.1347,73,0,0.4233,9660.0,18,0,1,0,0
7591,0,1.3469,23,0,0.3922,2340.0,5,0,0,0,0
7592,0,0.5476,34,0,0.8947,2660.0,15,0,1,0,2
7593,0,0.2476,66,0,0.1187,2640.0,3,0,1,0,0
7594,0,0.0046,63,0,0.2028,2520.0,16,0,1,0,0
7595,0,0.1488,39,0,0.2739,8550.0,1,0,0,0,0
7596,0,0.1251,48,0,0.1627,7000.0,3,0,0,0,1
7597,1,1.0213,22,0,0.337,4270.0,6,0,1,0,0
7598,0,0.0079,30,0,0.3176,24940.0,15,0,1,0,0
7599,0,0.0059,72,0,0.8064,4870.0,19,0,0,0,0
7600,1,0.3844,55,0,0.4262,5090.0,5,0,0,0,0
7601,0,0.0481,23,0,0.3954,3260.0,11,0,1,0,0
7602,0,0.168,63,0,0.3578,3030.0,15,0,1,0,0
7603,0,0.0336,42,0,0.239,3570.0,17,0,0,0,0
7604,0,0.0698,51,0,0.7668,8190.0,5,0,0,0,0
7605,0,0.1454,67,0,0.9287,6920.0,3,0,1,0,0
7606,0,0.3227,66,0,0.2171,10660.0,15,0,0,0,0
7607,0,0.475,28,1,1.1877,3200.0,1,0,1,0,0
7608,0,0.2843,40,0,0.3004,7000.0,17,0,0,0,0
7609,0,0.0088,35,1,0.2861,5900.0,8,1,2,0,0
7610,0,0.1757,70,1,0.5967,6380.0,10,1,1,0,2
7611,0,0.0629,63,1,0.6295,2930.0,10,0,1,0,0
7612,0,0.0662,56,0,0.4305,2640.0,9,0,1,0,1
7613,0,0.2215,24,0,0.365,6790.0,1,0,2,0,0
7614,0,0.4673,64,0,0.9079,8300.0,3,0,0,0,3
7615,0,0.0861,51,0,0.3091,3390.0,7,0,0,0,1
7616,0,0.5335,35,0,0.4312,7080.0,5,0,0,0,2
7617,1,0.4732,44,1,1.2414,10090.0,16,1,2,0,0
7618,1,0.9058,45,0,0.2014,3960.0,19,0,1,0,1
7619,0,0.6881,36,0,0.3412,2070.0,4,0,0,0,0
7620,0,0.2506,70,0,0.8312,2230.0,14,0,0,0,0
7621,0,0.0768,70,0,0.6168,3280.0,10,0,1,0,4
7622,0,0.3988,23,0,0.7683,3760.0,15,0,0,0,0
7623,0,1.0662,71,0,0.2032,4810.0,15,0,1,0,1
7624,0,0.714,42,0,0.5448,4870.0,16,0,0,0,0
7625,0,0.1343,64,0,0.3787,4170.0,19,0,1,0,0
7626,0,1.2678,63,0,1.7567,7390.0,12,0,0,0,0
7627,0,0.0923,53,0,0.7302,3110.0,18,0,0,0,2
7628,0,0.2692,61,0,0.4434,10500.0,9,0,0,0,1
7629,0,0.2237,57,0,0.5334,8640.0,1,0,1,0,4
7630,0,0.6835,66,0,0.4642,8270.0,7,0,1,0,1
7631,0,0.2079,43,0,0.6835,3310.0,14,0,2,0,0
7632,1,0.4629,60,1,0.2688,4580.0,1,1,1,0,0
7633,0,0.1697,73,0,1.0193,7580.0,16,0,1,0,0
7634,0,0.0738,72,0,0.2029,4360.0,16,0,0,0,3
7635,0,0.5614,28,0,0.5082,3230.0,5,0,0,0,0
7636,0,0.259,47,0,0.274,3150.0,17,0,1,0,0
7637,0,0.5679,48,0,0.461,3250.0,15,0,0,0,3
7638,0,0.2641,54,1,0.8129,2450.0,7,0,1,1,0
7639,0,0.1466,55,0,0.1608,27510.0,18,0,0,0,1
7640,0,0.1706,66,0,0.4059,1520.0,10,0,0,0,1
7641,0,1.6272,49,0,0.1894,2730.0,9,0,1,0,0
7642,0,0.749,58,1,0.38,7030.0,11,1,2,0,0
7643,0,0.6738,69,1,0.1891,3270.0,19,0,1,0,2
7644,0,0.5096,26,0,0.4951,3980.0,13,0,1,0,0
7645,0,0.0636,55,0,0.3479,6230.0,10,0,1,0,2
7646,0,0.3613,40,0,0.7035,9130.0,13,0,0,0,1
7647,1,0.2447,69,0,0.9391,4170.0,14,0,1,0,0
7648,0,0.329,50,0,0.4522,8550.0,4,0,0,0,1
7649,1,0.1849,53,0,0.7681,1770.0,11,0,2,0,1
7650,0,0.7028,61,0,1.0299,3420.0,14,0,1,0,0
7651,0,0.4826,34,0,0.2584,6610.0,4,0,0,0,2
7652,0,0.3542,50,0,1.0629,16060.0,15,0,0,0,3
7653,0,0.1661,62,0,0.4395,2750.0,1,0,1,0,1
7654,0,0.2192,62,0,0.2498,2480.0,1,0,0,0,0
7655,0,0.3352,33,1,0.5374,6030.0,8,0,0,0,0
7656,0,0.001,66,0,0.4303,5070.0,12,0,1,0,3
7657,0,0.2485,29,0,0.1932,3190.0,3,0,1,0,0
7658,0,0.4725,35,1,0.2321,2370.0,8,0,0,0,0
7659,0,0.5697,67,0,1.2001,3610.0,4,0,0,0,0
7660,0,0.1886,54,0,0.5311,6720.0,17,0,1,0,2
7661,0,0.173,50,0,1.0932,4020.0,14,0,0,0,0
7662,0,1.3394,51,0,0.35,9920.0,18,0,1,0,0
7663,0,0.065,73,2,0.2778,4530.0,8,0,1,0,0
7664,0,0.2176,33,0,0.1637,7050.0,12,0,0,0,3
7665,0,0.2207,37,0,0.8031,5810.0,7,0,3,0,1
7666,0,0.3634,47,0,0.5749,3860.0,8,0,1,0,3
7667,0,0.3045,66,1,0.3519,8100.0,11,0,2,1,0
7668,0,0.3041,50,0,0.2793,2370.0,18,0,3,0,2
7669,0,0.1645,60,0,0.8835,3530.0,17,0,0,0,0
7670,1,0.4975,65,1,0.404,3830.0,6,0,0,0,0
7671,0,0.5688,69,0,0.4066,6180.0,6,0,1,0,4
7672,0,0.5489,45,0,0.3133,7180.0,10,0,0,0,0
7673,1,0.2167,45,0,0.3519,3010.0,15,0,0,0,0
7674,0,0.3171,25,0,0.625,2770.0,7,0,1,0,1
7675,0,0.0947,25,0,0.1921,5150.0,2,0,1,0,2
7676,0,0.3208,47,0,0.4716,1950.0,3,0,1,0,0
7677,0,0.3176,61,0,0.7972,9000.0,8,0,0,0,2
7678,0,0.2031,66,0,0.427,4300.0,17,0,1,0,1
7679,0,1.1782,43,0,0.8458,2440.0,14,0,1,0,2
7680,0,0.1057,51,0,1.0044,2410.0,5,0,0,0,3
7681,0,0.0177,64,0,0.7727,5930.0,12,0,0,0,1
7682,0,1.108,38,0,0.3255,5840.0,16,0,0,0,1
7683,0,0.6812,29,0,0.4399,3100.0,6,0,1,0,0
7684,0,0.0506,70,0,0.5529,4590.0,15,0,1,0,2
7685,0,0.1937,50,0,0.339,2500.0,13,0,0,0,4
7686,1,0.0622,29,0,0.3323,4210.0,13,0,3,0,0
7687,0,0.3058,34,0,0.3205,11910.0,3,0,1,0,0
7688,1,0.0578,38,2,2.0671,17650.0,3,1,0,1,1
7689,0,0.3391,31,0,0.3819,4330.0,9,0,1,0,0
7690,0,0.1293,44,0,0.8532,6370.0,8,0,0,0,0
7691,1,0.9282,64,0,0.2667,6220.0,6,0,0,0,3
7692,0,0.2127,60,0,1.2474,1750.0,18,0,1,0,0
7693,0,0.3441,70,0,0.358,2470.0,5,0,0,0,1
7694,0,0.1229,66,2,0.4638,1220.0,7,1,2,0,0
7695,0,0.221,37,0,0.1496,6430.0,1,0,1,0,0
7696,1,0.0178,24,0,0.8781,15790.0,1,0,0,0,0
7697,0,0.1154,29,0,0.9999,9320.0,7,0,0,0,2
7698,0,0.2938,63,0,0.2204,5050.0,14,0,1,0,0
7699,0,0.1009,39,0,0.9093,4640.0,12,0,0,0,0
7700,0,0.0596,59,0,0.2014,3980.0,14,0,0,0,1
7701,1,0.0119,45,1,0.6565,9280.0,15,1,0,1,4
7702,1,0.1721,69,0,0.378,5590.0,12,0,2,0,1
7703,1,0.7102,48,1,1.0018,5100.0,9,0,0,0,0
7704,0,0.4337,69,0,0.5218,2540.0,7,0,1,0,0
7705,0,1.1971,34,0,0.7857,7050.0,1,0,1,0,1
7706,0,0.4307,62,0,0.9443,4490.0,7,0,0,0,0
7707,0,0.1592,49,0,0.3773,6240.0,10,0,0,0,0
7708,0,0.6738,31,0,0.4416,8950.0,5,0,0,0,1
7709,1,0.4931,33,3,0.2307,1840.0,3,1,0,0,3
7710,0,0.2232,37,0,0.3753,4120.0,12,0,0,0,2
7711,1,1.7643,29,1,1.428,3770.0,10,0,0,0,0
7712,0,1.0688,71,0,0.7071,3580.0,19,0,1,0,3
7713,0,0.0438,32,0,0.2401,2510.0,16,0,0,0,0
7714,0,1.0977,53,0,1.1959,3180.0,15,0,0,0,0
7715,0,0.2865,51,0,0.5675,2540.0,10,0,1,0,0
7716,0,0.3526,50,0,0.7395,8060.0,13,0,0,0,1
7717,1,0.5012,54,1,0.6031,6160.0,17,1,0,0,0
7718,0,0.0605,70,0,0.578,5910.0,11,0,1,0,1
7719,0,0.2604,73,0,0.1355,1550.0,5,0,1,0,0
7720,0,0.0646,68,1,0.873,15820.0,14,0,0,0,2
7721,0,0.1977,45,0,0.1162,3850.0,3,0,0,0,1
7722,0,0.0352,60,0,0.8266,14000.0,10,0,1,0,3
7723,0,0.2167,31,0,0.477,7700.0,17,0,1,0,1
7724,0,0.0722,68,0,0.7418,4280.0,17,0,0,0,2
7725,0,0.2517,31,0,0.4941,16750.0,15,0,1,0,3
7726,0,0.3706,27,0,0.8405,6910.0,12,0,1,0,0
7727,0,0.9988,65,0,0.4537,4290.0,7,0,0,0,0
7728,0,0.3197,61,0,0.5318,3890.0,5,0,0,0,0
7729,0,0.3829,28,2,0.5728,9130.0,10,1,0,0,0
7730,0,0.0062,73,0,1.3871,3560.0,11,0,0,0,0
7731,0,0.3368,27,0,0.6441,3920.0,7,0,0,0,3
7732,0,0.1883,23,0,0.2039,3440.0,5,0,0,0,0
7733,0,0.3118,72,3,0.3203,3120.0,15,1,0,0,1
7734,0,0.0926,33,1,0.6433,3240.0,11,0,1,0,0
7735,0,0.1888,33,2,0.9568,14240.0,10,0,0,0,2
7736,0,0.7425,63,0,0.2913,9000.0,16,0,1,0,0
7737,0,0.3356,53,0,1.7228,5660.0,19,0,0,0,0
7738,0,0.581,49,0,0.4993,3540.0,14,0,1,0,2
7739,0,0.2453,74,0,0.5783,3530.0,15,0,0,0,0
7740,0,0.0489,25,0,0.2117,3940.0,6,0,0,0,2
7741,0,0.0002,70,0,0.8775,14380.0,17,0,2,0,1
7742,0,0.2401,35,0,0.3439,5850.0,14,0,0,0,0
7743,1,0.2911,54,0,0.2872,7700.0,11,0,0,0,0
7744,1,0.1328,38,1,0.3715,5540.0,3,1,0,0,1
7745,0,0.2774,36,0,1.0301,2890.0,10,0,2,0,3
7746,0,0.5363,38,0,0.5942,5230.0,13,0,0,0,0
7747,0,0.1979,51,0,0.2636,2580.0,4,0,1,0,0
7748,0,0.4369,68,0,0.3269,10070.0,6,0,1,0,0
7749,0,1.0898,27,0,1.0468,3140.0,15,0,2,0,4
7750,0,0.6171,56,0,0.3899,3490.0,12,0,2,0,1
7751,0,0.1721,67,0,0.6289,8010.0,5,0,0,0,0
7752,0,0.0911,60,0,0.7284,3230.0,17,0,0,0,0
7753,0,0.2819,73,1,0.0578,4310.0,17,0,2,0,0
7754,1,0.6977,21,1,0.9595,1010.0,3,0,0,0,1
7755,0,0.3884,40,0,0.2694,4050.0,2,0,1,0,0
7756,0,0.9444,44,0,0.3619,7020.0,14,0,0,0,0
7757,0,0.9999,49,0,1.1316,3380.0,2,0,0,0,0
7758,0,0.2331,38,0,1.0705,6870.0,13,0,0,0,1
7759,0,0.5357,34,0,0.6039,4870.0,11,0,3,0,0
7760,1,0.236,67,0,0.6956,9440.0,15,0,0,0,4
7761,0,0.0007,33,0,0.808,3160.0,1,0,0,0,3
7762,1,1.8,72,0,1.0598,4250.0,19,0,1,0,0
7763,0,0.3174,23,0,1.1439,2030.0,2,0,0,0,0
7764,1,0.2289,43,0,0.4793,4650.0,10,0,0,0,0
7765,1,0.0318,53,0,0.2887,3820.0,16,0,0,0,1
7766,0,0.1044,73,0,0.3855,8740.0,3,0,0,0,1
7767,0,0.1129,62,0,0.485,3380.0,15,0,2,0,2
7768,0,0.4308,21,0,0.4352,3810.0,14,0,0,0,1
7769,0,0.7427,61,0,0.2448,3280.0,17,0,0,0,0
7770,0,0.0265,38,0,0.584,5000.0,11,0,0,0,0
7771,0,0.3549,67,0,0.1754,16210.0,6,0,1,0,3
7772,0,0.0335,62,0,0.4729,600.0,16,0,1,0,0
7773,0,0.143,31,2,0.4915,4780.0,3,1,0,0,0
7774,0,1.8,40,1,0.4815,9940.0,16,0,0,0,0
7775,1,0.3495,65,0,0.7488,3610.0,4,0,1,0,2
7776,0,0.2458,70,0,0.6915,6740.0,14,0,3,0,4
7777,0,0.768,53,0,1.7051,9960.0,1,0,0,0,0
7778,1,0.4263,32,2,0.3294,4160.0,8,0,0,0,0
7779,0,0.1022,42,0,0.5313,3320.0,17,0,2,0,2
7780,0,0.2901,63,0,0.5113,8610.0,10,0,0,0,1
7781,0,0.2996,53,0,0.497,6620.0,1,0,1,0,0
7782,1,0.3031,31,0,0.2104,4730.0,18,0,0,0,1
7783,0,0.1429,36,0,0.2209,7090.0,12,0,2,0,0
7784,0,0.3786,31,0,0.4511,8740.0,9,0,0,0,1
7785,0,0.1983,46,0,0.1746,4760.0,17,0,1,0,0
7786,0,0.8762,45,0,0.3677,5900.0,12,0,0,0,1
7787,0,0.1102,50,0,0.3047,6720.0,12,0,0,0,0
7788,0,0.3906,72,0,0.3758,3730.0,13,0,0,0,0
7789,0,0.3725,56,0,0.8864,10020.0,4,0,1,0,0
7790,0,0.1632,52,0,0.2353,2650.0,3,0,0,0,4
7791,0,0.0728,40,0,0.7572,4540.0,12,0,0,0,0
7792,0,0.0317,55,0,0.3189,7790.0,15,0,0,0,0
7793,0,0.3567,72,0,0.3437,2610.0,19,0,0,0,0
7794,1,0.1906,21,0,0.5941,8290.0,1,0,0,0,0
7795,0,0.2215,39,0,0.3812,5510.0,2,0,0,0,1
7796,0,0.1754,24,0,0.263,10880.0,19,0,1,0,0
7797,1,0.0484,32,0,0.3598,7100.0,4,0,0,0,0
7798,0,0.2133,24,0,0.1547,4460.0,11,0,1,0,4
7799,0,0.0053,52,0,0.5648,5650.0,9,0,1,0,2
7800,0,0.1607,65,0,0.0699,5770.0,4,0,0,0,0
7801,0,0.2548,71,0,0.7655,16550.0,15,0,0,0,1
7802,0,0.8288,33,1,0.65,5170.0,15,0,1,0,0
7803,0,0.0482,58,0,1.1745,4520.0,6,0,3,0,1
7804,0,0.3156,38,0,1.664,4370.0,17,0,1,0,3
7805,0,0.1525,38,0,0.7878,5500.0,12,0,1,0,2
7806,0,0.5707,53,0,0.3084,2490.0,4,0,0,0,0
7807,0,0.0938,57,0,1.6546,3910.0,6,0,0,0,0
7808,0,0.184,52,0,0.2195,2680.0,1,0,0,0,0
7809,1,0.437,26,2,0.1435,2900.0,11,1,0,1,0
7810,0,0.1439,43,0,1.3654,7960.0,10,0,0,0,0
7811,1,0.554,36,1,0.6446,4990.0,4,0,0,0,4
7812,0,0.0234,21,0,0.1458,3150.0,13,0,1,0,0
7813,0,0.0987,23,1,0.1992,4490.0,6,0,2,0,0
7814,0,0.0085,45,0,0.6255,4240.0,4,0,0,0,0
7815,0,0.4573,26,0,0.2666,5070.0,4,0,0,0,0
7816,0,0.1809,60,0,0.2906,1990.0,11,0,0,0,0
7817,0,0.3048,24,0,1.4621,2550.0,18,0,0,0,0
7818,1,0.0313,33,0,1.6305,2070.0,11,0,0,0,1
7819,0,0.2956,74,0,0.4907,2860.0,12,0,0,0,0
7820,0,0.1107,59,0,0.4105,3190.0,17,0,2,0,1
7821,0,0.369,51,0,0.7722,2640.0,13,0,2,0,0
7822,0,0.1217,21,0,0.3208,7770.0,16,0,1,0,0
7823,0,0.1678,23,0,0.1179,14820.0,11,0,0,0,0
7824,0,0.1803,70,0,0.0857,8070.0,3,0,0,0,2
7825,0,1.8,64,0,0.4299,3500.0,13,0,0,0,0
7826,0,0.691,72,0,0.7627,5580.0,14,0,1,0,0
7827,0,0.0065,64,0,0.4537,4720.0,9,0,1,0,0
7828,0,0.143,21,0,0.7305,3410.0,10,0,1,0,0
7829,0,0.7598,64,0,0.7756,10880.0,2,0,1,0,0
7830,1,0.3009,45,0,1.0321,16390.0,9,0,0,0,1
7831,0,0.4484,58,0,0.5025,2030.0,18,0,1,0,0
7832,0,0.0861,43,0,0.5302,11660.0,4,0,0,0,0
7833,0,0.0325,59,1,0.4395,3450.0,13,0,1,0,0
7834,0,0.1024,66,0,0.3848,4200.0,15,0,0,0,1
7835,0,1.1113,73,0,0.175,5820.0,14,0,1,0,2
7836,0,0.287,50,1,0.9077,12440.0,17,0,2,0,0
7837,0,0.1891,36,1,0.3569,5820.0,4,0,0,0,0
7838,0,0.3483,54,0,0.3449,6290.0,4,0,1,0,1
7839,0,0.3961,47,0,0.3247,8200.0,7,0,0,0,0
7840,0,0.3982,31,0,0.201,9020.0,1,0,1,0,2
7841,0,0.1439,60,1,0.4268,6680.0,1,0,0,0,0
7842,0,1.7261,25,0,0.6125,9050.0,12,0,0,0,0
7843,0,0.0878,42,0,0.2943,3430.0,6,0,1,0,4
7844,0,0.7292,58,0,0.8374,1740.0,19,0,0,0,1
7845,0,0.193,70,0,0.3602,14690.0,17,0,0,0,0
7846,0,0.3033,54,0,0.1791,2640.0,13,0,0,0,1
7847,1,0.3442,73,2,1.0245,3570.0,16,1,0,0,0
7848,0,0.0619,65,0,0.5061,4030.0,5,0,0,0,0
7849,0,0.1146,33,0,0.7543,3630.0,14,0,1,0,2
7850,0,0.3742,66,0,0.765,3180.0,17,0,0,0,0
7851,0,0.594,39,0,0.2547,6490.0,4,0,0,0,0
7852,0,0.308,55,0,0.3285,6530.0,11,0,0,0,0
7853,0,0.8498,31,0,0.8357,7130.0,19,0,0,0,2
7854,1,0.2086,50,0,1.3514,6870.0,10,0,0,0,0
7855,0,0.163,57,0,0.4667,3830.0,16,0,0,0,1
7856,0,0.6133,70,0,0.3084,3820.0,2,0,1,0,0
7857,0,0.0149,71,0,1.2329,9620.0,7,0,0,0,1
7858,0,0.5902,64,0,0.3085,3590.0,2,0,0,0,0
7859,0,0.1027,51,0,0.5474,3550.0,14,0,2,0,3
7860,0,0.3383,68,0,0.3476,8580.0,12,0,2,0,3
7861,0,0.0058,26,0,0.5281,4860.0,4,0,2,0,0
7862,0,0.1377,74,1,0.2548,3630.0,16,0,1,0,2
7863,0,1.0024,32,0,0.3589,3650.0,11,0,0,0,0
7864,0,0.419,42,0,0.3084,9650.0,15,0,0,0,0
7865,0,0.1169,70,1,0.6685,6990.0,14,0,0,0,1
7866,1,0.0694,59,2,0.4956,5660.0,18,0,0,0,0
7867,0,0.179,66,1,0.7619,2440.0,5,0,0,0,1
7868,1,0.0832,58,0,0.2738,5680.0,10,0,0,0,0
7869,0,0.7544,53,0,0.3965,4330.0,4,0,0,0,1
7870,0,0.363,30,0,0.6538,2840.0,12,0,2,0,0
7871,0,0.3562,74,0,0.7522,3430.0,7,0,0,0,0
7872,0,0.8012,55,0,0.1887,7460.0,12,0,0,0,1
7873,0,0.3486,57,1,0.5437,10360.0,2,0,0,0,1
7874,1,1.7657,44,0,0.2758,2610.0,8,0,1,0,0
7875,0,0.1553,72,1,0.7754,2810.0,9,1,0,0,1
7876,1,0.3311,45,4,1.372,7450.0,1,1,0,0,4
7877,0,0.0946,31,0,0.0937,3840.0,3,0,0,0,0
7878,0,0.2742,30,0,0.3031,6850.0,16,0,2,0,0
7879,0,0.1977,58,2,0.5264,3810.0,10,1,0,0,0
7880,0,0.069,61,0,0.4483,6950.0,2,0,0,0,0
7881,0,0.11,32,0,0.7896,2160.0,3,0,1,0,0
7882,0,0.1551,58,0,0.4712,6830.0,19,0,0,0,0
7883,0,0.2491,74,0,0.327,1390.0,4,0,1,0,0
7884,0,0.4231,49,0,0.2436,8560.0,17,0,0,0,0
7885,0,0.1462,73,0,0.2202,4820.0,5,0,1,0,2
7886,0,0.0899,29,1,0.2878,6400.0,2,0,0,0,0
7887,0,0.6926,42,0,0.3201,5670.0,16,0,2,0,0
7888,0,0.9728,51,0,0.5657,1770.0,3,0,0,0,1
7889,1,0.2124,40,0,0.409,11160.0,16,0,0,0,4
7890,0,0.2118,26,2,0.3041,6010.0,15,0,0,1,0
7891,0,0.0217,45,0,0.2452,7740.0,19,0,1,0,3
7892,0,0.1114,39,0,0.2948,3040.0,11,0,1,0,2
7893,0,0.1,32,0,0.3203,5680.0,18,0,0,0,0
7894,0,0.2932,41,1,0.2868,2240.0,13,0,2,0,2
7895,0,0.0479,43,0,0.6729,5380.0,1,0,3,0,3
7896,0,0.1406,68,1,1.021,2800.0,6,1,0,1,3
7897,0,0.4505,47,0,0.2219,99150.0,1,0,0,0,0
7898,0,0.3936,43,2,0.8795,7070.0,17,1,0,0,3
7899,0,0.1247,42,0,0.6811,10920.0,8,0,1,0,1
7900,0,0.0499,53,0,0.5005,4230.0,11,0,0,0,0
7901,0,0.1357,35,0,1.123,6240.0,16,0,0,0,0
7902,0,0.249,68,0,0.4057,8460.0,11,0,0,0,0
7903,1,0.2704,43,1,0.5719,2580.0,18,0,2,0,1
7904,0,0.0338,43,0,0.484,3280.0,19,0,0,0,2
7905,0,0.1625,24,1,0.4628,8810.0,4,1,0,0,0
7906,0,0.652,68,0,0.5918,4310.0,15,0,2,0,0
7907,0,1.0141,46,1,0.462,3140.0,4,1,1,0,1
7908,0,1.0392,28,0,0.5943,3370.0,14,0,1,0,0
7909,1,0.0301,30,2,0.3006,2360.0,11,1,0,1,1
7910,0,0.9214,40,0,0.3063,1520.0,17,0,2,0,0
7911,0,0.5567,63,0,0.2998,1780.0,4,0,1,0,0
7912,0,0.3647,26,0,0.361,5050.0,19,0,0,0,0
7913,0,0.2311,27,0,0.8253,7350.0,10,0,0,0,0
7914,0,0.0965,51,0,0.3405,22280.0,16,0,1,0,0
7915,0,0.3124,47,1,0.6646,4790.0,16,0,0,0,0
7916,0,0.0439,72,1,0.5269,2280.0,16,0,0,0,0
7917,0,0.0221,61,0,0.3448,4830.0,5,0,1,0,3
7918,0,0.8805,56,0,0.9856,7490.0,4,0,1,0,1
7919,0,0.0978,39,0,0.6988,9120.0,2,0,0,0,0
7920,0,0.8144,54,0,0.4498,8600.0,17,0,0,0,1
7921,0,0.0626,52,0,0.428,6930.0,12,0,0,0,2
7922,0,0.1051,36,0,0.4753,5200.0,17,0,1,0,2
7923,0,0.0727,41,0,0.1795,7650.0,7,0,0,0,4
7924,0,0.1901,71,0,0.2739,2410.0,12,0,1,0,1
7925,0,0.6806,50,0,0.593,1470.0,2,0,2,0,0
7926,0,0.8237,46,0,0.1738,17260.0,13,0,0,0,1
7927,1,0.234,64,2,0.2869,4780.0,18,1,1,0,0
7928,1,0.3879,35,0,0.355,6770.0,12,0,0,0,1
7929,1,0.0356,32,1,2.5656,920.0,17,0,0,1,0
7930,0,0.0325,74,0,0.6732,12420.0,11,0,0,0,1
7931,0,0.5813,64,0,0.868,9830.0,9,0,1,0,0
7932,0,0.1822,43,0,0.2772,1920.0,4,0,0,0,0
7933,0,0.4962,72,0,0.5584,4060.0,5,0,1,0,2
7934,0,0.1891,41,1,0.1563,5770.0,13,0,1,1,2
7935,0,0.2703,57,0,0.3685,2300.0,8,0,0,0,1
7936,0,0.3402,22,1,0.6085,6590.0,8,0,1,0,2
7937,0,0.2142,58,0,0.1919,9200.0,11,0,1,0,2
7938,0,0.1762,30,0,0.5689,5970.0,11,0,3,0,0
7939,0,0.175,34,0,0.5979,1920.0,16,0,1,0,1
7940,0,0.0514,64,0,0.313,2640.0,18,0,1,0,4
7941,0,0.4236,32,0,0.2723,4560.0,3,0,0,0,0
7942,0,0.0578,47,0,0.2925,4230.0,3,0,0,0,1
7943,0,0.0819,70,0,0.3649,4280.0,16,0,0,0,0
7944,0,0.1904,72,0,0.3716,4190.0,19,0,1,0,0
7945,0,0.1925,44,0,0.61,1670.0,11,0,1,0,0
7946,0,0.1677,25,0,0.3261,7970.0,11,0,0,0,0
7947,0,0.6098,36,0,1.175,7160.0,14,0,0,0,2
7948,0,0.1244,54,0,1.1699,6720.0,19,0,0,0,0
7949,0,0.7306,39,0,0.5177,6360.0,7,0,0,0,0
7950,0,0.3109,59,0,0.3654,4140.0,4,0,1,0,4
7951,0,0.2851,74,0,0.3263,3410.0,16,0,0,0,0
7952,0,0.3321,54,0,0.5434,2670.0,2,0,0,0,2
7953,0,0.0823,54,0,0.6035,12400.0,2,0,0,0,4
7954,1,0.3221,49,0,0.3983,4850.0,12,0,2,0,2
7955,0,0.5771,31,0,0.3549,1810.0,7,0,0,0,2
7956,0,0.3954,52,0,0.5552,4830.0,11,0,2,0,4
7957,1,0.0335,71,2,0.4683,1410.0,10,0,0,0,0
7958,0,0.1667,58,0,0.3188,5700.0,14,0,0,0,3
7959,0,0.0095,61,2,0.4809,5360.0,4,0,0,1,0
7960,0,0.1565,67,0,0.3125,3550.0,12,0,0,0,0
7961,0,0.0544,41,0,0.2862,2800.0,15,0,0,0,2
7962,0,0.2155,39,0,0.448,6890.0,10,0,2,0,0
7963,0,0.0113,73,0,0.3183,4680.0,6,0,2,0,0
7964,0,0.9549,45,0,0.2894,1530.0,18,0,1,0,0
7965,0,0.1372,60,0,0.8415,10120.0,3,0,0,0,0
7966,0,0.5047,55,2,0.3551,2800.0,7,0,0,0,0
7967,1,0.087,27,0,1.358,2230.0,11,0,0,0,0
7968,1,0.445,37,0,0.6544,11110.0,6,0,2,0,2
7969,0,0.1503,38,0,0.2746,9280.0,13,0,1,0,2
7970,0,0.3356,30,0,0.9011,3820.0,16,0,0,0,0
7971,0,0.9598,63,0,0.2923,2320.0,11,0,0,0,0
7972,1,0.3814,73,1,1.4682,2850.0,7,1,1,0,3
7973,0,0.0499,73,0,0.5146,3780.0,12,0,0,0,0
7974,0,0.7851,31,0,0.6222,10200.0,11,0,0,0,0
7975,0,0.4631,45,0,0.4578,10690.0,16,0,0,0,0
7976,0,0.6866,33,0,0.527,5430.0,12,0,2,0,0
7977,0,0.7963,24,0,0.3916,7260.0,1,0,0,0,0
7978,0,0.1061,54,0,0.2578,4330.0,6,0,0,0,2
7979,0,0.1397,67,0,0.5509,2910.0,7,0,3,0,0
7980,0,0.5025,25,0,0.831,2000.0,7,0,2,0,0
7981,0,0.0202,55,0,0.2199,5970.0,17,0,0,0,0
7982,0,0.1326,22,0,1.1323,8440.0,1,0,2,0,0
7983,0,0.1513,66,0,0.6445,3620.0,15,0,0,0,0
7984,1,0.7049,24,4,0.3457,10020.0,6,1,1,0,0
7985,0,0.997,44,0,0.342,3900.0,11,0,1,0,1
7986,0,0.0556,27,0,1.3751,5170.0,7,0,1,0,0
7987,1,0.2408,43,1,0.7892,4300.0,2,0,0,1,0
7988,0,0.4593,44,0,0.8905,10320.0,1,0,0,0,3
7989,0,0.1463,50,1,0.3865,6610.0,8,0,1,0,4
7990,0,0.2659,65,0,0.6271,4750.0,16,0,0,0,1
7991,0,0.0911,74,0,0.5541,5150.0,7,0,0,0,0
7992,0,0.5091,39,0,0.4046,2410.0,17,0,1,0,3
7993,0,0.4971,70,0,0.4798,1290.0,18,0,1,0,0
7994,0,0.197,44,1,0.8746,3570.0,4,0,0,0,0
7995,0,0.1506,27,0,1.1732,4370.0,16,0,0,0,1
7996,0,0.1081,53,0,0.3864,6760.0,12,0,0,0,1
7997,1,0.026,60,1,0.2044,4460.0,11,1,1,0,0
7998,0,0.2838,37,0,1.2046,3710.0,9,0,1,0,0
7999,0,0.7277,52,0,1.2137,840.0,19,0,0,0,4
8000,0,0.0454,44,0,0.5713,6740.0,3,0,1,0,0
8001,0,0.1846,28,0,1.3173,5580.0,1,0,0,0,1
8002,0,0.7466,41,0,0.5469,8010.0,1,0,2,0,0
8003,0,0.5889,44,1,0.2604,5000.0,17,0,1,0,1
8004,1,0.4538,39,0,0.2045,9780.0,13,0,1,0,0
8005,0,0.0056,70,2,0.2033,3530.0,10,1,0,0,0
8006,0,0.3933,41,0,0.4506,4800.0,2,0,3,0,0
8007,0,0.124,54,0,0.3397,5680.0,3,0,0,0,1
8008,0,0.5016,21,0,0.3175,7300.0,17,0,0,0,0
8009,0,0.0882,37,0,0.4214,6310.0,17,0,0,0,0
8010,0,0.0011,68,0,0.7519,6550.0,16,0,0,0,0
8011,0,0.2455,69,0,0.3236,5770.0,17,0,1,0,0
8012,0,0.1192,73,1,0.2925,4380.0,14,0,1,1,0
8013,0,0.3081,24,0,0.3367,8440.0,15,0,0,0,2
8014,0,0.1142,67,0,0.7808,1800.0,17,0,2,0,2
8015,0,0.5236,35,0,0.4308,3370.0,9,0,0,0,0
8016,0,0.2417,21,0,0.5315,12770.0,3,0,1,0,1
8017,0,0.1024,25,0,1.1409,3280.0,3,0,1,0,0
8018,0,0.442,61,0,2.4743,4690.0,12,0,1,0,0
8019,1,0.8336,52,2,0.6598,11300.0,4,1,1,0,1
8020,0,0.7973,51,0,0.6218,4560.0,4,0,0,0,1
8021,0,1.3323,68,1,0.2208,2980.0,17,0,0,0,2
8022,0,0.4127,26,0,0.5605,10090.0,10,0,0,0,0
8023,1,0.3317,25,1,0.4664,4130.0,9,0,0,0,0
8024,0,0.0275,71,2,0.7675,4300.0,7,0,0,0,3
8025,0,0.0886,53,0,0.3552,1500.0,6,0,0,0,3
8026,0,0.127,62,1,0.5068,4550.0,3,1,1,0,0
8027,0,0.2697,49,0,0.6461,7400.0,18,0,0,0,0
8028,1,0.6044,28,0,1.4037,3800.0,14,0,1,0,1
8029,0,0.213,49,0,1.1483,2280.0,17,0,1,0,0
8030,0,0.1005,73,0,0.9604,3680.0,6,0,0,0,2
8031,0,0.1746,27,0,0.6951,3400.0,3,0,1,0,0
8032,0,0.0127,27,0,0.3469,4220.0,3,0,0,0,0
8033,0,0.1065,39,0,0.6948,3600.0,19,0,2,0,0
8034,0,0.015,45,1,0.2827,13340.0,17,0,0,0,1
8035,0,0.2553,54,0,0.397,5890.0,18,0,0,0,1
8036,0,0.9175,29,0,1.3061,1730.0,3,0,0,0,3
8037,0,0.1908,71,0,0.6205,5130.0,8,0,1,0,0
8038,0,0.4913,29,0,0.5149,4800.0,4,0,0,0,0
8039,1,0.4078,31,1,0.5562,10060.0,12,1,0,1,3
8040,0,0.3387,73,0,0.4247,4480.0,1,0,1,0,1
8041,0,0.6292,41,0,0.1233,4400.0,8,0,2,0,3
8042,0,0.2957,51,2,0.2104,15030.0,10,0,0,0,2
8043,0,0.3414,44,0,0.6507,2590.0,6,0,0,0,0
8044,0,0.1456,34,0,0.2586,7930.0,16,0,0,0,0
8045,0,0.4754,48,0,0.4212,5110.0,2,0,1,0,0
8046,0,0.0747,62,0,0.2151,3640.0,17,0,0,0,1
8047,1,0.4376,21,1,0.2919,3330.0,1,0,1,0,1
8048,0,1.346,68,0,0.4482,11100.0,15,0,0,0,0
8049,0,0.1056,30,0,0.7822,6500.0,13,0,0,0,1
8050,0,0.4744,70,0,0.8821,7050.0,9,0,0,0,0
8051,0,0.4932,72,0,0.2892,8380.0,1,0,0,0,0
8052,1,0.0262,71,0,0.5401,6030.0,17,0,1,0,0
8053,0,0.3922,56,0,0.191,2600.0,18,0,1,0,0
8054,0,0.251,69,0,0.4648,1910.0,15,0,1,0,0
8055,0,0.2217,67,0,0.7961,12380.0,19,0,0,0,1
8056,0,0.7297,55,0,0.4316,5570.0,17,0,0,0,3
8057,0,0.135,69,0,0.9895,5150.0,16,0,1,0,3
8058,0,1.3483,39,0,0.7424,14510.0,5,0,1,0,0
8059,1,0.2492,66,1,0.5193,2600.0,16,0,1,1,2
8060,0,0.028,70,0,0.3868,1080.0,12,0,0,0,0
8061,0,0.0334,55,2,0.3261,1660.0,2,0,0,0,1
8062,0,0.6034,27,0,0.1873,3570.0,1,0,1,0,1
8063,0,0.5083,32,0,0.2066,5270.0,5,0,0,0,0
8064,0,0.4209,30,0,0.8162,11330.0,10,0,0,0,0
8065,0,0.0319,49,0,1.1143,8150.0,19,0,1,0,0
8066,0,0.3533,44,0,0.2349,1060.0,17,0,0,0,0
8067,1,1.8,65,1,0.4681,26380.0,19,1,0,0,2
8068,0,0.5023,36,1,0.1747,3840.0,15,0,0,0,4
8069,0,0.1005,29,0,0.2501,10270.0,3,0,1,0,0
8070,0,0.5236,54,0,0.5251,6820.0,15,0,0,0,2
8071,0,0.0249,28,0,0.3292,4930.0,8,0,1,0,2
8072,1,0.1279,69,0,0.1423,4260.0,7,0,0,0,0
8073,0,0.8346,25,0,1.2603,2520.0,11,0,1,0,1
8074,0,0.5417,47,0,0.4363,2270.0,8,0,0,0,0
8075,0,0.5257,72,0,0.2316,4450.0,12,0,1,0,0
8076,0,0.3696,50,0,0.4852,2140.0,19,0,0,0,1
8077,0,0.7097,64,0,0.428,13210.0,7,0,1,0,0
8078,0,0.1202,43,0,0.5787,5210.0,6,0,0,0,2
8079,0,0.9668,61,0,0.3664,17250.0,19,0,1,0,3
8080,0,0.5435,59,0,0.5426,3780.0,2,0,0,0,0
8081,1,0.0309,48,0,0.7915,3450.0,17,0,0,0,0
8082,0,0.587,26,2,0.2037,7010.0,8,0,1,0,0
8083,0,0.2928,73,0,0.2964,4210.0,19,0,0,0,0
8084,0,0.2865,23,0,0.7435,8810.0,15,0,0,0,0
8085,0,0.5962,40,0,0.3228,11650.0,3,0,1,0,1
8086,0,0.1556,55,0,0.4278,9500.0,10,0,1,0,0
8087,0,0.0277,62,0,0.3388,11140.0,6,0,0,0,0
8088,0,1.134,49,0,0.3518,8030.0,1,0,0,0,1
8089,0,1.1339,42,0,0.3343,3540.0,12,0,0,0,0
8090,0,0.5226,42,1,0.2111,9740.0,13,0,0,0,1
8091,0,0.5402,73,0,0.5919,7470.0,16,0,0,0,2
8092,0,0.5659,39,0,0.8499,3390.0,14,0,0,0,0
8093,0,1.724,67,0,0.4042,3660.0,12,0,3,0,1
8094,0,0.0315,23,0,0.7943,4650.0,12,0,3,0,3
8095,0,0.0181,56,0,0.3347,9570.0,12,0,1,0,0
8096,0,0.1114,57,0,0.323,5270.0,4,0,0,0,1
8097,0,0.3162,57,0,0.5749,4900.0,13,0,2,0,0
8098,0,0.5033,43,0,0.5807,4470.0,4,0,1,0,0
8099,0,0.2575,58,0,0.4199,3980.0,11,0,0,0,1
8100,0,0.3915,45,3,0.6743,2440.0,8,1,0,0,2
8101,0,0.2093,53,0,0.2076,7920.0,17,0,1,0,3
8102,0,0.225,69,0,0.3744,2670.0,7,0,2,0,2
8103,0,0.1609,57,0,0.8016,5120.0,1,0,0,0,2
8104,0,0.3261,60,0,0.8003,3850.0,2,0,0,0,0
8105,0,0.0466,73,0,0.742,7780.0,4,0,1,0,1
8106,0,0.0295,32,0,0.829,4000.0,17,0,0,0,1
8107,0,0.2428,52,0,0.3593,2690.0,15,0,0,0,0
8108,0,0.1531,56,0,0.1615,8900.0,18,0,1,0,0
8109,0,0.1545,58,0,0.3847,2990.0,14,0,0,0,0
8110,0,0.8112,28,0,0.6581,5390.0,3,0,0,0,1
8111,0,1.8,62,0,0.7259,10550.0,1,0,0,0,0
8112,0,0.3363,31,0,0.3277,3170.0,11,0,0,0,3
8113,0,0.0608,43,0,0.2514,4620.0,11,0,0,0,0
8114,0,0.5364,59,0,0.2668,3790.0,9,0,1,0,1
8115,0,0.2867,35,0,0.3243,5320.0,12,0,2,0,0
8116,0,0.4974,27,0,0.144,4720.0,8,0,1,0,2
8117,0,0.352,57,1,0.3275,8540.0,5,0,0,0,0
8118,0,0.0409,36,0,0.4624,3390.0,12,0,0,0,0
8119,0,0.3713,65,3,0.4237,10560.0,8,0,0,0,0
8120,0,0.362,69,0,0.3686,12870.0,9,0,1,0,0
8121,0,1.2688,39,0,0.2971,5730.0,16,0,0,0,0
8122,1,0.8383,60,0,0.3186,3060.0,9,0,0,0,0
8123,1,1.5225,33,1,0.322,4800.0,18,0,0,0,0
8124,0,0.9988,71,0,0.6861,4560.0,3,0,1,0,0
8125,0,0.0428,34,1,0.4491,14230.0,13,0,0,0,0
8126,0,0.0231,68,0,3.0045,4620.0,14,0,0,0,1
8127,0,0.7316,63,0,0.3681,11270.0,2,0,1,0,0
8128,0,0.5329,37,0,0.5843,5250.0,12,0,1,0,0
8129,0,0.0339,65,0,0.3731,5050.0,14,0,0,0,2
8130,0,0.0499,55,4,0.3677,3970.0,2,1,1,1,4
8131,1,0.4427,57,1,1.1473,4200.0,16,1,1,1,0
8132,0,0.2082,41,0,0.8175,8380.0,8,0,0,0,0
8133,0,0.4764,33,0,0.1568,3170.0,13,0,1,0,0
8134,0,0.1501,58,0,0.2433,8740.0,5,0,0,0,0
8135,0,0.1007,23,0,0.4141,11670.0,3,0,1,0,0
8136,0,1.1454,39,0,0.3295,3450.0,8,0,0,0,1
8137,0,0.1389,28,1,0.1818,10150.0,3,0,0,1,0
8138,0,0.8391,21,0,0.4817,9220.0,3,0,1,0,0
8139,0,0.1356,21,1,0.1456,8280.0,11,0,1,0,0
8140,0,0.0011,26,3,0.4848,3360.0,12,1,0,1,1
8141,0,0.0046,71,0,0.6963,4570.0,18,0,2,0,2
8142,0,0.2467,62,0,0.7585,4570.0,12,0,0,0,0
8143,0,0.4214,74,0,0.4121,17230.0,11,0,0,0,1
8144,0,0.0367,25,0,1.1124,4890.0,12,0,0,0,0
8145,0,0.1666,74,0,0.5482,4400.0,19,0,0,0,0
8146,0,0.1956,53,0,0.7464,2470.0,7,0,1,0,0
8147,0,0.1923,63,0,0.2889,2740.0,14,0,0,0,0
8148,1,0.5481,67,1,1.1196,3260.0,14,1,0,1,3
8149,0,0.1716,35,0,0.4485,6100.0,4,0,1,0,1
8150,0,0.3085,61,0,1.1573,2090.0,17,0,0,0,1
8151,1,0.2829,55,3,1.015,3300.0,8,1,1,0,0
8152,0,0.1702,43,0,0.5244,1610.0,8,0,0,0,2
8153,0,0.0469,47,0,0.5732,11400.0,5,0,1,0,0
8154,0,0.1213,32,0,0.4033,5240.0,9,0,0,0,0
8155,0,0.0013,30,0,0.2749,5920.0,12,0,2,0,2
8156,0,0.2035,70,0,0.6422,2560.0,18,0,0,0,1
8157,0,0.4006,60,0,0.6228,9870.0,6,0,0,0,1
8158,0,0.3361,51,0,0.1701,12110.0,12,0,0,0,4
8159,0,0.7338,58,0,0.4276,5120.0,17,0,0,0,0
8160,0,0.2884,42,0,0.7564,3690.0,10,0,0,0,0
8161,0,0.1016,34,0,1.0827,6850.0,4,0,0,0,0
8162,0,0.0921,71,2,0.6943,7640.0,15,0,0,0,0
8163,0,0.4569,74,0,0.1808,8280.0,11,0,0,0,2
8164,0,0.0412,32,0,0.2387,7320.0,6,0,1,0,0
8165,0,0.037,64,0,0.3651,8760.0,17,0,2,0,0
8166,0,1.1172,44,0,1.0401,3240.0,1,0,0,0,2
8167,0,0.2359,59,1,0.3122,8490.0,19,0,0,0,3
8168,1,0.2229,26,1,0.848,3740.0,14,1,1,0,2
8169,0,0.3549,46,0,0.3092,1090.0,13,0,1,0,0
8170,0,0.8125,27,0,0.6185,3720.0,13,0,0,0,0
8171,0,0.6321,64,0,0.2556,3530.0,19,0,0,0,2
8172,0,0.2337,42,0,0.4,5680.0,9,0,0,0,1
8173,0,0.4642,35,0,0.2279,8130.0,19,0,0,0,0
8174,0,0.2367,58,0,1.0681,5520.0,1,0,1,0,3
8175,0,0.7898,72,0,0.2961,16400.0,18,0,0,0,1
8176,0,0.3917,39,0,0.1776,3590.0,18,0,0,0,1
8177,0,0.3238,59,0,0.1693,1490.0,6,0,2,0,0
8178,0,0.3387,58,0,0.4269,5810.0,14,0,0,0,0
8179,0,0.0469,47,0,0.3414,3540.0,8,0,3,0,1
8180,0,0.8127,64,0,0.6631,2560.0,8,0,0,0,0
8181,0,1.0607,27,0,0.3902,4110.0,10,0,1,0,0
8182,1,0.0705,68,3,0.9045,3070.0,4,1,0,1,0
8183,0,0.0182,42,0,0.3566,3260.0,5,0,2,0,2
8184,0,0.1903,23,1,0.8318,12250.0,11,0,0,0,3
8185,0,0.17,74,0,0.2537,5300.0,19,0,0,0,0
8186,0,0.3234,62,0,0.1823,4190.0,1,0,1,0,0
8187,0,0.0739,65,0,0.2742,12820.0,9,0,0,0,1
8188,0,0.1393,28,0,0.2283,4120.0,9,0,2,0,1
8189,0,0.2452,61,1,0.2134,2350.0,15,0,0,0,0
8190,0,0.0358,58,0,0.5759,2220.0,19,0,0,0,0
8191,0,0.071,69,0,0.3834,4680.0,11,0,0,0,4
8192,1,0.4907,41,1,0.4892,1830.0,15,1,0,0,0
8193,0,0.041,71,0,0.6166,2430.0,3,0,1,0,2
8194,0,1.0762,59,0,0.1634,3910.0,19,0,2,0,0
8195,0,0.3833,34,0,0.6325,9690.0,19,0,2,0,0
8196,0,0.6962,32,1,0.218,10670.0,8,0,2,1,2
8197,0,0.0671,69,0,0.3179,7300.0,14,0,0,0,4
8198,0,0.1424,55,2,0.1444,4900.0,2,1,1,0,2
8199,0,0.5851,27,0,0.6655,3490.0,12,0,0,0,1
8200,0,0.2098,27,0,0.1631,6200.0,19,0,1,0,1
8201,0,1.4134,65,0,0.2187,14320.0,3,0,2,0,0
8202,1,0.465,30,1,0.2284,5350.0,17,1,0,0,0
8203,1,1.5702,32,0,0.4159,3720.0,19,0,0,0,2
8204,0,0.0968,54,0,0.4084,4470.0,11,0,0,0,1
8205,0,0.9553,67,0,0.7314,4190.0,15,0,2,0,0
8206,0,0.0542,39,0,0.422,6830.0,5,0,2,0,1
8207,0,0.6284,56,0,0.8021,3110.0,9,0,1,0,0
8208,0,0.3016,59,0,0.5642,6270.0,15,0,1,0,3
8209,0,0.0094,53,1,0.2548,6910.0,9,0,2,0,0
8210,0,0.0053,57,0,0.3011,6040.0,1,0,3,0,0
8211,0,0.4378,33,0,1.1122,2560.0,16,0,0,0,0
8212,0,0.0831,54,0,0.9384,4490.0,18,0,2,0,3
8213,0,0.0714,21,3,0.7367,3580.0,12,1,1,0,0
8214,1,1.002,60,0,0.7972,4700.0,14,0,0,0,4
8215,0,0.0535,63,0,0.594,3290.0,3,0,1,0,0
8216,0,0.1914,63,0,0.5494,10360.0,4,0,0,0,0
8217,1,0.1232,22,0,0.4629,5500.0,18,0,0,0,2
8218,0,0.5742,70,0,1.2452,1860.0,4,0,0,0,0
8219,0,0.7208,44,0,0.34,2210.0,18,0,1,0,1
8220,0,0.2009,25,0,0.519,10130.0,2,0,1,0,1
8221,0,0.4747,49,0,0.1612,4410.0,9,0,0,0,1
8222,0,0.0728,51,1,0.1904,3890.0,15,0,1,0,0
8223,0,0.8356,42,0,1.3352,9670.0,2,0,0,0,1
8224,0,0.0189,61,0,0.6506,4490.0,3,0,2,0,1
8225,0,0.6344,50,0,0.3955,2400.0,15,0,1,0,0
8226,0,0.2703,32,0,0.4709,2500.0,10,0,3,0,1
8227,0,0.2953,54,0,0.1989,7160.0,16,0,1,0,0
8228,0,0.5532,35,3,0.3475,16610.0,7,1,0,0,0
8229,0,0.1003,27,1,0.1873,8130.0,15,0,0,0,0
8230,0,0.3529,35,0,0.3764,3910.0,11,0,1,0,2
8231,0,0.2569,69,0,0.6758,4290.0,2,0,0,0,1
8232,0,0.3289,51,0,0.5898,5060.0,14,0,0,0,0
8233,0,0.1772,38,1,1.1659,1460.0,18,0,1,0,2
8234,0,0.0376,40,0,0.5362,4980.0,4,0,2,0,0
8235,0,0.7725,67,0,0.1016,6980.0,16,0,0,0,0
8236,0,0.3005,56,0,1.4483,14240.0,4,0,0,0,0
8237,0,0.1618,62,0,0.2713,9460.0,18,0,2,0,1
8238,0,0.4411,53,0,0.4952,15650.0,7,0,0,0,0
8239,0,0.0791,74,0,0.4776,13470.0,13,0,0,0,1
8240,0,1.0247,56,0,0.5192,11350.0,18,0,0,0,2
8241,0,0.0367,42,0,0.4625,4990.0,11,0,0,0,0
8242,0,0.2897,34,0,0.4674,6040.0,9,0,1,0,2
8243,0,1.0621,23,0,0.2033,1800.0,10,0,1,0,0
8244,0,1.0718,62,0,2.1216,5310.0,5,0,1,0,1
8245,1,0.1019,71,0,0.6642,6900.0,1,0,0,0,2
8246,0,0.0213,56,0,0.4635,4150.0,10,0,1,0,0
8247,0,0.1897,47,0,1.3568,1950.0,15,0,1,0,2
8248,0,0.0722,28,0,0.2362,12700.0,4,0,0,0,1
8249,0,0.2122,55,0,0.7566,6270.0,18,0,0,0,0
8250,0,0.0807,31,0,0.322,13800.0,15,0,0,0,3
8251,0,0.0119,54,0,0.572,7670.0,13,0,1,0,0
8252,0,0.1033,37,0,0.5797,11170.0,7,0,1,0,2
8253,0,1.1098,67,0,0.1106,9880.0,14,0,1,0,0
8254,0,0.0463,71,0,0.1903,3270.0,19,0,3,0,0
8255,0,0.1154,33,0,1.164,3620.0,6,0,3,0,1
8256,0,0.1884,38,1,0.3862,3800.0,12,0,2,0,1
8257,0,0.4515,70,0,1.4932,2750.0,9,0,1,0,1
8258,0,0.6472,22,2,0.9862,14170.0,12,0,3,1,0
8259,1,0.2975,48,0,0.3937,5040.0,5,0,0,0,0
8260,1,1.0519,28,0,0.3734,6480.0,6,0,0,0,1
8261,0,0.081,44,0,1.2081,2210.0,17,0,1,0,0
8262,0,0.7118,22,0,1.5869,8030.0,4,0,0,0,0
8263,0,0.2148,28,0,0.3783,3840.0,16,0,0,0,0
8264,0,0.4699,42,0,1.1308,10470.0,2,0,2,0,1
8265,0,0.044,24,0,0.8336,3260.0,18,0,1,0,0
8266,0,0.2839,64,0,0.9245,10930.0,17,0,0,0,0
8267,0,0.3721,52,0,0.4774,8640.0,18,0,0,0,0
8268,1,0.5306,45,1,0.3002,3720.0,19,0,1,0,0
8269,0,1.8,46,0,0.2387,11510.0,19,0,1,0,1
8270,0,0.9275,66,1,0.2054,9790.0,5,1,1,0,0
8271,0,0.2206,66,1,1.4142,6590.0,17,0,1,0,0
8272,0,0.1427,23,1,0.4523,2710.0,19,0,0,0,0
8273,0,0.1735,58,0,0.2261,7940.0,11,0,1,0,3
8274,1,1.2648,46,0,0.8199,5110.0,12,0,1,0,0
8275,0,0.0827,63,1,0.3371,5060.0,17,0,0,0,0
8276,0,1.4332,63,0,0.304,5140.0,15,0,3,0,2
8277,1,0.4734,59,0,1.554,4830.0,16,0,0,0,2
8278,0,0.1589,57,0,0.2022,2920.0,19,0,0,0,0
8279,0,0.7594,32,0,0.5174,1980.0,16,0,0,0,2
8280,0,0.1334,67,0,0.3152,1750.0,19,0,0,0,1
8281,1,0.4538,58,0,0.2864,5880.0,18,0,1,0,0
8282,0,0.1996,35,0,0.1867,1150.0,11,0,3,0,1
8283,0,0.2595,33,1,0.4657,7600.0,12,0,0,0,0
8284,0,0.4955,48,0,0.266,6660.0,11,0,1,0,0
8285,0,0.3739,39,0,0.6407,4100.0,7,0,1,0,0
8286,0,0.0073,57,0,0.4368,9100.0,13,0,1,0,0
8287,0,0.1723,42,0,0.3725,4200.0,12,0,2,0,3
8288,0,0.2369,30,0,0.2668,6320.0,5,0,1,0,2
8289,0,0.0723,42,0,1.0602,1520.0,17,0,2,0,1
8290,0,0.3732,65,4,0.6987,1280.0,8,1,1,1,0
8291,0,0.1974,65,0,0.2986,4270.0,9,0,0,0,0
8292,0,0.4546,37,0,0.1988,6330.0,16,0,0,0,1
8293,0,0.0021,63,0,0.1447,8690.0,12,0,0,0,3
8294,0,1.0263,26,0,0.8891,4420.0,3,0,1,0,0
8295,0,0.1122,74,0,0.7753,5700.0,6,0,0,0,4
8296,0,0.1832,62,0,0.8419,7880.0,9,0,0,0,0
8297,0,0.1952,23,1,0.418,4550.0,14,1,0,0,0
8298,0,0.1093,59,0,0.7288,6990.0,6,0,0,0,1
8299,1,0.1952,47,3,0.8322,2500.0,9,1,0,1,4
8300,1,0.2098,68,2,0.4309,1820.0,12,1,2,1,0
8301,0,0.001,33,0,0.3624,3570.0,11,0,2,0,3
8302,0,0.1552,69,0,0.2501,7820.0,4,0,1,0,0
8303,0,0.0137,68,0,0.5802,3210.0,10,0,0,0,2
8304,0,0.422,36,0,0.6285,7260.0,18,0,2,0,1
8305,0,0.3773,44,3,0.3521,2650.0,13,0,0,1,0
8306,0,0.3175,55,0,0.3779,3470.0,16,0,0,0,0
8307,0,0.2459,33,0,0.3944,5680.0,14,0,0,0,4
8308,0,0.276,74,0,0.7223,3290.0,2,0,0,0,2
8309,0,0.789,31,0,0.197,3650.0,9,0,0,0,4
8310,0,0.0822,34,1,0.2315,1030.0,7,0,0,0,0
8311,0,0.3082,48,0,0.2342,8130.0,10,0,0,0,0
8312,0,1.4323,46,0,0.411,4580.0,1,0,2,0,0
8313,0,0.2098,23,0,0.5429,2790.0,5,0,2,0,0
8314,0,0.0864,70,0,0.2366,14760.0,3,0,2,0,3
8315,0,0.1553,33,0,0.7752,3060.0,2,0,1,0,1
8316,0,0.1763,26,0,1.0807,3610.0,9,0,1,0,2
8317,0,0.1905,49,0,0.576,2760.0,15,0,1,0,0
8318,1,0.0531,71,3,0.8813,9530.0,7,1,3,1,0
8319,0,0.2534,21,0,0.2595,11620.0,15,0,0,0,3
8320,0,0.3843,47,0,0.2632,10940.0,10,0,1,0,0
8321,0,0.0405,70,0,0.6119,10880.0,13,0,0,0,0
8322,0,0.0714,69,0,0.4391,3430.0,6,0,0,0,0
8323,0,0.1576,30,0,0.2629,13410.0,8,0,1,0,1
8324,0,0.3676,54,0,1.0566,4370.0,7,0,1,0,0
8325,0,0.0818,66,0,0.5376,1950.0,8,0,2,0,1
8326,0,0.1538,57,0,0.6848,3810.0,19,0,0,0,0
8327,0,0.5695,56,0,0.2998,5980.0,3,0,0,0,0
8328,0,0.9735,62,0,1.2311,3340.0,17,0,1,0,0
8329,0,0.1252,45,0,0.4092,5370.0,18,0,1,0,0
8330,0,0.0784,24,0,0.8281,6780.0,1,0,0,0,0
8331,0,0.1416,55,3,0.3167,6290.0,8,1,0,1,1
8332,0,0.3599,54,0,0.4972,7280.0,12,0,1,0,0
8333,0,0.0304,66,0,0.6279,4410.0,6,0,1,0,0
8334,0,0.0111,70,0,1.4877,3180.0,3,0,1,0,0
8335,0,1.3963,39,0,0.3451,2030.0,8,0,0,0,0
8336,0,0.0198,72,0,0.5074,4660.0,15,0,0,0,1
8337,0,0.323,21,0,0.6409,3560.0,10,0,0,0,4
8338,0,0.6649,73,2,0.1923,4580.0,16,0,0,0,4
8339,0,0.1719,28,0,0.1219,1420.0,8,0,0,0,0
8340,0,0.0052,55,0,0.2472,1980.0,13,0,0,0,1
8341,0,0.4041,57,0,0.8028,6670.0,15,0,0,0,3
8342,0,0.0452,55,0,1.2584,1840.0,13,0,0,0,0
8343,0,0.0597,74,0,0.2583,4390.0,9,0,0,0,2
8344,0,0.2552,50,2,0.2165,2990.0,17,0,3,0,0
8345,0,0.2581,28,0,1.1285,2870.0,4,0,1,0,4
8346,1,1.1057,53,1,0.3201,5170.0,2,0,0,0,1
8347,0,0.0223,36,0,0.3595,5000.0,1,0,0,0,1
8348,0,0.1766,54,0,1.0784,6820.0,14,0,0,0,1
8349,0,0.97,41,0,0.9771,2540.0,7,0,1,0,3
8350,0,0.038,23,0,0.787,2890.0,3,0,0,0,0
8351,0,0.5792,55,0,0.1609,9640.0,4,0,0,0,0
8352,0,0.0483,25,0,0.2112,4300.0,1,0,0,0,0
8353,0,0.2168,38,0,0.8801,6120.0,8,0,3,0,4
8354,0,0.3768,54,0,0.5437,3650.0,13,0,0,0,4
8355,0,0.0935,68,0,0.2818,6460.0,5,0,0,0,0
8356,0,0.082,37,0,0.3654,1100.0,6,0,1,0,0
8357,0,0.2579,37,0,0.8751,9810.0,19,0,2,0,2
8358,0,0.1192,37,0,1.1236,3740.0,1,0,1,0,1
8359,1,0.6018,52,0,0.4477,2320.0,16,0,0,0,1
8360,0,0.3918,31,0,0.2976,2600.0,2,0,1,0,1
8361,0,0.0058,49,0,0.3809,4200.0,15,0,0,0,0
8362,0,0.0988,64,0,1.0059,4600.0,19,0,0,0,0
8363,0,0.1526,25,0,0.9941,5350.0,6,0,0,0,0
8364,0,0.0797,73,0,0.5049,2400.0,5,0,0,0,1
8365,0,0.6271,49,0,0.327,8290.0,5,0,0,0,1
8366,0,1.0225,54,1,0.8604,3590.0,8,0,0,0,2
8367,0,0.0433,54,0,1.1898,3480.0,6,0,1,0,0
8368,0,0.1409,72,0,0.1879,4290.0,6,0,0,0,1
8369,1,0.0348,56,0,0.3908,7320.0,4,0,0,0,0
8370,0,0.0656,68,0,0.899,4820.0,18,0,0,0,1
8371,1,0.7011,36,2,0.4696,3550.0,6,1,1,0,0
8372,0,0.1008,32,0,0.3352,4050.0,2,0,1,0,0
8373,0,0.4027,55,0,0.5021,10210.0,6,0,1,0,1
8374,0,0.1692,29,0,0.5613,9260.0,11,0,0,0,0
8375,0,0.7982,27,1,0.2285,6120.0,3,0,1,0,2
8376,0,0.0428,32,0,0.4745,5370.0,10,0,0,0,2
8377,0,0.1202,35,0,0.5601,19700.0,19,0,0,0,0
8378,0,0.2215,26,0,0.3347,6490.0,14,0,0,0,0
8379,0,0.1238,60,2,0.2815,5480.0,7,0,1,1,2
8380,0,0.3367,52,0,0.3254,4350.0,18,0,1,0,0
8381,0,0.0926,31,0,0.2509,6090.0,7,0,1,0,0
8382,0,0.5053,36,2,0.7485,790.0,1,0,1,0,2
8383,0,0.0968,71,0,0.249,9110.0,5,0,0,0,0
8384,0,1.0759,70,0,0.5033,2290.0,1,0,0,0,0
8385,0,0.4714,27,0,0.359,3190.0,10,0,0,0,0
8386,0,0.3725,54,0,0.2941,2120.0,8,0,2,0,3
8387,0,0.1233,38,0,1.0231,3160.0,2,0,1,0,0
8388,0,0.0166,40,0,0.4154,4010.0,8,0,0,0,0
8389,0,0.1787,53,0,0.3007,8380.0,4,0,1,0,0
8390,0,0.1055,74,0,0.2839,10650.0,17,0,0,0,4
8391,0,0.011,52,0,0.5507,15750.0,12,0,1,0,0
8392,0,0.3425,72,0,0.7378,5230.0,6,0,2,0,3
8393,1,0.5656,65,0,0.9631,4310.0,15,0,1,0,0
8394,1,0.1381,63,2,0.4063,7850.0,17,1,2,0,0
8395,1,0.0166,63,0,0.3919,2940.0,15,0,0,0,1
8396,0,0.0088,63,0,0.4861,2750.0,2,0,1,0,0
8397,1,1.4374,34,0,0.4967,3940.0,10,0,0,0,0
8398,0,0.8881,73,1,0.2827,4820.0,2,1,1,1,2
8399,0,0.0571,70,1,1.0805,1420.0,12,1,0,0,0
8400,1,0.4292,53,0,0.4554,9320.0,15,0,1,0,2
8401,0,0.1064,59,0,0.6193,5680.0,1,0,0,0,3
8402,0,0.0054,68,0,0.5797,7930.0,15,0,1,0,0
8403,0,0.2423,29,0,0.5726,1920.0,5,0,0,0,0
8404,0,0.1168,24,0,0.246,3300.0,2,0,1,0,0
8405,0,0.0808,74,0,0.4476,3200.0,6,0,0,0,2
8406,0,0.1518,50,0,1.7655,4350.0,19,0,0,0,0
8407,0,0.0742,59,0,1.1645,4820.0,6,0,1,0,0
8408,1,0.0767,48,3,0.4937,8280.0,2,1,0,1,2
8409,0,0.081,48,0,0.3606,5210.0,2,0,0,0,0
8410,1,0.0372,23,1,0.1188,3150.0,17,0,0,1,0
8411,0,0.0114,36,0,0.3334,18260.0,13,0,0,0,1
8412,0,0.1868,25,0,0.4287,4190.0,4,0,0,0,1
8413,0,0.3687,44,1,0.3714,2850.0,12,0,0,0,0
8414,1,0.0098,22,0,0.3873,1590.0,1,0,2,0,0
8415,0,0.3753,64,0,0.6528,5190.0,13,0,0,0,0
8416,0,0.2164,36,0,0.2465,7440.0,17,0,1,0,1
8417,0,0.001,61,0,0.5292,2480.0,15,0,0,0,0
8418,0,0.0412,23,0,0.4206,7150.0,4,0,0,0,0
8419,0,0.059,22,0,0.2646,5170.0,7,0,1,0,0
8420,0,0.0742,43,0,1.2269,1700.0,11,0,1,0,0
8421,0,0.264,63,0,0.7038,7150.0,2,0,0,0,0
8422,0,0.0701,64,0,0.2803,4190.0,16,0,0,0,0
8423,0,0.1466,50,1,0.6128,2500.0,12,0,1,1,0
8424,0,0.894,54,0,0.1952,8730.0,3,0,1,0,0
8425,0,1.5654,58,0,0.3018,8630.0,15,0,1,0,3
8426,0,0.2524,57,0,0.9965,2470.0,15,0,2,0,0
8427,0,0.0786,61,1,0.5548,5860.0,4,0,0,0,0
8428,0,0.0851,22,0,0.5287,5550.0,11,0,1,0,1
8429,0,0.1728,44,0,0.8124,4720.0,6,0,2,0,3
8430,0,0.1661,66,0,0.6484,3610.0,5,0,0,0,0
8431,0,0.0936,44,0,0.383,4500.0,16,0,1,0,0
8432,0,0.7699,28,0,0.7881,8630.0,1,0,1,0,1
8433,0,0.2066,56,0,0.1631,6280.0,9,0,0,0,0
8434,0,0.2141,37,0,0.301,1550.0,5,0,0,0,0
8435,1,1.3192,48,0,0.4239,1360.0,7,0,2,0,0
8436,0,0.3386,48,0,0.6242,1610.0,9,0,0,0,2
8437,0,0.6306,58,0,0.3697,2180.0,12,0,0,0,0
8438,0,0.2064,71,0,0.1541,3120.0,7,0,3,0,1
8439,0,0.7823,58,0,0.1416,3750.0,11,0,0,0,2
8440,0,0.093,74,0,0.4313,4730.0,14,0,0,0,0
8441,1,0.0033,22,4,0.3373,4820.0,4,1,0,1,1
8442,0,0.5834,63,0,0.2603,4770.0,8,0,2,0,1
8443,0,0.1033,43,0,0.2354,9760.0,11,0,0,0,0
8444,0,0.3201,60,0,0.4869,1800.0,8,0,1,0,0
8445,0,0.2441,25,2,0.9815,6010.0,11,1,2,1,3
8446,0,0.0501,49,0,0.4869,5990.0,16,0,0,0,3
8447,0,0.0939,22,0,0.9894,2300.0,12,0,1,0,0
8448,0,1.1613,56,0,0.359,6770.0,9,0,0,0,0
8449,0,1.0833,32,0,0.5863,6150.0,13,0,1,0,0
8450,0,0.241,28,0,1.0113,4790.0,19,0,0,0,2
8451,0,0.1189,25,0,0.4087,1150.0,1,0,0,0,3
8452,0,0.3774,35,0,0.4564,8760.0,11,0,0,0,0
8453,0,0.6563,72,0,0.3589,5630.0,1,0,0,0,1
8454,0,1.0356,74,0,0.6411,6260.0,18,0,0,0,0
8455,0,0.0839,25,0,0.7721,640.0,14,0,1,0,0
8456,0,0.0997,73,0,0.5548,3570.0,17,0,0,0,0
8457,0,0.0291,52,0,0.3915,2080.0,11,0,0,0,0
8458,0,0.008,38,0,0.1827,10680.0,8,0,1,0,0
8459,0,0.1202,71,0,0.4365,2530.0,1,0,1,0,1
8460,0,0.029,34,0,0.4004,11940.0,12,0,1,0,1
8461,0,0.4034,30,0,0.5177,8710.0,18,0,0,0,4
8462,0,0.1473,33,0,0.4819,5610.0,3,0,1,0,1
8463,0,0.0837,28,0,1.1542,9710.0,5,0,0,0,0
8464,0,0.2966,47,0,0.2959,2790.0,11,0,1,0,1
8465,0,0.2989,28,0,0.1746,3110.0,11,0,2,0,0
8466,1,0.1081,33,0,0.2264,8550.0,9,0,0,0,0
8467,0,0.3526,41,2,0.3072,2800.0,3,1,0,0,3
8468,0,1.0064,56,0,0.86,2220.0,10,0,0,0,0
8469,1,0.7474,67,0,0.2063,4050.0,10,0,0,0,0
8470,0,0.0263,25,0,0.2235,2890.0,4,0,0,0,3
8471,0,0.1561,55,0,0.576,15050.0,12,0,1,0,1
8472,0,0.4734,26,0,0.748,7830.0,17,0,1,0,0
8473,0,0.6393,74,0,0.1774,3480.0,2,0,0,0,0
8474,0,0.1057,35,0,0.1552,2700.0,2,0,0,0,0
8475,0,0.6113,67,0,0.2803,6020.0,11,0,0,0,2
8476,1,0.2867,62,0,0.6666,10020.0,15,0,0,0,2
8477,0,0.7584,38,0,0.4897,5850.0,2,0,2,0,3
8478,1,0.2922,38,0,0.2865,2780.0,18,0,1,0,2
8479,1,0.7717,38,0,0.7002,2080.0,10,0,0,0,0
8480,0,0.0572,46,0,0.4841,3920.0,3,0,3,0,0
8481,0,1.2816,44,0,0.4212,5940.0,9,0,1,0,2
8482,0,0.0221,56,1,0.1706,3710.0,9,1,0,1,0
8483,0,0.5519,46,0,0.283,9000.0,8,0,1,0,0
8484,0,0.0391,63,0,1.4538,6740.0,12,0,0,0,1
8485,0,0.8359,46,0,0.3672,5670.0,5,0,3,0,2
8486,0,0.0391,37,0,0.2531,6660.0,19,0,0,0,2
8487,0,0.3338,38,0,0.3572,2140.0,6,0,1,0,0
8488,0,0.2364,60,0,0.4826,3640.0,17,0,0,0,0
8489,0,0.0893,28,0,0.7634,2630.0,16,0,1,0,0
8490,0,0.7293,36,0,0.6522,6190.0,8,0,0,0,2
8491,0,0.2271,37,0,0.2994,2660.0,4,0,0,0,0
8492,0,0.3291,55,0,0.9636,5160.0,19,0,1,0,0
8493,0,0.1162,27,0,0.7326,4450.0,11,0,0,0,0
8494,0,0.9729,45,0,0.344,7040.0,7,0,0,0,1
8495,0,0.3654,57,0,0.4161,2400.0,3,0,3,0,1
8496,0,0.1948,71,0,0.6443,6440.0,7,0,0,0,1
8497,1,0.366,44,0,0.8563,2590.0,13,0,0,0,0
8498,0,0.4636,74,0,0.1806,2760.0,10,0,0,0,1
8499,0,0.0823,53,0,0.4687,4510.0,2,0,2,0,0
8500,0,0.5344,62,0,0.441,10060.0,15,0,0,0,0
8501,0,0.0806,34,1,0.3191,2970.0,7,0,0,0,2
8502,0,0.3619,70,0,0.3181,1690.0,4,0,0,0,0
8503,0,0.0781,34,0,0.8459,2790.0,14,0,0,0,2
8504,0,0.073,28,0,0.6193,3900.0,15,0,0,0,2
8505,0,0.2629,25,0,1.5904,15080.0,16,0,0,0,0
8506,0,0.1191,56,0,0.3192,6200.0,1,0,0,0,0
8507,0,0.0101,54,0,0.4879,3130.0,8,0,0,0,1
8508,0,0.5702,31,0,0.5411,4520.0,5,0,0,0,2
8509,0,1.6493,68,0,0.7692,12610.0,12,0,0,0,0
8510,0,0.4409,35,0,1.0152,4250.0,19,0,1,0,0
8511,0,0.9468,53,0,0.4753,4290.0,3,0,1,0,0
8512,0,0.485,49,0,0.233,3850.0,13,0,1,0,0
8513,0,1.7028,52,0,0.2933,7460.0,9,0,0,0,3
8514,0,0.2016,61,0,0.4895,3590.0,9,0,1,0,2
8515,0,0.2706,71,0,0.8813,8290.0,18,0,0,0,2
8516,0,0.1653,59,0,0.1887,9300.0,14,0,1,0,0
8517,0,1.2219,69,4,0.2227,7100.0,2,1,2,1,0
8518,0,0.2463,67,0,0.7077,4300.0,9,0,2,0,4
8519,0,0.7983,40,0,0.2068,2120.0,15,0,1,0,0
8520,1,0.0414,51,1,0.2288,4300.0,3,1,0,0,1
8521,1,0.1104,31,0,0.8886,3290.0,10,0,0,0,2
8522,1,0.3103,71,3,0.3935,3080.0,10,0,0,0,0
8523,0,0.1537,73,0,0.3758,4260.0,2,0,0,0,0
8524,0,0.1144,68,0,1.0212,6550.0,19,0,1,0,0
8525,0,0.1714,61,0,0.2375,3380.0,8,0,0,0,3
8526,0,0.0819,66,0,0.2105,2150.0,6,0,0,0,1
8527,1,0.6624,63,0,1.1943,2760.0,2,0,1,0,3
8528,0,0.132,33,0,0.5168,13550.0,2,0,1,0,0
8529,0,0.3586,35,0,0.6756,6830.0,4,0,0,0,0
8530,1,0.0572,49,4,0.3728,2770.0,15,1,1,1,1
8531,0,0.6153,43,0,0.4215,10650.0,6,0,0,0,0
8532,1,0.1179,60,0,0.2946,4260.0,9,0,1,0,1
8533,0,0.1739,60,1,0.5438,19280.0,13,0,1,1,0
8534,1,0.6117,73,1,0.7399,5750.0,7,0,1,1,0
8535,0,0.0957,63,0,0.5054,6900.0,8,0,2,0,0
8536,0,0.6405,21,0,0.8492,8120.0,10,0,0,0,1
8537,1,0.1135,39,4,0.6686,11990.0,18,1,0,0,0
8538,0,0.1516,38,0,0.2395,3780.0,18,0,1,0,1
8539,0,0.7911,55,0,0.412,11380.0,6,0,1,0,0
8540,0,0.048,39,0,0.3433,3380.0,5,0,0,0,0
8541,0,0.1628,73,0,0.7061,3960.0,8,0,0,0,2
8542,0,0.1506,36,0,0.5927,4940.0,4,0,0,0,3
8543,0,0.3608,44,0,0.485,8540.0,11,0,0,0,0
8544,0,0.2793,65,0,0.8254,4030.0,11,0,0,0,3
8545,0,0.2823,40,0,0.1467,13230.0,9,0,0,0,0
8546,0,0.3329,23,0,0.3129,10890.0,9,0,1,0,0
8547,0,0.4216,38,0,0.3292,5030.0,17,0,1,0,0
8548,0,1.2503,40,0,0.5226,2750.0,3,0,1,0,0
8549,0,0.5456,54,0,0.6261,8960.0,15,0,0,0,0
8550,0,0.13,59,0,0.449,1400.0,12,0,1,0,2
8551,0,0.0788,50,0,0.2041,7670.0,16,0,0,0,0
8552,0,0.2123,42,0,0.5735,3000.0,11,0,0,0,2
8553,0,0.3546,48,0,0.4852,10440.0,15,0,1,0,0
8554,0,0.4352,28,3,0.1861,2140.0,12,0,0,1,4
8555,0,0.2353,30,1,0.3763,3300.0,14,0,1,1,0
8556,0,0.2534,53,0,0.5624,6390.0,8,0,0,0,0
8557,0,0.1748,67,0,1.2116,7050.0,17,0,2,0,0
8558,0,0.1583,49,0,0.2338,3380.0,6,0,0,0,0
8559,0,0.366,24,0,0.7219,4030.0,14,0,0,0,0
8560,0,0.1806,74,0,0.2355,8700.0,7,0,1,0,2
8561,1,0.2494,38,1,0.2096,8990.0,16,1,1,0,1
8562,0,0.6888,61,1,0.2172,3980.0,16,1,0,0,3
8563,1,1.1103,69,0,0.646,3410.0,4,0,0,0,1
8564,1,0.0064,74,0,0.4857,2160.0,12,0,1,0,1
8565,0,0.2849,27,1,0.372,5720.0,11,0,1,0,0
8566,0,0.1154,31,0,0.5914,8000.0,8,0,1,0,1
8567,0,0.4117,55,1,0.4605,5380.0,6,1,0,0,1
8568,0,0.0233,62,3,0.4801,2820.0,12,1,0,1,0
8569,0,0.2915,66,2,0.3745,14360.0,16,0,1,0,0
8570,1,0.0715,50,0,0.2426,1390.0,7,0,0,0,0
8571,0,0.281,29,0,1.2396,8320.0,7,0,0,0,1
8572,0,0.021,59,0,1.0411,5600.0,17,0,1,0,1
8573,1,0.1925,57,4,1.1666,6510.0,15,1,0,1,0
8574,0,0.0165,46,0,0.3251,3070.0,14,0,0,0,0
8575,0,0.2333,55,0,0.2984,4490.0,12,0,0,0,0
8576,0,0.8694,32,0,0.3504,5860.0,2,0,0,0,0
8577,1,0.0861,64,0,0.856,4670.0,3,0,3,0,0
8578,0,0.1006,23,0,0.4493,1680.0,2,0,1,0,1
8579,0,0.3992,66,0,0.3244,13730.0,6,0,1,0,2
8580,0,0.8224,66,0,0.559,7260.0,1,0,0,0,1
8581,0,0.4034,58,0,0.2888,5020.0,9,0,1,0,0
8582,0,0.5316,64,0,0.1992,5220.0,1,0,2,0,0
8583,0,0.0191,70,0,0.4856,13500.0,19,0,0,0,0
8584,0,0.1624,29,0,0.3297,3150.0,10,0,0,0,1
8585,0,0.1114,50,1,0.4457,2750.0,1,0,1,0,1
8586,0,0.0107,55,1,0.0897,8180.0,4,0,1,0,0
8587,0,0.5092,71,0,0.2631,6490.0,4,0,2,0,2
8588,1,0.475,60,1,0.4373,2680.0,13,1,2,1,2
8589,0,0.0212,53,0,0.1809,9440.0,15,0,0,0,4
8590,1,0.9579,51,0,0.1846,5870.0,10,0,1,0,2
8591,0,0.1259,28,0,0.4599,2870.0,14,0,0,0,0
8592,0,0.395,38,0,0.6845,6600.0,2,0,0,0,0
8593,0,0.293,44,0,0.2632,6030.0,6,0,0,0,0
8594,0,0.4241,68,0,0.3839,4660.0,1,0,0,0,2
8595,0,0.0307,67,0,0.3893,6190.0,8,0,0,0,2
8596,0,0.3051,55,0,0.176,7160.0,1,0,1,0,0
8597,0,0.142,26,0,0.9142,8510.0,16,0,0,0,0
8598,0,0.0261,59,0,0.4026,5240.0,11,0,2,0,0
8599,0,0.0549,45,1,0.4052,4180.0,15,0,0,0,0
8600,0,0.241,56,0,0.562,5670.0,12,0,1,0,0
8601,0,0.199,44,0,0.1762,10040.0,1,0,2,0,0
8602,0,0.2192,59,0,0.7803,7170.0,7,0,1,0,0
8603,0,0.1235,32,0,0.844,4040.0,1,0,0,0,2
8604,0,0.3434,28,0,0.4889,5080.0,2,0,0,0,0
8605,0,0.0257,32,0,0.5929,13350.0,18,0,0,0,0
8606,0,0.1028,70,0,0.3695,7700.0,18,0,1,0,0
8607,0,0.3532,25,0,0.7543,5380.0,3,0,0,0,0
8608,0,0.9524,36,0,0.2742,9740.0,8,0,0,0,0
8609,0,0.1951,39,0,0.4407,3550.0,6,0,0,0,0
8610,0,0.1831,66,0,0.4567,5990.0,9,0,0,0,2
8611,0,0.0703,40,2,0.439,15140.0,12,0,1,0,1
8612,0,0.6344,69,0,0.8534,7270.0,8,0,0,0,0
8613,0,0.2301,74,0,1.6702,13000.0,16,0,1,0,0
8614,0,0.3356,56,0,0.4207,4670.0,2,0,0,0,0
8615,0,0.0778,39,0,0.5958,3690.0,12,0,2,0,0
8616,0,0.2263,53,0,0.2776,9860.0,14,0,3,0,0
8617,0,0.1012,57,0,0.8346,1640.0,11,0,1,0,0
8618,0,0.6459,26,0,0.3294,5480.0,13,0,0,0,2
8619,0,0.1946,65,0,2.9656,9120.0,12,0,0,0,1
8620,0,0.3626,44,0,0.1649,6890.0,4,0,2,0,0
8621,1,0.467,66,0,1.6298,1390.0,15,0,0,0,2
8622,0,0.001,54,0,0.8144,2190.0,6,0,0,0,0
8623,0,0.1643,67,0,0.2292,4590.0,4,0,0,0,1
8624,0,0.1912,25,0,1.807,6530.0,11,0,2,0,0
8625,0,0.3549,23,0,0.2574,6690.0,13,0,2,0,2
8626,0,0.0934,27,0,0.3721,4900.0,8,0,0,0,1
8627,1,0.1629,68,0,0.2064,7620.0,2,0,0,0,1
8628,0,0.2446,74,2,0.4115,6390.0,19,0,1,0,2
8629,0,0.3028,74,0,0.4353,4550.0,16,0,1,0,2
8630,0,0.7464,38,0,0.7394,6790.0,10,0,1,0,0
8631,0,0.185,35,0,1.9406,3330.0,7,0,1,0,1
8632,0,0.0449,39,1,0.3303,7200.0,17,1,1,0,0
8633,0,0.6189,65,0,0.0862,2960.0,7,0,1,0,1
8634,0,0.101,34,1,0.6631,6580.0,4,1,0,0,0
8635,0,0.6636,50,0,0.323,6490.0,5,0,1,0,1
8636,0,0.1022,55,0,1.3379,4110.0,11,0,1,0,2
8637,0,0.0077,40,1,0.4401,7190.0,15,0,0,0,0
8638,0,0.2462,46,0,0.2849,12400.0,7,0,0,0,1
8639,0,0.9794,56,0,0.2447,2670.0,4,0,1,0,0
8640,0,0.1747,63,0,0.6529,8710.0,18,0,2,0,2
8641,0,0.0716,31,2,0.3809,9430.0,2,0,0,0,0
8642,0,0.0654,48,0,1.084,4340.0,11,0,0,0,0
8643,0,0.6085,29,0,0.396,7950.0,4,0,0,0,0
8644,1,0.3686,21,0,1.05,4220.0,13,0,2,0,0
8645,0,0.1891,55,0,0.1963,10440.0,8,0,0,0,0
8646,0,0.0219,47,0,0.1583,950.0,2,0,0,0,0
8647,0,0.3002,35,0,0.739,11700.0,4,0,0,0,0
8648,0,0.6007,23,0,0.3401,2520.0,10,0,0,0,1
8649,0,0.0281,72,0,0.3836,5190.0,3,0,0,0,0
8650,0,0.1081,65,1,0.2448,3020.0,12,0,0,0,1
8651,0,0.3019,71,0,0.2343,12060.0,16,0,1,0,0
8652,0,0.7089,27,1,0.658,4280.0,6,0,1,0,0
8653,1,1.6072,21,0,0.4443,3550.0,18,0,0,0,0
8654,0,0.6436,32,0,0.2378,9620.0,14,0,1,0,0
8655,0,0.3341,26,0,0.722,7630.0,2,0,1,0,0
8656,0,0.1374,45,0,0.9093,4020.0,9,0,0,0,0
8657,0,0.1009,55,0,0.4209,2710.0,11,0,0,0,1
8658,0,0.0013,31,0,0.8203,2500.0,11,0,1,0,1
8659,0,0.194,42,0,0.2463,10560.0,9,0,1,0,2
8660,0,0.4312,50,0,0.6353,6320.0,7,0,0,0,1
8661,0,0.1849,38,0,0.4951,5450.0,11,0,1,0,0
8662,0,0.5183,45,0,0.2794,6600.0,13,0,1,0,0
8663,0,0.8594,52,0,1.5401,1530.0,17,0,0,0,0
8664,0,0.1295,72,0,0.5167,4050.0,2,0,0,0,4
8665,0,0.25,37,1,0.3152,4110.0,3,0,0,0,3
8666,0,0.187,25,0,0.4547,8860.0,10,0,0,0,1
8667,0,0.1374,67,0,0.2667,2040.0,9,0,1,0,0
8668,1,0.7155,52,3,0.2244,9250.0,18,1,1,0,0
8669,0,0.1696,46,0,0.3431,14420.0,11,0,2,0,4
8670,0,0.1127,59,3,0.3574,1750.0,5,1,0,1,2
8671,0,1.1877,73,0,0.2773,4960.0,17,0,0,0,0
8672,0,0.5605,27,0,0.9519,6630.0,17,0,0,0,0
8673,1,0.0152,67,4,0.2838,8300.0,1,1,1,1,0
8674,0,0.0609,55,0,0.2568,1340.0,17,0,1,0,0
8675,0,0.026,52,0,0.2206,6020.0,7,0,2,0,1
8676,0,0.0048,67,0,0.2082,4310.0,5,0,1,0,0
8677,0,1.8,37,0,0.8323,4150.0,3,0,0,0,0
8678,1,0.5441,63,2,0.5246,17010.0,2,0,1,1,0
8679,0,0.2819,51,0,0.6799,4320.0,2,0,2,0,2
8680,0,0.6307,71,0,0.8278,6440.0,15,0,0,0,1
8681,0,0.1859,46,0,0.3679,4570.0,18,0,0,0,3
8682,0,1.7775,59,0,1.0869,5680.0,19,0,1,0,0
8683,0,0.1828,47,0,0.3085,6850.0,10,0,1,0,0
8684,0,0.2122,42,0,0.2328,8400.0,5,0,0,0,2
8685,0,0.3399,41,0,0.5622,3080.0,17,0,0,0,0
8686,0,0.7944,70,0,0.49,5390.0,18,0,0,0,1
8687,0,0.0323,66,0,0.4896,5500.0,8,0,0,0,1
8688,0,0.2506,33,0,0.8263,1830.0,4,0,2,0,1
8689,0,0.4277,67,0,0.4789,2770.0,16,0,0,0,2
8690,0,0.0134,52,0,0.5422,8390.0,7,0,0,0,0
8691,0,0.1445,26,0,1.0159,3730.0,11,0,0,0,0
8692,0,0.3385,62,0,0.5273,23560.0,17,0,2,0,0
8693,0,0.5597,29,0,0.6044,8760.0,4,0,3,0,0
8694,0,0.9149,68,0,0.1919,6450.0,6,0,1,0,2
8695,0,0.1564,45,0,3.5,12160.0,5,0,0,0,2
8696,1,0.5556,70,1,0.173,7810.0,15,0,2,0,1
8697,0,1.6125,47,0,0.3251,5490.0,3,0,0,0,2
8698,0,0.5902,25,0,0.3193,2100.0,3,0,0,0,1
8699,0,0.4517,62,0,1.5917,7330.0,7,0,0,0,0
8700,0,0.0333,60,0,0.3134,11360.0,8,0,0,0,1
8701,0,0.4914,37,0,0.5857,3440.0,15,0,0,0,1
8702,1,0.0037,32,3,0.3206,1640.0,18,1,0,0,1
8703,0,0.0017,67,0,0.2407,2590.0,12,0,0,0,2
8704,0,0.4955,63,3,0.6327,14120.0,5,1,0,0,0
8705,0,0.0127,37,0,0.2919,5160.0,13,0,1,0,0
8706,0,0.1118,58,0,0.5089,11800.0,14,0,1,0,1
8707,1,0.6711,34,0,0.6544,4970.0,2,0,1,0,0
8708,0,0.0161,30,0,1.4107,3650.0,18,0,1,0,0
8709,0,0.0483,56,4,0.2107,17690.0,10,1,0,0,3
8710,0,0.2762,65,0,0.41,3930.0,15,0,3,0,3
8711,0,1.4199,70,0,0.4203,4230.0,1,0,0,0,0
8712,1,0.3958,45,3,0.4496,6480.0,19,1,1,0,0
8713,0,1.0311,28,0,2.0986,4130.0,19,0,1,0,2
8714,0,1.0009,50,0,0.4049,7840.0,18,0,0,0,2
8715,0,1.7528,57,0,0.099,6420.0,11,0,2,0,0
8716,0,0.6933,73,0,0.3989,6580.0,3,0,1,0,2
8717,0,0.4189,27,1,0.4185,3390.0,9,0,0,0,0
8718,0,0.0543,56,0,0.3888,1810.0,12,0,1,0,0
8719,0,0.4335,48,0,0.2919,2980.0,9,0,0,0,0
8720,0,0.286,52,0,0.2034,3150.0,9,0,0,0,2
8721,0,0.3111,26,0,1.6416,5860.0,7,0,0,0,0
8722,0,0.295,21,0,0.5439,3010.0,13,0,2,0,0
8723,0,0.5877,53,0,0.4004,2040.0,11,0,0,0,0
8724,1,0.7309,31,0,1.6105,2470.0,15,0,3,0,0
8725,0,0.0053,54,0,0.2668,6200.0,2,0,1,0,0
8726,0,0.1629,22,0,0.645,7420.0,5,0,1,0,0
8727,0,0.3353,64,0,0.2124,3630.0,17,0,1,0,0
8728,0,0.5777,38,0,0.705,3870.0,16,0,1,0,2
8729,0,0.3288,45,0,0.2275,7100.0,13,0,0,0,0
8730,0,1.2032,39,0,0.5959,5430.0,8,0,1,0,2
8731,0,0.4609,43,0,1.4505,10010.0,9,0,1,0,2
8732,0,0.095,49,0,0.4752,4470.0,13,0,0,0,1
8733,0,0.5506,55,0,0.1206,2980.0,15,0,1,0,0
8734,0,0.3635,58,0,0.4591,9430.0,9,0,1,0,0
8735,0,0.1968,74,0,0.5995,4080.0,18,0,0,0,3
8736,0,0.0506,30,0,0.7715,3060.0,7,0,3,0,2
8737,0,0.0327,68,0,1.0878,8400.0,7,0,0,0,0
8738,0,0.0664,53,0,1.1216,11730.0,14,0,1,0,0
8739,0,0.1813,37,1,0.4154,5490.0,16,0,2,0,0
8740,1,0.4054,70,0,0.3025,2690.0,11,0,2,0,2
8741,0,0.6615,59,0,0.2297,12340.0,19,0,1,0,3
8742,0,0.0612,30,0,0.325,6160.0,17,0,2,0,1
8743,0,0.0235,30,0,0.598,5610.0,4,0,1,0,4
8744,0,0.1112,56,0,0.2,3860.0,15,0,0,0,2
8745,0,0.5171,60,0,0.2577,9680.0,16,0,1,0,2
8746,0,0.0514,23,0,0.6296,2530.0,17,0,0,0,0
8747,0,0.487,54,0,0.3049,2390.0,10,0,1,0,0
8748,0,0.4793,49,0,0.561,15320.0,15,0,0,0,0
8749,1,0.5731,73,1,0.2757,2930.0,14,0,0,0,0
8750,0,0.1337,61,0,0.534,8740.0,18,0,0,0,1
8751,0,0.1816,70,0,0.2828,11240.0,6,0,0,0,0
8752,0,0.3343,22,0,0.1435,5580.0,3,0,1,0,0
8753,0,1.8,62,1,0.7974,2900.0,15,1,0,0,0
8754,0,0.1488,39,1,0.296,7170.0,13,1,2,0,0
8755,0,0.3298,50,0,0.3871,11330.0,19,0,0,0,0
8756,0,0.9617,68,0,0.2968,6040.0,2,0,0,0,0
8757,0,0.2433,67,1,0.6229,3140.0,1,0,0,1,1
8758,0,0.2233,33,0,0.5488,5910.0,10,0,1,0,3
8759,0,0.1431,33,0,0.622,2140.0,12,0,0,0,0
8760,1,0.3193,60,0,0.3231,2740.0,17,0,1,0,2
8761,0,0.092,68,0,0.4361,4210.0,13,0,0,0,0
8762,0,0.2205,54,0,0.5771,5100.0,14,0,0,0,0
8763,1,0.16,23,0,1.1356,2390.0,8,0,1,0,1
8764,0,0.5351,29,0,0.5401,5710.0,12,0,0,0,2
8765,0,0.2512,61,0,0.2461,6720.0,3,0,1,0,2
8766,0,0.1106,61,0,0.5277,4320.0,14,0,0,0,0
8767,0,0.3272,69,0,0.407,1350.0,3,0,1,0,0
8768,0,0.22,49,0,0.1354,5230.0,4,0,0,0,2
8769,0,0.1354,44,0,0.1485,14600.0,4,0,1,0,0
8770,1,0.0378,27,1,0.4318,6470.0,18,0,0,0,0
8771,0,0.3617,63,0,0.4542,4960.0,4,0,2,0,2
8772,1,0.7692,72,0,0.3765,3930.0,5,0,0,0,0
8773,1,0.0585,23,0,0.7638,6950.0,19,0,0,0,0
8774,0,0.1561,47,0,0.2564,5570.0,4,0,0,0,3
8775,0,0.3231,40,0,0.1956,7510.0,11,0,0,0,1
8776,0,0.0524,61,0,0.2738,2550.0,3,0,0,0,0
8777,0,0.0351,62,1,0.3117,5290.0,9,1,0,0,0
8778,0,0.012,32,0,0.4339,3730.0,18,0,0,0,0
8779,0,0.0052,72,0,0.2784,6140.0,7,0,1,0,2
8780,0,0.0242,28,0,0.1243,1530.0,9,0,0,0,1
8781,0,0.1115,63,2,0.0962,3880.0,17,1,0,0,2
8782,0,0.4651,61,1,0.4838,6810.0,11,0,1,0,4
8783,0,0.4727,29,0,0.2282,7500.0,19,0,0,0,0
8784,0,0.2318,57,0,0.1349,4830.0,8,0,2,0,0
8785,0,0.5591,35,0,0.6537,1340.0,5,0,0,0,2
8786,0,0.2455,35,0,1.1355,7220.0,1,0,0,0,0
8787,0,0.0269,25,0,0.4246,12710.0,8,0,1,0,0
8788,0,0.1784,61,1,0.5279,2970.0,2,0,0,0,0
8789,0,0.256,64,0,0.5305,3810.0,11,0,1,0,3
8790,0,0.2017,48,1,0.1122,7970.0,1,0,0,0,1
8791,0,0.3338,62,0,0.7658,8100.0,2,0,0,0,1
8792,0,0.1069,39,1,0.9455,9490.0,11,0,0,0,0
8793,0,0.4427,51,0,1.3527,9030.0,12,0,0,0,0
8794,0,0.4212,63,0,0.3456,1960.0,4,0,0,0,0
8795,0,0.0757,44,0,0.2274,3690.0,15,0,1,0,0
8796,0,0.7237,54,0,1.0152,7160.0,8,0,1,0,1
8797,0,0.1669,28,1,0.6061,4670.0,4,0,0,0,0
8798,1,0.6051,48,0,0.7594,6120.0,9,0,0,0,2
8799,0,0.2537,66,3,0.3048,4540.0,18,1,0,0,1
8800,0,0.0268,62,1,0.5288,3780.0,11,0,0,0,0
8801,0,0.0584,37,0,0.2388,4250.0,17,0,0,0,0
8802,0,0.9917,50,0,0.4479,2510.0,17,0,1,0,0
8803,0,0.2115,54,0,0.3647,3180.0,5,0,0,0,0
8804,1,0.4694,71,0,1.8333,4720.0,1,0,0,0,1
8805,0,0.26,65,0,0.6245,4770.0,13,0,0,0,1
8806,0,0.1354,65,0,0.1235,6910.0,10,0,2,0,0
8807,0,0.8027,61,0,0.4489,4140.0,7,0,1,0,3
8808,0,0.1588,40,0,0.5604,13430.0,3,0,0,0,0
8809,0,0.3607,41,0,0.3381,10280.0,3,0,1,0,1
8810,0,0.0534,46,2,0.2319,3640.0,18,0,1,0,0
8811,0,0.0908,44,1,0.6679,5530.0,3,0,0,0,0
8812,0,1.1871,72,0,0.2524,10180.0,18,0,0,0,3
8813,0,0.6338,68,0,0.6346,3350.0,6,0,0,0,2
8814,0,1.1691,69,0,0.2399,3140.0,3,0,0,0,0
8815,0,0.9648,53,0,0.3262,10720.0,10,0,0,0,0
8816,0,0.4509,31,0,0.7975,7440.0,3,0,0,0,2
8817,0,0.5566,28,0,0.6026,9360.0,6,0,0,0,1
8818,0,0.8158,35,0,0.4579,5940.0,3,0,1,0,1
8819,0,0.1346,56,0,0.4413,4220.0,1,0,3,0,2
8820,0,0.0836,40,0,0.4744,2200.0,2,0,0,0,0
8821,0,0.0224,56,0,0.2795,5340.0,19,0,1,0,2
8822,0,0.3149,68,0,0.1809,10290.0,4,0,0,0,3
8823,0,0.0767,39,0,0.6322,10370.0,5,0,0,0,0
8824,1,0.2496,71,2,1.1253,9340.0,3,1,1,0,3
8825,0,0.1695,48,0,0.6457,7880.0,2,0,0,0,3
8826,0,0.3725,64,0,0.5234,18520.0,4,0,0,0,0
8827,0,0.0276,24,0,0.2176,1940.0,2,0,0,0,2
8828,0,0.3827,35,0,0.7606,5650.0,3,0,0,0,0
8829,0,0.0182,71,0,0.5998,2800.0,9,0,0,0,1
8830,0,0.1354,68,0,0.709,12470.0,8,0,0,0,0
8831,0,0.4227,51,0,0.8355,3530.0,4,0,0,0,0
8832,0,0.0778,22,0,1.1637,9000.0,5,0,0,0,3
8833,0,0.6606,24,0,0.2302,3750.0,9,0,2,0,1
8834,0,1.0263,43,0,0.2073,6320.0,8,0,0,0,2
8835,0,0.1206,69,0,0.4911,4600.0,3,0,0,0,0
8836,1,0.3834,41,4,0.2583,4870.0,17,1,1,0,1
8837,0,0.0234,68,0,0.2328,6000.0,8,0,0,0,0
8838,1,0.8425,49,3,0.9343,8530.0,7,0,1,1,0
8839,0,0.0873,28,0,0.2453,4600.0,11,0,0,0,2
8840,0,1.0238,51,0,0.4464,8390.0,6,0,0,0,1
8841,0,0.2384,40,1,0.1688,9160.0,12,0,0,0,0
8842,0,0.0737,33,0,0.4666,3830.0,18,0,2,0,0
8843,0,0.094,57,0,0.9136,15230.0,17,0,0,0,1
8844,0,0.9432,32,2,0.9304,7690.0,7,0,1,0,2
8845,0,0.2367,69,0,0.8411,3790.0,2,0,0,0,0
8846,0,0.6304,64,1,0.4287,7100.0,3,0,0,0,0
8847,0,0.3278,63,0,0.8754,9160.0,5,0,0,0,1
8848,0,0.5266,25,0,0.5816,7000.0,12,0,1,0,0
8849,0,0.0903,72,0,0.3453,5550.0,10,0,0,0,1
8850,0,0.2438,47,0,0.565,620.0,6,0,1,0,0
8851,0,0.2907,60,1,0.7645,2750.0,4,0,1,0,1
8852,1,0.2124,31,0,0.2026,7380.0,10,0,2,0,0
8853,0,0.2236,62,0,0.2378,2720.0,19,0,3,0,0
8854,0,0.9083,38,1,0.4122,6690.0,15,1,2,0,3
8855,0,0.8043,59,1,0.2159,8360.0,5,0,0,0,0
8856,0,0.3207,35,0,0.214,4590.0,11,0,0,0,0
8857,0,0.0327,71,0,0.3491,1700.0,10,0,0,0,1
8858,0,0.0794,59,1,0.8148,3160.0,16,1,0,0,0
8859,0,0.3292,45,0,0.8056,7410.0,7,0,2,0,1
8860,0,0.0377,45,0,0.5448,10450.0,7,0,0,0,1
8861,1,0.0887,21,0,0.5007,1410.0,9,0,0,0,2
8862,0,0.2176,37,0,1.5722,5160.0,4,0,2,0,0
8863,1,0.2186,63,2,0.3251,2040.0,17,0,0,1,3
8864,1,0.2226,65,0,0.5193,5190.0,8,0,0,0,1
8865,0,0.0193,74,0,0.3156,4470.0,17,0,0,0,2
8866,0,0.0598,25,0,0.2075,20260.0,8,0,1,0,0
8867,0,0.6672,34,0,0.9148,3560.0,13,0,0,0,0
8868,0,0.1777,62,0,0.3741,9220.0,14,0,0,0,2
8869,1,1.3082,40,1,0.6817,9000.0,16,1,0,0,0
8870,0,0.0491,34,0,0.3876,4370.0,14,0,0,0,0
8871,0,0.4151,36,0,0.9493,5280.0,14,0,1,0,0
8872,0,0.1491,70,0,0.247,4920.0,6,0,0,0,0
8873,0,0.1573,67,0,0.9033,3150.0,2,0,1,0,0
8874,0,0.8122,21,0,0.7684,2990.0,18,0,0,0,3
8875,1,1.6207,66,0,0.1531,3840.0,17,0,0,0,1
8876,0,0.7952,51,0,0.3295,2480.0,6,0,0,0,0
8877,0,1.0518,66,0,0.829,3640.0,1,0,0,0,0
8878,0,0.4179,54,0,1.2001,4370.0,19,0,0,0,2
8879,1,0.8352,58,0,0.6902,5420.0,2,0,1,0,4
8880,0,0.0317,52,0,0.3542,6410.0,1,0,0,0,0
8881,0,0.2673,60,1,0.2513,4370.0,19,1,1,0,1
8882,0,0.2489,65,0,0.6313,3100.0,13,0,1,0,3
8883,0,0.104,48,0,0.348,6340.0,12,0,1,0,3
8884,0,0.1152,27,0,0.357,7900.0,12,0,2,0,1
8885,0,0.2761,26,0,0.3928,3670.0,15,0,0,0,0
8886,0,0.0149,43,0,0.7627,2730.0,12,0,0,0,0
8887,0,0.3355,46,0,1.3283,3760.0,15,0,0,0,0
8888,0,0.0279,67,0,0.832,4410.0,15,0,0,0,2
8889,0,0.0855,22,0,0.4519,9770.0,5,0,0,0,0
8890,0,0.2788,68,0,0.262,7450.0,12,0,1,0,0
8891,0,0.0943,23,0,0.6707,4910.0,7,0,0,0,2
8892,0,1.5091,47,0,1.2205,15370.0,12,0,1,0,3
8893,0,0.2835,43,0,0.8205,4810.0,4,0,0,0,0
8894,0,0.3289,51,0,0.509,11480.0,17,0,0,0,0
8895,0,0.0086,23,1,0.3351,10230.0,6,0,0,0,0
8896,0,0.9607,62,0,0.5527,9800.0,4,0,1,0,3
8897,0,0.2244,28,0,0.8983,5960.0,3,0,2,0,0
8898,0,0.0833,63,1,0.5165,5270.0,11,0,0,0,0
8899,0,0.13,51,0,0.4223,4930.0,7,0,0,0,3
8900,0,0.6291,68,0,0.2975,8190.0,14,0,0,0,0
8901,1,1.1558,73,0,2.1248,3060.0,8,0,1,0,1
8902,0,0.2675,66,0,0.2633,4200.0,6,0,0,0,0
8903,0,0.0855,45,0,0.2491,13360.0,6,0,0,0,1
8904,0,0.0542,43,0,0.4958,7140.0,5,0,0,0,0
8905,0,0.0027,56,0,0.3981,8710.0,14,0,0,0,0
8906,0,0.1821,56,0,0.8303,2360.0,3,0,0,0,0
8907,0,1.0296,63,0,0.8473,3790.0,18,0,0,0,0
8908,0,0.4425,47,0,0.2168,6000.0,5,0,0,0,0
8909,0,0.0899,45,0,0.2855,4790.0,1,0,0,0,0
8910,0,0.3214,27,0,0.2657,2360.0,13,0,0,0,3
8911,1,0.1888,30,0,0.7194,7750.0,14,0,2,0,0
8912,0,0.2378,65,0,0.581,9380.0,12,0,0,0,4
8913,0,0.3782,74,0,0.3596,4140.0,7,0,1,0,3
8914,0,0.0657,53,0,0.5116,7920.0,4,0,1,0,0
8915,0,0.5086,39,1,0.2286,16600.0,17,0,1,0,0
8916,0,1.2475,24,0,0.2878,12270.0,10,0,0,0,3
8917,0,0.0087,23,0,0.206,4250.0,10,0,2,0,1
8918,0,0.4163,57,0,0.4903,2530.0,5,0,0,0,0
8919,0,0.3517,55,1,0.4892,5640.0,15,0,0,0,0
8920,0,0.0334,36,0,0.2489,20090.0,18,0,0,0,2
8921,0,0.3016,31,0,0.5785,10970.0,13,0,0,0,2
8922,1,0.1347,24,3,0.8473,4900.0,14,1,0,0,0
8923,0,0.6181,57,0,0.2421,12550.0,14,0,1,0,0
8924,0,0.5297,53,0,0.3694,9910.0,4,0,1,0,2
8925,0,1.3196,38,0,0.6115,1570.0,9,0,2,0,2
8926,0,0.2944,60,0,0.4476,9290.0,6,0,1,0,0
8927,0,0.0181,66,0,0.1973,5280.0,8,0,0,0,0
8928,0,0.0169,48,2,0.3449,2920.0,17,1,0,0,0
8929,0,0.0329,35,0,0.3381,5190.0,16,0,0,0,1
8930,0,0.1638,21,0,0.4057,6300.0,11,0,2,0,0
8931,0,0.6765,63,0,0.4162,3050.0,3,0,1,0,0
8932,0,0.1848,52,0,1.1498,4570.0,7,0,0,0,0
8933,0,0.0211,39,0,0.3965,4030.0,14,0,1,0,1
8934,1,0.6976,21,2,0.1603,7920.0,12,1,1,1,0
8935,0,0.7496,64,0,0.4746,4100.0,11,0,2,0,3
8936,0,0.0301,71,3,1.2823,1770.0,8,1,1,0,0
8937,0,0.2768,46,0,0.4065,3760.0,19,0,1,0,3
8938,0,0.1585,35,0,0.3455,2790.0,18,0,0,0,0
8939,0,0.3407,54,0,0.3742,2260.0,13,0,0,0,3
8940,0,0.9588,68,0,0.6379,9980.0,17,0,0,0,0
8941,0,0.1108,52,0,0.3732,7960.0,4,0,1,0,0
8942,0,0.8606,21,0,0.181,2750.0,4,0,2,0,0
8943,0,0.3026,31,0,0.3003,2290.0,14,0,1,0,0
8944,0,0.3188,26,0,0.4322,4620.0,13,0,2,0,0
8945,0,0.2954,43,0,0.6196,2220.0,5,0,1,0,0
8946,0,0.3274,45,1,0.3168,4250.0,16,0,1,0,1
8947,0,0.1064,49,0,0.3762,5130.0,15,0,0,0,1
8948,0,0.1699,61,0,0.4616,5900.0,5,0,1,0,0
8949,0,0.7125,27,0,0.2818,6030.0,12,0,0,0,2
8950,1,0.1254,71,0,0.4253,3080.0,17,0,0,0,0
8951,0,1.0358,35,0,0.5947,5130.0,15,0,1,0,1
8952,0,0.1579,49,0,0.2205,10600.0,8,0,1,0,0
8953,0,0.2868,32,0,0.54,1400.0,16,0,2,0,0
8954,0,0.4841,40,0,0.2336,5980.0,6,0,0,0,1
8955,0,1.0135,65,0,0.2364,2420.0,19,0,0,0,0
8956,0,0.0328,23,0,0.3019,11410.0,19,0,0,0,0
8957,0,0.6741,47,0,1.0194,8020.0,6,0,0,0,3
8958,0,0.372,52,0,0.1606,7870.0,14,0,0,0,0
8959,0,0.2182,51,0,0.3401,2950.0,19,0,0,0,2
8960,0,0.2358,41,0,0.4423,5760.0,6,0,1,0,2
8961,0,0.0456,41,0,0.9051,6160.0,14,0,0,0,0
8962,0,0.087,70,0,1.4459,1180.0,11,0,3,0,0
8963,0,0.0785,34,0,0.3488,5370.0,9,0,0,0,1
8964,0,0.1278,46,0,0.621,7100.0,13,0,1,0,2
8965,0,0.3984,40,1,0.4245,2100.0,10,0,1,0,3
8966,0,0.4196,62,1,0.4229,7050.0,14,0,0,0,0
8967,1,0.5292,64,0,0.5294,5220.0,19,0,0,0,1
8968,0,0.6627,66,0,0.1736,11260.0,4,0,1,0,0
8969,1,0.2041,25,4,0.4366,3840.0,4,1,0,0,0
8970,0,1.1854,26,0,0.5889,5470.0,12,0,0,0,0
8971,0,0.0023,41,0,0.2682,6030.0,19,0,1,0,4
8972,0,0.4426,44,0,0.5912,910.0,17,0,0,0,1
8973,0,0.3494,24,1,0.1593,3970.0,8,1,3,0,1
8974,0,0.0418,69,0,0.4753,5180.0,16,0,0,0,3
8975,1,0.7777,69,0,1.0053,1200.0,18,0,0,0,0
8976,0,0.6449,43,0,0.3941,7370.0,6,0,1,0,1
8977,0,0.9658,62,0,0.2498,5170.0,2,0,1,0,0
8978,0,0.0646,51,0,0.1911,5160.0,19,0,0,0,0
8979,0,0.0763,56,0,0.568,7580.0,4,0,0,0,2
8980,0,0.2159,68,0,0.7841,3840.0,1,0,0,0,0
8981,0,0.044,25,0,0.4345,5040.0,7,0,0,0,3
8982,0,0.21,33,0,0.3402,8260.0,15,0,0,0,0
8983,0,0.4291,44,0,0.1411,5080.0,15,0,0,0,0
8984,0,0.1239,69,0,0.484,1630.0,7,0,0,0,0
8985,0,0.427,52,1,0.2971,5070.0,14,0,1,0,0
8986,0,0.1058,42,0,0.3076,5110.0,18,0,0,0,1
8987,0,0.1276,22,0,1.1851,8440.0,1,0,0,0,1
8988,1,1.0938,53,0,0.1524,4000.0,17,0,1,0,0
8989,1,0.002,35,2,0.1652,2730.0,12,1,0,1,0
8990,0,0.497,38,1,0.5162,2740.0,17,1,0,0,2
8991,0,0.2647,74,0,0.3566,11680.0,1,0,0,0,0
8992,0,0.2345,49,0,0.3291,5850.0,5,0,0,0,1
8993,0,0.0997,28,0,0.5292,11330.0,8,0,0,0,0
8994,0,0.3481,23,0,0.5239,12350.0,16,0,2,0,0
8995,0,0.1449,41,0,0.2505,3150.0,13,0,0,0,1
8996,0,0.1282,24,1,0.3151,3000.0,7,0,0,0,0
8997,0,0.1293,44,0,0.4629,4550.0,5,0,0,0,1
8998,0,0.1118,43,1,0.4967,7110.0,9,0,0,0,0
8999,0,0.0175,68,0,0.6005,2120.0,4,0,0,0,0
9000,1,1.4279,39,1,0.3167,6460.0,18,0,1,0,1
9001,0,0.129,35,3,0.5533,6260.0,16,0,0,0,1
9002,1,0.266,54,0,0.7947,2500.0,14,0,1,0,2
9003,0,0.3253,55,0,0.4621,2550.0,10,0,0,0,0
9004,0,0.0325,23,0,0.4224,6420.0,13,0,1,0,0
9005,0,1.1415,25,1,0.3901,17050.0,5,0,2,0,0
9006,0,0.1676,30,0,0.3102,4120.0,3,0,0,0,1
9007,0,0.0685,62,0,0.2559,5990.0,5,0,0,0,0
9008,0,0.0731,32,0,0.3757,3420.0,11,0,0,0,2
9009,0,0.1702,74,0,0.5889,5660.0,19,0,0,0,0
9010,0,0.2221,44,0,0.2636,3380.0,3,0,0,0,0
9011,0,0.1515,71,0,0.4295,4210.0,6,0,0,0,1
9012,0,0.0412,34,3,0.4006,21360.0,2,1,0,1,1
9013,0,0.0157,43,0,1.3056,5240.0,9,0,0,0,0
9014,1,0.5038,28,2,0.6933,1920.0,18,0,0,1,0
9015,0,0.5825,66,0,0.6866,7230.0,1,0,0,0,2
9016,1,0.0474,53,1,0.7804,9680.0,12,0,1,1,1
9017,0,0.3478,25,0,0.3239,7370.0,3,0,0,0,0
9018,0,0.4698,61,0,1.0264,4420.0,1,0,0,0,3
9019,0,0.7075,68,1,0.4944,2830.0,11,1,0,0,3
9020,0,0.7733,58,0,0.4374,2880.0,9,0,1,0,0
9021,0,0.2245,64,0,0.2168,4390.0,18,0,0,0,0
9022,0,0.2028,35,0,0.3531,3940.0,6,0,1,0,2
9023,0,0.4848,44,0,0.1557,3520.0,13,0,1,0,0
9024,0,0.3033,67,0,0.3872,10190.0,3,0,0,0,1
9025,0,0.078,53,0,0.318,8540.0,11,0,0,0,1
9026,0,0.0033,54,2,0.3538,10510.0,16,0,2,0,1
9027,0,0.8128,62,0,0.1956,3060.0,8,0,0,0,0
9028,0,0.1317,54,0,0.6853,2830.0,3,0,1,0,0
9029,0,0.1151,27,0,0.6412,5150.0,10,0,1,0,0
9030,0,0.8489,32,0,1.2385,6300.0,4,0,0,0,0
9031,0,0.225,63,0,1.2176,5130.0,13,0,1,0,0
9032,0,0.0554,34,1,0.4935,6050.0,5,0,0,0,1
9033,0,0.5942,56,0,0.8303,12720.0,13,0,1,0,0
9034,0,0.0308,46,0,0.5256,4310.0,14,0,1,0,1
9035,0,1.3138,54,0,0.3477,7980.0,19,0,1,0,0
9036,0,0.2726,33,0,0.3803,6710.0,4,0,0,0,0
9037,0,0.5031,37,0,0.6593,5200.0,18,0,1,0,0
9038,0,0.4061,58,0,3.5,7760.0,7,0,1,0,0
9039,0,0.2461,30,0,0.9049,3100.0,3,0,0,0,2
9040,0,0.215,37,0,0.5209,2750.0,18,0,0,0,0
9041,0,0.2973,74,0,0.6007,6370.0,11,0,0,0,1
9042,0,0.1068,29,0,0.5975,1840.0,11,0,1,0,2
9043,0,0.3842,52,0,0.4256,6680.0,6,0,1,0,0
9044,0,0.0696,29,0,0.7074,2500.0,4,0,1,0,0
9045,0,0.0802,59,0,0.4093,12220.0,2,0,1,0,0
9046,0,0.3746,27,0,0.2449,3870.0,17,0,2,0,2
9047,1,0.7049,51,0,0.5999,11750.0,1,0,2,0,0
9048,0,0.6203,44,0,0.65,4330.0,10,0,0,0,4
9049,0,0.0507,58,0,0.4117,4220.0,6,0,0,0,0
9050,0,0.1401,21,0,0.5411,8260.0,16,0,0,0,2
9051,1,1.1637,48,3,0.7997,5860.0,14,0,1,1,2
9052,0,0.4882,50,0,0.4356,4720.0,2,0,1,0,0
9053,0,0.72,33,0,0.3436,3860.0,3,0,3,0,1
9054,0,0.2822,37,0,0.2936,3880.0,4,0,1,0,0
9055,0,0.8781,59,0,0.3859,20220.0,14,0,1,0,0
9056,0,0.0604,50,0,1.1286,1800.0,2,0,1,0,1
9057,0,0.1651,52,0,0.3989,2390.0,5,0,1,0,1
9058,1,0.6514,71,3,0.5575,9960.0,10,1,0,0,0
9059,0,0.1427,42,0,0.3698,9520.0,4,0,0,0,2
9060,0,0.2321,67,0,0.3513,2830.0,8,0,3,0,1
9061,0,0.147,73,0,0.2651,1720.0,6,0,1,0,1
9062,0,0.1083,52,0,0.4772,10540.0,8,0,0,0,1
9063,0,0.664,32,0,0.3295,2620.0,1,0,0,0,0
9064,0,0.2014,43,0,0.9648,3660.0,7,0,1,0,0
9065,0,0.3093,23,0,0.4213,5210.0,11,0,1,0,1
9066,0,0.3958,58,1,0.4375,2580.0,9,0,1,0,2
9067,0,0.1208,35,1,0.4033,8560.0,18,0,0,0,3
9068,0,0.126,70,0,0.5614,4980.0,8,0,1,0,0
9069,0,0.6228,56,0,1.0992,2900.0,6,0,3,0,1
9070,0,0.3868,47,0,0.2408,3050.0,4,0,1,0,0
9071,0,0.2931,31,0,0.5308,10700.0,12,0,1,0,0
9072,0,0.0153,26,0,0.1753,4160.0,11,0,0,0,0
9073,0,0.3332,57,0,0.9361,7110.0,1,0,0,0,4
9074,0,0.1143,62,2,0.4211,4890.0,17,0,0,1,1
9075,0,0.7313,35,0,0.1832,1720.0,19,0,0,0,0
9076,0,0.0813,21,0,0.209,7690.0,19,0,0,0,2
9077,0,0.6355,38,0,0.7322,9360.0,15,0,1,0,0
9078,0,0.5365,62,1,0.1655,14850.0,3,0,0,0,0
9079,0,0.65,52,2,0.531,1570.0,18,1,2,0,0
9080,0,0.9561,25,0,0.3475,740.0,8,0,2,0,0
9081,0,0.2549,27,0,0.3998,7210.0,17,0,0,0,0
9082,1,0.6138,26,0,0.2999,3430.0,5,0,2,0,4
9083,0,0.7431,61,0,0.2537,2080.0,14,0,0,0,0
9084,0,0.5853,63,0,0.3354,5240.0,11,0,1,0,0
9085,0,0.1347,43,0,0.6333,3750.0,9,0,1,0,0
9086,0,0.1716,58,1,0.377,2290.0,7,0,0,0,0
9087,0,0.9275,22,0,0.5785,4680.0,2,0,1,0,0
9088,0,0.3411,51,0,0.3885,6900.0,17,0,1,0,2
9089,1,0.7318,35,0,0.6484,5460.0,14,0,1,0,0
9090,0,0.0757,65,0,0.5764,5480.0,18,0,1,0,4
9091,0,0.2307,47,0,0.3248,6410.0,10,0,1,0,0
9092,0,0.3446,66,0,0.2535,1780.0,7,0,1,0,0
9093,0,0.6054,51,1,0.7972,4770.0,12,0,1,0,4
9094,0,0.2449,45,0,0.2758,5680.0,7,0,1,0,0
9095,0,0.2924,72,0,0.6068,3920.0,18,0,1,0,0
9096,1,0.3198,74,0,0.4578,2990.0,11,0,0,0,0
9097,1,0.2139,45,0,0.3403,3140.0,13,0,3,0,1
9098,0,0.3111,40,0,0.5814,4120.0,13,0,2,0,0
9099,0,0.1471,55,0,1.0209,8510.0,8,0,0,0,1
9100,0,0.3543,30,0,0.654,12290.0,15,0,2,0,3
9101,0,0.4292,41,0,0.4856,10870.0,10,0,0,0,1
9102,0,0.4199,66,0,1.1887,1930.0,2,0,1,0,0
9103,0,0.0265,69,0,0.1645,2800.0,8,0,1,0,0
9104,1,0.0081,43,1,0.2305,7290.0,1,0,0,0,1
9105,1,0.4837,42,1,0.34,10730.0,14,0,1,0,1
9106,0,0.2294,68,0,1.0529,2750.0,13,0,1,0,0
9107,1,0.1259,31,2,0.7911,5490.0,18,1,2,0,0
9108,1,1.3218,24,1,0.1605,2490.0,10,0,1,0,0
9109,1,0.0626,24,1,0.3458,5800.0,19,1,0,0,0
9110,1,0.2171,26,0,0.2031,3340.0,13,0,1,0,3
9111,0,0.1002,68,0,0.4386,5480.0,8,0,0,0,4
9112,0,0.5648,23,0,0.7719,2380.0,6,0,1,0,2
9113,0,0.753,38,1,0.8069,1840.0,19,0,1,0,3
9114,0,0.1513,53,1,0.5277,31540.0,4,0,2,0,3
9115,0,0.1772,53,0,0.3482,5120.0,1,0,0,0,0
9116,0,0.079,65,1,0.4243,17690.0,3,0,1,0,0
9117,0,0.2682,73,0,0.677,12150.0,14,0,1,0,0
9118,1,0.2694,42,0,1.8375,1840.0,15,0,1,0,0
9119,0,0.1479,33,0,0.2207,6110.0,10,0,1,0,0
9120,0,0.5784,25,0,1.1657,2260.0,8,0,0,0,0
9121,0,0.3357,69,0,0.5202,4110.0,4,0,1,0,0
9122,0,0.3521,41,0,0.735,1590.0,2,0,0,0,0
9123,0,0.1173,69,0,0.5021,1910.0,15,0,3,0,1
9124,1,0.7599,39,0,1.0434,2940.0,5,0,0,0,2
9125,0,1.2481,61,1,0.5476,3540.0,19,0,3,0,0
9126,0,0.2641,55,0,0.3044,5030.0,17,0,0,0,1
9127,0,0.3734,59,0,0.5886,2640.0,15,0,0,0,0
9128,0,0.078,56,0,0.8834,5380.0,10,0,1,0,1
9129,0,0.5595,37,1,0.4494,9720.0,7,0,0,0,0
9130,0,0.3102,26,0,0.1295,5790.0,17,0,1,0,2
9131,0,0.1713,21,0,0.4194,4720.0,1,0,1,0,0
9132,0,0.3222,43,0,0.4766,6030.0,18,0,0,0,2
9133,0,0.3273,69,0,0.4374,2080.0,16,0,1,0,0
9134,0,0.0285,55,0,0.3338,8700.0,2,0,0,0,3
9135,1,0.9215,57,0,0.9938,2400.0,5,0,1,0,1
9136,0,0.2846,34,0,0.1082,12470.0,18,0,1,0,3
9137,0,0.2457,47,0,0.4754,7800.0,13,0,1,0,0
9138,1,0.0925,42,1,0.4794,6860.0,8,0,0,0,0
9139,0,0.2884,28,0,1.5792,7040.0,16,0,1,0,0
9140,0,0.0682,54,0,0.4455,4910.0,14,0,0,0,0
9141,0,0.1907,40,0,0.5871,3070.0,18,0,0,0,0
9142,0,0.3455,42,0,0.4843,2790.0,8,0,0,0,0
9143,1,0.7029,53,0,0.4755,14060.0,12,0,0,0,0
9144,0,0.008,22,1,1.294,5230.0,12,0,2,0,0
9145,0,0.1349,71,0,0.2306,2520.0,1,0,1,0,0
9146,0,0.0719,33,2,0.3011,6700.0,13,1,0,0,1
9147,0,1.0608,57,0,0.7065,6040.0,14,0,1,0,2
9148,0,0.1059,62,0,0.5242,4030.0,3,0,1,0,0
9149,0,0.1394,29,0,0.3791,2870.0,16,0,0,0,0
9150,0,0.2839,34,0,0.4307,7640.0,9,0,1,0,1
9151,0,0.0663,43,0,0.7775,8670.0,9,0,1,0,1
9152,1,0.2196,65,0,0.6011,5960.0,4,0,0,0,2
9153,0,1.52,55,0,0.2929,5130.0,17,0,1,0,0
9154,0,0.0506,46,0,0.5182,3070.0,3,0,0,0,3
9155,0,0.0143,66,0,0.4361,6550.0,19,0,0,0,0
9156,0,0.0305,46,0,0.5959,3360.0,12,0,0,0,0
9157,0,0.3104,68,0,0.3706,2290.0,5,0,0,0,0
9158,0,0.7475,62,0,0.2176,9660.0,13,0,0,0,3
9159,0,0.2127,30,0,0.6726,2650.0,14,0,0,0,0
9160,0,0.2735,41,1,0.6245,1570.0,5,0,0,0,1
9161,0,0.1408,22,3,1.0504,10780.0,17,0,3,0,2
9162,0,0.2094,33,0,0.204,1730.0,1,0,0,0,3
9163,0,0.709,22,1,0.4307,3890.0,3,0,1,0,2
9164,0,0.3067,26,0,0.3913,2550.0,19,0,1,0,0
9165,1,1.0414,21,0,0.3543,3180.0,15,0,0,0,2
9166,0,0.5001,57,1,0.1782,18670.0,10,0,0,0,2
9167,0,0.4788,43,0,0.237,4620.0,7,0,1,0,3
9168,0,0.4587,46,0,0.5285,6100.0,13,0,0,0,0
9169,0,0.4752,62,0,0.3329,7900.0,14,0,1,0,0
9170,0,0.6173,64,1,0.2737,3330.0,2,0,0,0,0
9171,0,0.1155,49,0,1.06,9370.0,9,0,0,0,1
9172,0,0.1558,45,1,1.8668,6160.0,12,0,1,0,0
9173,0,0.4981,56,0,0.4344,7730.0,12,0,0,0,0
9174,1,0.8685,43,3,0.1824,3180.0,15,1,0,0,0
9175,0,0.1862,44,0,0.57,6410.0,18,0,0,0,1
9176,0,0.1197,37,0,0.1286,4890.0,1,0,0,0,1
9177,0,0.0423,31,1,0.1999,9680.0,11,1,1,0,0
9178,0,0.0294,31,0,0.5759,3550.0,10,0,1,0,1
9179,0,0.3053,56,0,0.1959,16640.0,4,0,1,0,0
9180,0,0.0957,65,1,0.3762,6020.0,3,0,1,0,0
9181,1,0.8348,43,1,0.1845,4560.0,18,1,2,1,0
9182,0,0.0562,26,0,0.4648,4250.0,3,0,0,0,0
9183,0,0.2121,53,0,0.8816,4890.0,9,0,1,0,0
9184,0,0.4692,69,0,0.3111,3370.0,12,0,1,0,1
9185,0,0.1419,49,0,0.4441,7330.0,10,0,1,0,0
9186,0,0.1752,22,0,0.2754,4880.0,12,0,1,0,0
9187,0,1.3876,25,1,0.2872,15770.0,1,0,0,0,0
9188,0,0.0422,49,0,0.2729,3790.0,11,0,0,0,1
9189,0,0.3057,67,0,0.72,4570.0,16,0,0,0,0
9190,0,0.1483,24,0,0.1924,3790.0,10,0,0,0,0
9191,1,0.0652,61,2,0.3682,15080.0,19,0,0,0,1
9192,1,0.9667,63,0,0.5746,2060.0,9,0,0,0,3
9193,0,0.3488,23,0,0.7756,5200.0,6,0,0,0,0
9194,0,0.0949,32,0,0.5853,5930.0,10,0,0,0,0
9195,0,0.2372,21,0,0.4302,2500.0,6,0,1,0,1
9196,0,0.4951,51,0,0.3194,24000.0,7,0,1,0,0
9197,0,0.1838,30,0,0.7829,2810.0,9,0,0,0,0
9198,0,0.1776,70,0,0.267,5010.0,5,0,1,0,1
9199,0,0.2702,25,0,0.2695,13500.0,1,0,2,0,0
9200,0,0.109,56,0,1.0116,3920.0,6,0,0,0,0
9201,1,0.0068,63,0,0.5578,5360.0,1,0,1,0,0
9202,0,0.8469,30,0,0.5697,4000.0,18,0,0,0,0
9203,0,0.0182,34,0,0.6435,4760.0,17,0,0,0,1
9204,0,0.3206,64,0,0.4245,9400.0,6,0,0,0,2
9205,0,0.0416,26,0,0.1896,3820.0,18,0,1,0,0
9206,0,0.0408,44,0,0.5224,1000.0,8,0,0,0,0
9207,0,0.2406,34,1,0.4444,4820.0,8,1,0,0,0
9208,0,0.0833,21,0,0.2684,5100.0,10,0,1,0,1
9209,1,0.6417,45,0,0.2338,5530.0,18,0,1,0,2
9210,1,0.0929,47,2,0.437,4400.0,15,0,1,1,0
9211,0,0.727,39,0,0.199,2930.0,13,0,0,0,0
9212,1,0.6307,64,3,0.4123,4240.0,15,1,2,0,1
9213,0,1.0351,26,1,0.3835,14170.0,17,0,0,0,0
9214,0,0.3287,44,0,0.4183,4790.0,14,0,2,0,0
9215,0,0.8404,30,0,0.5721,7270.0,9,0,0,0,1
9216,0,0.0722,61,3,0.6526,2640.0,6,1,2,0,4
9217,0,0.6302,51,0,0.2932,4130.0,9,0,0,0,2
9218,0,0.1145,59,0,0.7572,2700.0,4,0,0,0,0
9219,0,0.7079,26,0,0.3939,10680.0,12,0,1,0,0
9220,0,0.4215,45,0,1.2866,1930.0,16,0,1,0,0
9221,0,0.2805,23,1,0.3162,6150.0,1,0,1,0,0
9222,0,0.3575,38,0,0.1709,6030.0,17,0,1,0,0
9223,0,0.3365,72,0,0.741,5800.0,13,0,0,0,0
9224,0,0.0945,60,0,0.5801,1200.0,18,0,0,0,3
9225,0,0.3405,25,0,0.924,1460.0,14,0,0,0,0
9226,1,1.0433,40,0,0.5411,5270.0,17,0,1,0,4
9227,0,0.3139,68,0,1.8294,2820.0,15,0,0,0,0
9228,0,0.0475,30,0,0.4012,3340.0,7,0,0,0,1
9229,0,0.6599,61,0,0.8418,3810.0,11,0,0,0,0
9230,0,0.1025,38,2,0.3278,2610.0,3,0,0,0,1
9231,0,0.4452,46,0,0.6035,2360.0,16,0,0,0,0
9232,0,0.0244,68,0,0.6749,4910.0,13,0,0,0,3
9233,0,0.1332,57,0,0.7405,1570.0,12,0,0,0,0
9234,0,0.0084,36,0,0.7159,3630.0,13,0,1,0,1
9235,0,0.289,21,0,0.0644,3290.0,14,0,0,0,1
9236,0,0.2438,33,0,0.4312,4850.0,5,0,0,0,0
9237,0,0.257,43,0,0.3182,20580.0,12,0,0,0,3
9238,0,0.5695,28,0,0.3582,2730.0,12,0,0,0,0
9239,0,0.1652,68,0,0.3791,6270.0,14,0,3,0,0
9240,0,0.1123,23,0,0.8077,5610.0,19,0,1,0,1
9241,0,0.016,50,0,0.5074,6880.0,7,0,0,0,0
9242,0,0.2739,73,0,0.3314,4320.0,4,0,0,0,1
9243,1,0.5196,39,4,0.1862,11670.0,19,1,0,0,1
9244,1,0.819,49,0,1.1273,7410.0,8,0,1,0,1
9245,0,0.0357,24,0,0.3047,7490.0,6,0,0,0,0
9246,0,0.0469,60,0,0.4154,2100.0,8,0,0,0,0
9247,0,0.0978,73,0,1.6215,5210.0,15,0,1,0,0
9248,0,0.7649,62,0,0.3097,3620.0,5,0,1,0,0
9249,0,0.1653,29,0,0.3808,2930.0,1,0,0,0,3
9250,0,0.3519,40,0,0.5165,3370.0,15,0,0,0,3
9251,0,0.0956,60,1,0.1714,4750.0,10,1,1,0,0
9252,0,0.3772,64,0,0.1599,6460.0,14,0,1,0,1
9253,1,0.0035,42,0,0.3366,8860.0,6,0,0,0,0
9254,0,0.2691,72,0,0.3436,8610.0,5,0,2,0,1
9255,0,0.0449,31,0,0.487,5860.0,9,0,0,0,0
9256,0,0.9754,61,0,0.2499,5080.0,17,0,0,0,0
9257,0,0.088,47,0,0.583,4050.0,14,0,1,0,0
9258,0,0.0357,59,0,0.1232,4240.0,9,0,1,0,0
9259,0,0.6605,53,0,0.4308,3080.0,4,0,1,0,0
9260,0,0.0369,44,0,0.5577,3800.0,11,0,0,0,0
9261,0,0.1362,65,0,0.5472,6080.0,2,0,1,0,0
9262,0,0.9774,66,0,0.4075,12380.0,14,0,0,0,0
9263,0,0.214,65,0,0.3023,4490.0,9,0,0,0,0
9264,0,0.5619,25,0,0.4005,3030.0,17,0,2,0,0
9265,0,0.0332,43,0,0.9421,8790.0,19,0,0,0,0
9266,0,0.1187,61,0,0.3136,1480.0,5,0,1,0,0
9267,0,0.629,67,0,0.808,9190.0,3,0,1,0,3
9268,0,0.0569,40,0,0.889,2080.0,12,0,1,0,3
9269,0,0.0643,60,0,0.1586,7290.0,1,0,0,0,0
9270,0,0.0574,51,0,0.4161,3690.0,13,0,0,0,0
9271,1,1.8,32,0,0.2499,5960.0,17,0,1,0,1
9272,1,0.34,69,3,0.1825,17150.0,17,1,0,0,0
9273,0,0.0857,45,0,0.7227,2970.0,15,0,0,0,1
9274,0,0.4562,53,0,0.5969,2700.0,15,0,0,0,0
9275,0,0.1667,36,0,0.5263,5150.0,5,0,0,0,0
9276,0,0.0307,22,0,0.2343,12270.0,18,0,0,0,0
9277,0,0.6954,45,0,0.5098,5470.0,15,0,0,0,0
9278,0,0.5259,60,0,0.2047,5050.0,2,0,1,0,2
9279,0,0.4981,38,0,0.4706,5440.0,12,0,0,0,0
9280,0,0.0773,71,0,0.3021,2690.0,9,0,1,0,0
9281,0,0.4443,61,0,0.8441,5470.0,3,0,1,0,1
9282,0,0.1627,55,0,0.3614,3880.0,6,0,2,0,0
9283,0,0.2818,64,0,0.5162,10870.0,18,0,0,0,0
9284,0,0.9026,67,0,0.5169,7930.0,10,0,1,0,0
9285,0,0.7244,59,0,0.4294,2220.0,3,0,0,0,1
9286,0,0.2666,65,0,0.4786,4150.0,16,0,1,0,2
9287,0,0.2004,59,0,0.5392,6750.0,5,0,2,0,0
9288,0,0.3843,67,0,0.2624,2730.0,10,0,1,0,0
9289,0,0.578,26,1,0.5722,2570.0,3,1,0,0,0
9290,0,0.4415,39,0,0.7545,3720.0,1,0,0,0,0
9291,0,0.1708,68,1,0.5703,6040.0,19,0,1,1,2
9292,0,0.0291,46,0,0.3633,9160.0,13,0,1,0,1
9293,0,0.2228,21,0,0.4989,5650.0,12,0,0,0,3
9294,0,0.0075,66,0,0.3612,21530.0,1,0,0,0,0
9295,0,0.0517,56,0,0.4184,3270.0,12,0,0,0,2
9296,0,0.4666,70,1,0.2203,7660.0,2,1,1,0,2
9297,1,0.2625,21,0,1.0284,2530.0,3,0,0,0,3
9298,0,0.2634,28,0,1.4352,12920.0,14,0,2,0,0
9299,0,0.2518,48,1,0.2945,11110.0,10,0,1,0,3
9300,0,0.2944,30,0,0.7201,7530.0,16,0,2,0,1
9301,0,0.4027,49,0,1.0776,1730.0,7,0,0,0,1
9302,0,0.5972,39,0,0.2529,7490.0,7,0,1,0,0
9303,0,0.6439,32,2,0.1231,3010.0,16,0,1,0,0
9304,0,0.1545,62,0,1.1164,6450.0,11,0,1,0,4
9305,0,0.1023,23,0,0.4466,2050.0,18,0,1,0,2
9306,0,0.8076,68,0,0.329,5780.0,11,0,0,0,2
9307,0,0.0825,29,3,0.4623,3980.0,4,0,0,0,0
9308,1,1.3639,52,4,0.3601,3080.0,2,1,1,0,0
9309,0,0.8562,74,0,2.653,7010.0,5,0,0,0,0
9310,0,0.1662,27,0,0.3268,4770.0,11,0,1,0,0
9311,0,0.5331,71,0,0.5468,4350.0,13,0,1,0,0
9312,0,0.9217,37,1,0.9756,7650.0,1,0,0,0,0
9313,0,0.0189,61,0,0.9728,15400.0,6,0,1,0,0
9314,0,0.3339,67,1,0.8673,5800.0,16,0,1,0,0
9315,0,0.5722,33,0,0.3481,1660.0,8,0,1,0,0
9316,0,0.5886,39,0,0.4101,1930.0,15,0,1,0,0
9317,0,0.0318,67,0,0.1219,5120.0,8,0,0,0,0
9318,0,0.3482,26,0,0.4297,9100.0,6,0,0,0,0
9319,0,0.0431,26,0,0.4583,5330.0,14,0,2,0,1
9320,0,0.4554,37,0,0.7012,6680.0,5,0,0,0,0
9321,0,0.0354,53,0,1.3196,4740.0,13,0,0,0,2
9322,0,0.2181,64,0,0.6885,8750.0,4,0,2,0,0
9323,0,0.2104,51,0,0.8542,7120.0,15,0,0,0,0
9324,0,0.1231,47,0,0.4446,2670.0,19,0,1,0,2
9325,0,0.14,68,0,0.971,6430.0,18,0,0,0,1
9326,0,0.059,30,0,0.4523,1950.0,17,0,0,0,1
9327,0,0.1367,69,0,0.8908,6430.0,1,0,1,0,2
9328,0,0.666,37,0,0.7281,4150.0,16,0,0,0,3
9329,0,1.649,35,1,0.5687,5410.0,12,0,2,1,0
9330,0,0.0817,72,0,0.1783,5970.0,9,0,1,0,4
9331,1,1.8,55,2,0.8659,5820.0,16,1,0,0,3
9332,0,1.2797,44,0,0.5638,11500.0,16,0,1,0,0
9333,0,0.434,38,0,0.6849,5020.0,18,0,0,0,0
9334,0,0.4714,44,0,0.5423,5500.0,12,0,0,0,1
9335,0,0.0145,63,0,0.6014,10910.0,14,0,0,0,2
9336,0,0.2781,29,0,0.9806,15340.0,6,0,0,0,0
9337,0,0.2229,30,2,0.3381,4860.0,13,0,1,0,0
9338,0,0.1308,37,0,0.5949,3610.0,9,0,3,0,0
9339,1,0.9385,47,0,0.2818,3720.0,13,0,1,0,1
9340,1,0.3492,64,0,0.6351,6440.0,8,0,1,0,0
9341,1,1.6019,32,0,0.5224,4350.0,4,0,0,0,0
9342,0,0.0409,63,0,0.3077,1720.0,7,0,1,0,3
9343,0,0.374,70,0,0.4753,9640.0,7,0,0,0,0
9344,0,0.1499,44,0,0.3194,8020.0,5,0,1,0,0
9345,0,0.6627,72,0,0.3582,9780.0,2,0,0,0,2
9346,1,0.0885,69,1,0.5559,11010.0,8,1,0,1,1
9347,1,0.7576,64,0,0.5278,5510.0,10,0,0,0,0
9348,0,0.8201,41,0,0.1419,5750.0,12,0,0,0,4
9349,0,0.5863,37,0,0.5612,8990.0,12,0,1,0,0
9350,0,0.5915,67,0,0.3746,2370.0,4,0,0,0,2
9351,0,0.1308,44,0,0.3504,3980.0,3,0,0,0,0
9352,0,0.2384,22,0,0.2285,4740.0,3,0,0,0,0
9353,0,0.1249,59,0,0.4373,8550.0,13,0,0,0,0
9354,1,0.2943,39,4,0.3283,3560.0,14,1,0,1,0
9355,0,0.2149,71,2,0.9647,3210.0,10,1,0,0,0
9356,0,0.2035,67,0,0.1573,3790.0,11,0,1,0,2
9357,0,0.0436,26,0,0.252,6510.0,13,0,0,0,0
9358,0,1.1587,69,0,0.242,4720.0,7,0,1,0,1
9359,0,0.0312,72,0,0.5248,2060.0,15,0,1,0,0
9360,0,0.0245,61,0,0.9084,2320.0,18,0,0,0,0
9361,0,0.0024,35,1,0.6077,5330.0,5,0,0,0,0
9362,0,0.3622,57,1,0.233,5440.0,9,1,0,0,3
9363,0,1.3536,67,0,0.3473,5000.0,7,0,0,0,0
9364,0,0.0417,65,0,0.2765,3710.0,7,0,0,0,1
9365,0,0.0342,44,0,0.6094,7880.0,8,0,2,0,0
9366,0,0.2541,59,0,0.3431,6130.0,5,0,0,0,0
9367,0,0.2912,41,0,0.1925,6010.0,7,0,0,0,1
9368,0,1.2719,34,1,0.6382,6140.0,7,1,1,0,0
9369,1,0.0221,57,2,0.9588,12820.0,16,1,1,0,2
9370,0,0.5052,46,0,0.4037,2660.0,6,0,2,0,3
9371,1,0.1706,33,1,0.483,3820.0,2,1,0,0,1
9372,0,0.1824,56,0,0.182,4020.0,17,0,1,0,0
9373,0,0.6905,38,0,0.1306,10450.0,18,0,1,0,0
9374,0,0.1209,52,0,0.1482,3930.0,17,0,2,0,2
9375,0,0.3651,40,0,0.4374,3050.0,4,0,0,0,1
9376,0,0.0143,68,0,0.3735,4610.0,8,0,0,0,0
9377,0,0.0231,66,0,0.6236,5230.0,6,0,0,0,0
9378,0,0.5934,46,0,0.3991,10080.0,5,0,1,0,0
9379,0,0.0674,59,0,0.8127,3910.0,18,0,0,0,1
9380,0,0.4517,30,0,0.7583,3250.0,3,0,0,0,0
9381,0,0.1168,74,0,0.3703,2850.0,12,0,0,0,0
9382,0,0.9433,32,0,0.2461,4000.0,14,0,0,0,0
9383,0,0.4444,67,0,0.1423,22880.0,2,0,1,0,1
9384,0,0.3158,66,0,1.062,6180.0,17,0,0,0,2
9385,0,0.4766,30,1,0.2552,7040.0,5,0,1,1,0
9386,0,1.4386,21,0,0.1831,4910.0,8,0,0,0,2
9387,0,0.1586,60,0,0.4857,5340.0,11,0,1,0,0
9388,0,0.6938,67,1,0.1841,7880.0,17,0,0,0,0
9389,0,0.3284,59,1,0.4854,6890.0,19,0,0,0,0
9390,0,0.0008,24,0,0.3672,6060.0,5,0,1,0,3
9391,0,0.4311,55,0,0.7821,4960.0,8,0,0,0,1
9392,0,0.1606,42,0,0.7423,3980.0,12,0,0,0,1
9393,1,0.0274,70,0,0.8711,6340.0,8,0,2,0,3
9394,1,0.0563,64,0,0.5085,5170.0,2,0,0,0,0
9395,0,0.0059,64,0,0.2685,17670.0,15,0,2,0,2
9396,0,0.8653,43,0,0.2412,9230.0,11,0,0,0,2
9397,0,0.1123,38,0,0.3268,3280.0,3,0,0,0,4
9398,0,0.8014,65,0,1.4867,2440.0,13,0,1,0,0
9399,0,0.4634,27,0,0.3869,3870.0,18,0,0,0,1
9400,0,0.0406,26,0,0.4949,2570.0,13,0,1,0,0
9401,0,0.1348,24,0,1.1176,3730.0,10,0,2,0,1
9402,0,0.2178,48,0,0.5235,2750.0,15,0,0,0,0
9403,0,0.1997,25,0,0.2867,4040.0,6,0,1,0,0
9404,0,0.2206,52,0,0.6963,4070.0,2,0,0,0,3
9405,0,0.3408,30,0,0.3475,5370.0,10,0,1,0,3
9406,1,1.0068,69,0,0.5344,4340.0,6,0,0,0,3
9407,0,0.1276,44,0,0.611,2860.0,10,0,0,0,0
9408,0,0.1077,26,0,0.334,10190.0,14,0,0,0,0
9409,0,0.0065,58,0,0.5025,6260.0,17,0,1,0,1
9410,0,0.2446,39,0,1.1735,3550.0,12,0,0,0,0
9411,0,0.3583,35,0,0.3085,2890.0,12,0,0,0,1
9412,0,0.1234,56,0,0.9902,2040.0,19,0,0,0,0
9413,0,0.0519,72,0,0.3153,1950.0,18,0,0,0,1
9414,1,0.2488,73,1,1.3248,9210.0,15,0,0,0,0
9415,0,0.1248,44,0,0.2689,8650.0,18,0,0,0,0
9416,0,0.2917,66,0,0.3548,3460.0,9,0,0,0,0
9417,1,1.0628,32,0,1.1107,11160.0,15,0,0,0,3
9418,0,0.8244,66,0,1.1404,7120.0,11,0,0,0,0
9419,0,0.4602,71,2,0.7342,5550.0,12,1,1,0,0
9420,0,0.4587,48,0,0.2348,8240.0,13,0,0,0,0
9421,0,0.8715,49,1,0.4721,7120.0,2,0,0,0,0
9422,0,0.1052,51,0,0.4497,5390.0,1,0,1,0,0
9423,0,0.445,24,0,0.2689,4260.0,19,0,1,0,0
9424,0,0.5824,67,0,0.6826,4610.0,7,0,0,0,1
9425,1,0.2926,60,3,0.282,1870.0,1,1,2,0,0
9426,0,0.0078,67,0,0.2071,3040.0,3,0,0,0,1
9427,0,0.1758,27,0,0.1699,14470.0,1,0,0,0,0
9428,0,0.8168,64,2,1.2553,2990.0,5,0,1,0,1
9429,0,0.6625,40,0,0.3308,1620.0,14,0,0,0,0
9430,0,0.4112,65,0,0.335,8450.0,16,0,3,0,0
9431,0,0.0347,74,0,0.2421,5710.0,2,0,1,0,0
9432,1,0.2685,68,1,1.021,5900.0,11,0,0,0,1
9433,0,0.2602,70,0,0.1963,4470.0,13,0,0,0,2
9434,1,0.0161,27,0,0.2182,8490.0,17,0,1,0,1
9435,0,0.1442,38,2,0.3704,12310.0,18,1,2,0,3
9436,0,0.2959,36,0,0.4436,3590.0,17,0,1,0,0
9437,0,0.36,48,0,0.6671,7180.0,14,0,0,0,0
9438,0,0.488,73,0,0.2996,9620.0,16,0,1,0,0
9439,0,0.0888,58,0,1.135,3470.0,15,0,0,0,0
9440,0,0.3755,50,0,0.3008,12160.0,15,0,0,0,0
9441,0,0.1615,64,0,0.2453,9600.0,18,0,3,0,1
9442,0,0.0327,30,0,0.2317,2330.0,4,0,0,0,0
9443,0,0.2303,56,0,0.2824,12800.0,2,0,1,0,0
9444,0,0.394,48,0,0.2229,2410.0,6,0,0,0,0
9445,0,0.1709,31,0,0.7051,3250.0,19,0,1,0,0
9446,0,0.4364,55,0,0.2465,7410.0,14,0,0,0,1
9447,0,0.3466,66,0,0.4149,9180.0,9,0,0,0,0
9448,0,0.1119,65,0,0.2423,5210.0,6,0,0,0,0
9449,0,0.0236,66,0,0.2221,3370.0,4,0,1,0,3
9450,1,0.3508,64,3,0.8728,4200.0,8,1,1,1,1
9451,0,0.3225,46,1,1.1755,3920.0,19,0,0,0,0
9452,0,0.0723,23,2,0.9621,8140.0,18,0,1,0,0
9453,0,0.0485,73,0,0.1859,3850.0,19,0,0,0,0
9454,0,0.1224,45,0,0.202,3320.0,14,0,0,0,0
9455,0,0.3363,55,0,1.4726,2030.0,12,0,1,0,0
9456,0,0.0735,22,0,0.3857,3440.0,3,0,0,0,0
9457,0,0.5067,68,0,0.1969,4580.0,12,0,0,0,4
9458,0,0.5391,68,0,0.8601,2490.0,14,0,0,0,3
9459,0,0.0874,71,0,0.4679,1730.0,8,0,1,0,0
9460,0,0.0382,30,0,0.6324,8850.0,16,0,1,0,2
9461,0,0.0613,66,0,0.1173,2700.0,12,0,2,0,0
9462,0,1.273,54,0,0.3694,2240.0,18,0,2,0,1
9463,0,0.0743,28,1,0.794,12600.0,3,0,1,0,2
9464,0,0.0595,51,0,0.306,8180.0,14,0,0,0,2
9465,1,0.0417,46,0,0.9427,9090.0,7,0,1,0,1
9466,0,0.0207,54,0,0.2039,6650.0,2,0,0,0,2
9467,0,0.0288,25,0,0.42,10790.0,6,0,0,0,0
9468,0,1.2062,51,1,1.2056,8350.0,15,0,2,0,0
9469,0,0.005,57,0,0.2253,4000.0,4,0,1,0,2
9470,0,0.2403,59,2,0.5288,2590.0,13,0,1,0,0
9471,0,0.0406,62,0,0.6383,2280.0,4,0,1,0,0
9472,0,0.294,54,0,0.4747,4520.0,9,0,1,0,2
9473,0,0.0533,58,0,0.3867,2540.0,3,0,0,0,1
9474,0,0.6791,25,0,0.2656,3050.0,15,0,0,0,0
9475,1,0.8894,64,0,0.5056,4490.0,17,0,2,0,0
9476,0,0.4811,40,0,0.4225,11370.0,10,0,2,0,0
9477,1,0.3253,50,4,0.1898,1990.0,8,1,1,1,2
9478,0,0.4211,50,0,0.8693,5000.0,18,0,0,0,0
9479,0,0.2657,73,0,0.2603,2320.0,18,0,1,0,1
9480,0,0.1526,38,0,0.1928,3520.0,18,0,2,0,0
9481,0,0.0361,41,0,0.3143,8590.0,15,0,0,0,0
9482,0,0.4556,62,1,0.263,2950.0,5,0,1,0,0
9483,0,0.3684,55,0,0.3848,4200.0,4,0,2,0,1
9484,0,0.0919,38,0,0.2132,5350.0,9,0,0,0,0
9485,0,0.2447,39,0,0.5879,7490.0,11,0,0,0,0
9486,0,0.0049,65,0,1.029,3540.0,4,0,1,0,0
9487,0,0.2213,66,2,0.4788,10470.0,3,0,1,0,0
9488,0,0.1496,28,0,0.1889,3760.0,7,0,1,0,1
9489,0,0.0189,42,0,0.2598,6570.0,7,0,1,0,0
9490,0,0.0025,62,0,0.5131,4390.0,5,0,0,0,0
9491,0,0.1208,27,0,0.138,7670.0,9,0,2,0,0
9492,0,0.693,30,0,0.2145,16590.0,10,0,1,0,0
9493,0,1.0129,29,0,0.1672,4160.0,2,0,0,0,0
9494,0,1.4062,49,0,0.4816,4870.0,1,0,1,0,0
9495,0,0.4541,45,1,1.6443,3790.0,1,0,1,1,3
9496,0,0.4157,38,0,0.2109,3460.0,16,0,1,0,0
9497,0,0.082,28,0,0.7333,3230.0,16,0,0,0,1
9498,0,0.0189,55,0,0.3204,4860.0,4,0,0,0,0
9499,0,0.6674,64,0,0.2035,3080.0,18,0,0,0,0
9500,1,1.5104,32,0,1.1485,3140.0,6,0,0,0,1
9501,0,0.1993,56,0,1.642,740.0,18,0,1,0,0
9502,0,0.179,63,0,0.5753,11280.0,4,0,1,0,0
9503,0,0.1588,51,0,0.5585,13180.0,16,0,1,0,0
9504,0,0.0788,51,0,0.4664,7250.0,7,0,0,0,0
9505,0,0.2812,30,0,0.4111,2910.0,15,0,0,0,0
9506,0,0.7523,72,1,0.551,2300.0,2,0,1,0,0
9507,0,0.1437,72,0,0.6741,1920.0,11,0,0,0,4
9508,0,0.0079,59,1,1.219,7210.0,17,0,1,0,0
9509,0,0.459,69,0,0.3284,10500.0,3,0,0,0,1
9510,0,0.4579,53,0,0.485,5430.0,8,0,3,0,4
9511,0,0.8406,56,0,0.4261,8220.0,17,0,1,0,3
9512,0,1.1323,65,1,0.8306,6420.0,18,1,2,0,1
9513,1,0.6527,23,1,1.8966,3090.0,10,1,2,0,0
9514,0,0.1545,32,0,0.848,9010.0,1,0,0,0,1
9515,0,0.1171,31,0,0.7254,8670.0,18,0,1,0,3
9516,0,0.1082,55,0,0.7747,2710.0,4,0,0,0,0
9517,1,0.0635,34,0,0.9612,7980.0,8,0,1,0,0
9518,0,0.188,42,0,1.913,4500.0,16,0,0,0,0
9519,0,0.6307,47,0,0.1635,4200.0,3,0,0,0,0
9520,0,0.264,61,1,0.6439,6210.0,9,0,1,0,0
9521,1,0.064,48,0,0.0955,6100.0,12,0,0,0,0
9522,0,0.0051,22,0,0.7952,8380.0,2,0,0,0,1
9523,1,0.0835,58,0,0.6254,2950.0,10,0,1,0,0
9524,0,0.4627,44,0,0.3236,6900.0,1,0,0,0,0
9525,0,0.2091,27,0,0.0905,2450.0,13,0,2,0,1
9526,0,0.0939,56,0,0.4455,4410.0,18,0,0,0,0
9527,0,0.0403,35,0,0.5136,4600.0,4,0,0,0,3
9528,0,0.0182,45,0,0.4326,8800.0,5,0,0,0,4
9529,0,0.8058,73,0,0.3095,4940.0,3,0,2,0,4
9530,0,0.098,33,0,0.2624,4200.0,8,0,1,0,0
9531,0,0.046,68,0,0.4356,11560.0,1,0,0,0,0
9532,1,0.5028,46,3,0.2777,3800.0,18,1,0,0,0
9533,0,0.1833,71,1,0.7302,3700.0,2,1,1,0,3
9534,0,0.6467,66,0,0.4286,1590.0,13,0,2,0,2
9535,0,0.0502,65,0,0.1596,4320.0,7,0,0,0,0
9536,0,0.7419,32,1,0.4996,2800.0,15,0,1,0,0
9537,0,0.0329,63,0,0.5761,4230.0,1,0,1,0,0
9538,0,0.0481,40,0,1.1862,5680.0,9,0,1,0,0
9539,1,0.0004,70,2,0.7842,2560.0,2,0,0,0,0
9540,0,0.3874,74,0,0.2621,3000.0,14,0,0,0,0
9541,0,0.0753,54,1,1.0571,1880.0,4,1,0,0,1
9542,0,1.3814,70,1,0.1956,3620.0,12,0,1,0,1
9543,0,0.0369,49,0,0.457,2790.0,8,0,0,0,0
9544,0,0.2852,22,0,0.7064,17790.0,4,0,0,0,0
9545,1,0.8202,68,0,1.0781,12120.0,4,0,0,0,0
9546,0,0.0601,49,0,1.3956,10990.0,11,0,1,0,1
9547,0,0.1148,23,0,0.9654,2260.0,5,0,0,0,0
9548,0,0.5515,24,0,0.414,4420.0,18,0,0,0,0
9549,0,0.8846,60,0,0.6362,2390.0,15,0,0,0,3
9550,0,0.2345,70,0,0.5141,14850.0,7,0,0,0,0
9551,0,0.1823,58,1,0.2936,8090.0,8,0,1,0,2
9552,0,0.4066,44,0,0.4192,2610.0,10,0,1,0,1
9553,1,0.2655,37,0,1.3214,6130.0,16,0,1,0,0
9554,0,0.0717,43,0,0.6621,2020.0,8,0,1,0,0
9555,0,0.6842,38,2,1.5459,4530.0,8,0,0,0,1
9556,0,0.023,35,0,0.2347,4420.0,14,0,0,0,0
9557,0,0.0783,27,0,0.3574,7660.0,5,0,1,0,0
9558,0,0.3793,51,0,0.5765,8890.0,12,0,0,0,2
9559,0,0.2348,32,0,0.7015,4980.0,8,0,0,0,1
9560,0,0.2457,28,0,0.4189,4300.0,10,0,0,0,2
9561,0,0.0484,35,0,0.7264,710.0,15,0,0,0,0
9562,0,0.712,64,0,0.7231,12550.0,1,0,0,0,0
9563,0,0.0999,51,1,0.1954,3310.0,13,0,2,0,0
9564,0,0.4037,47,0,0.7061,5230.0,6,0,0,0,0
9565,0,0.007,52,0,0.8555,19060.0,1,0,1,0,2
9566,0,0.2407,51,0,0.5367,2400.0,6,0,0,0,0
9567,0,0.279,47,0,0.149,4980.0,15,0,0,0,0
9568,0,1.1048,66,0,0.3806,6620.0,14,0,0,0,0
9569,0,0.6588,60,0,0.5844,9470.0,5,0,0,0,3
9570,0,1.4843,30,0,0.2673,4920.0,8,0,3,0,0
9571,0,0.1042,65,0,0.7796,9950.0,17,0,1,0,3
9572,0,0.6238,30,0,0.6961,3830.0,8,0,1,0,3
9573,0,0.1441,25,0,0.4871,6810.0,5,0,0,0,0
9574,0,0.0588,43,0,0.4541,6300.0,9,0,0,0,1
9575,0,0.6497,42,0,0.5045,4650.0,15,0,1,0,1
9576,0,0.3706,63,0,0.4482,5970.0,9,0,0,0,0
9577,0,0.7484,58,0,0.2078,2910.0,10,0,0,0,4
9578,0,0.1166,24,0,0.3471,4110.0,14,0,1,0,1
9579,0,0.2786,47,0,0.4693,2270.0,17,0,0,0,1
9580,0,0.3002,63,0,1.0525,3770.0,13,0,1,0,1
9581,0,0.1203,60,0,0.6806,9730.0,8,0,2,0,0
9582,0,0.7144,48,1,1.087,6320.0,15,0,0,0,1
9583,0,0.0714,54,0,0.1934,5910.0,15,0,0,0,2
9584,0,0.5736,51,0,0.3629,1880.0,4,0,2,0,2
9585,0,1.1635,33,0,1.5594,5960.0,14,0,2,0,0
9586,0,0.0916,51,0,0.2877,4730.0,15,0,1,0,0
9587,0,0.1344,57,0,0.2843,6780.0,6,0,1,0,1
9588,0,0.2599,24,3,0.3817,11270.0,6,0,1,1,0
9589,0,1.5201,58,0,1.5081,3850.0,13,0,0,0,0
9590,0,0.0338,34,0,0.3003,4070.0,1,0,0,0,0
9591,0,0.0977,21,1,0.6278,8530.0,6,0,0,1,4
9592,0,0.2796,61,1,0.5685,3420.0,13,1,0,0,1
9593,0,0.0327,42,0,0.1413,5180.0,9,0,0,0,0
9594,0,0.6266,43,0,0.4451,1480.0,1,0,0,0,0
9595,0,0.0709,54,0,0.3225,4090.0,3,0,0,0,0
9596,0,0.0169,51,0,0.6749,10750.0,2,0,0,0,2
9597,0,0.1196,54,0,1.2756,6010.0,11,0,1,0,0
9598,0,0.7341,72,1,0.3654,8430.0,1,0,0,0,0
9599,0,0.0676,56,0,0.3654,8720.0,15,0,3,0,1
9600,0,0.0281,23,0,2.0354,11040.0,12,0,1,0,2
9601,0,0.1588,33,0,0.2932,3990.0,10,0,2,0,0
9602,0,0.6809,45,0,0.2007,8650.0,4,0,0,0,0
9603,0,0.0929,46,0,1.0269,18930.0,4,0,0,0,0
9604,0,0.5375,40,0,0.4359,4840.0,16,0,1,0,0
9605,0,0.5239,30,0,0.5326,2230.0,12,0,1,0,0
9606,0,0.1243,26,2,1.7141,3440.0,7,0,0,1,1
9607,0,0.2354,28,0,0.1936,6510.0,4,0,1,0,0
9608,0,0.1154,72,0,0.3996,1810.0,7,0,0,0,1
9609,0,0.0999,42,1,0.214,3110.0,6,0,2,0,2
9610,0,0.3138,72,0,0.5494,4030.0,10,0,0,0,0
9611,0,1.1833,39,0,0.3225,5250.0,6,0,1,0,3
9612,0,0.1672,37,0,0.2223,14440.0,15,0,0,0,0
9613,0,1.3925,47,0,0.6972,7430.0,2,0,0,0,0
9614,0,0.2011,72,0,0.4521,2520.0,14,0,0,0,0
9615,0,0.3505,51,0,0.212,50040.0,1,0,0,0,1
9616,0,0.1755,22,0,0.22,4870.0,4,0,1,0,2
9617,0,0.0643,35,0,0.509,1790.0,18,0,0,0,0
9618,0,0.0154,73,0,0.1649,2640.0,15,0,1,0,1
9619,0,0.8745,29,0,0.515,2650.0,19,0,3,0,0
9620,0,0.1306,66,0,1.0037,2190.0,10,0,0,0,4
9621,0,1.047,71,0,0.6705,6690.0,3,0,0,0,0
9622,0,0.201,32,0,0.3091,990.0,19,0,1,0,0
9623,0,0.0017,51,0,0.5297,8860.0,15,0,1,0,0
9624,0,0.2739,53,0,0.212,8010.0,10,0,1,0,0
9625,0,0.7677,63,1,0.4876,3740.0,15,0,1,0,0
9626,1,0.3574,64,1,0.3693,8510.0,6,0,0,0,0
9627,0,0.6431,24,0,0.2408,2550.0,15,0,1,0,0
9628,0,0.2578,38,0,0.6533,2960.0,15,0,0,0,0
9629,0,0.0796,71,0,0.1372,6830.0,3,0,0,0,0
9630,0,0.1804,40,1,0.2206,4330.0,1,1,0,1,2
9631,0,0.3373,34,0,0.2371,3380.0,17,0,1,0,0
9632,0,0.6728,54,0,0.3319,4590.0,14,0,1,0,2
9633,0,0.0481,31,1,0.9798,10840.0,6,1,0,0,0
9634,0,0.8061,28,0,0.7065,10590.0,11,0,0,0,3
9635,0,0.0146,64,0,0.4786,6350.0,1,0,0,0,2
9636,0,0.0028,27,0,0.4653,3970.0,4,0,0,0,3
9637,0,0.1001,69,0,0.4462,6720.0,2,0,0,0,2
9638,0,0.4519,34,0,1.0234,2930.0,1,0,0,0,1
9639,0,0.0433,26,0,0.1512,9910.0,3,0,0,0,1
9640,1,0.9217,61,0,0.7139,8690.0,1,0,0,0,2
9641,0,0.4551,30,0,0.3312,15660.0,18,0,0,0,0
9642,1,0.0675,40,4,0.6076,3040.0,2,1,1,0,0
9643,1,0.0869,39,0,0.6094,2820.0,3,0,0,0,0
9644,0,0.0614,48,0,0.6976,6840.0,10,0,0,0,2
9645,0,0.2677,46,0,1.1621,4170.0,12,0,0,0,0
9646,0,0.4696,31,0,0.1974,8950.0,14,0,0,0,2
9647,0,0.0807,33,0,0.8214,10840.0,2,0,1,0,0
9648,0,0.093,31,3,0.4324,13650.0,3,1,1,0,2
9649,1,0.1904,23,0,0.3408,5090.0,1,0,0,0,0
9650,0,0.0111,56,0,1.5224,8340.0,4,0,0,0,2
9651,0,1.092,46,0,0.6846,3600.0,4,0,0,0,4
9652,0,0.0398,26,0,0.3498,5600.0,16,0,1,0,2
9653,0,0.2088,38,0,0.798,4760.0,12,0,0,0,2
9654,0,0.2791,57,0,0.4371,4610.0,5,0,2,0,2
9655,0,0.1628,36,0,0.3465,14680.0,3,0,0,0,0
9656,0,0.6772,42,0,0.3123,2200.0,16,0,0,0,0
9657,0,0.1487,61,0,0.5394,4900.0,14,0,0,0,1
9658,0,0.1505,57,2,0.3109,5080.0,2,0,0,0,0
9659,1,0.3143,58,4,0.4932,7230.0,11,1,1,0,0
9660,0,0.2215,41,1,0.7651,2540.0,16,0,1,0,0
9661,0,0.345,47,0,0.4801,4110.0,6,0,1,0,0
9662,0,0.073,66,0,1.4709,3440.0,14,0,0,0,1
9663,1,0.2258,68,0,0.4529,1270.0,8,0,0,0,0
9664,0,0.177,24,0,1.0095,9870.0,3,0,0,0,3
9665,0,0.1768,66,1,0.8072,2030.0,6,0,2,0,0
9666,0,0.1268,69,0,1.1221,1880.0,7,0,0,0,0
9667,0,0.2134,71,0,1.4671,8680.0,1,0,2,0,3
9668,0,0.1617,35,0,0.1562,4020.0,7,0,2,0,2
9669,0,1.5499,48,0,0.5268,4100.0,19,0,0,0,0
9670,0,0.7733,23,1,0.4202,4150.0,3,0,2,0,2
9671,0,0.0841,26,0,0.4804,9360.0,1,0,1,0,2
9672,0,0.0191,51,0,0.354,3530.0,8,0,0,0,0
9673,0,0.0309,32,0,0.3243,7020.0,19,0,1,0,2
9674,0,0.1196,33,0,0.2323,2480.0,13,0,0,0,0
9675,0,0.2566,37,0,0.4764,5990.0,10,0,0,0,0
9676,0,0.255,45,0,0.7869,8450.0,14,0,0,0,0
9677,0,0.19,29,0,0.3341,11420.0,1,0,1,0,0
9678,0,0.859,64,1,0.3689,1940.0,4,0,0,0,0
9679,0,0.656,57,0,0.2956,4110.0,17,0,2,0,1
9680,0,0.8277,63,0,0.2474,12820.0,14,0,1,0,0
9681,0,0.0561,71,0,0.39,8550.0,9,0,1,0,1
9682,0,0.0568,53,0,0.5521,4360.0,6,0,1,0,1
9683,0,0.4684,40,0,0.9554,4930.0,5,0,2,0,1
9684,1,0.0448,73,1,0.2198,5870.0,1,1,0,0,1
9685,0,0.4397,51,0,0.4412,3930.0,17,0,1,0,2
9686,0,0.0291,46,0,0.9111,6820.0,4,0,0,0,0
9687,0,0.2682,43,0,0.2215,6600.0,16,0,2,0,1
9688,1,0.0239,23,0,0.961,2520.0,7,0,0,0,0
9689,0,0.1128,72,0,0.3453,3660.0,18,0,1,0,2
9690,0,0.1212,65,0,0.6885,3740.0,1,0,1,0,2
9691,0,0.5357,58,0,0.3942,4220.0,10,0,1,0,4
9692,0,0.0401,32,0,0.5917,5780.0,2,0,0,0,0
9693,1,0.4233,71,0,1.1799,5480.0,1,0,0,0,0
9694,0,0.1121,30,0,0.4178,3190.0,7,0,1,0,3
9695,0,0.2956,34,1,0.817,10980.0,13,0,0,0,0
9696,0,0.8037,24,0,0.5298,4930.0,18,0,1,0,1
9697,0,0.5099,36,0,0.2804,11830.0,3,0,0,0,3
9698,0,0.5803,38,0,0.4117,11660.0,13,0,0,0,1
9699,0,1.1802,63,0,0.3966,2600.0,16,0,0,0,0
9700,0,0.0367,38,0,0.1926,3660.0,18,0,0,0,0
9701,0,1.0314,72,0,0.5918,3830.0,6,0,2,0,0
9702,0,0.9595,37,0,0.6668,5930.0,1,0,1,0,1
9703,0,0.2899,49,3,0.7316,7600.0,19,0,1,1,3
9704,0,0.6699,53,0,1.0596,5370.0,17,0,3,0,0
9705,0,0.0062,65,0,0.7964,3530.0,5,0,0,0,0
9706,0,0.2623,61,1,0.3129,13240.0,3,0,0,1,2
9707,0,0.2121,67,0,0.3555,3780.0,11,0,0,0,2
9708,0,1.4165,71,0,0.7432,7670.0,5,0,0,0,2
9709,0,0.1042,27,3,0.5677,4810.0,11,0,0,1,2
9710,0,0.2633,26,0,0.4445,4730.0,2,0,0,0,0
9711,0,0.0686,45,0,0.2658,7360.0,18,0,0,0,0
9712,0,0.2717,29,0,0.3268,12400.0,8,0,0,0,1
9713,0,0.571,47,2,0.6374,5900.0,3,0,1,0,0
9714,0,0.4281,52,0,0.1394,3670.0,4,0,0,0,0
9715,0,0.001,35,0,0.1104,11940.0,13,0,1,0,0
9716,0,0.0191,26,0,0.6811,6610.0,15,0,1,0,0
9717,0,0.3798,73,0,0.3263,5440.0,3,0,0,0,2
9718,1,0.3381,41,1,0.5952,9110.0,15,0,1,0,1
9719,1,0.2444,66,4,1.1572,5960.0,18,1,1,1,0
9720,0,0.0967,54,0,0.2447,21460.0,6,0,0,0,3
9721,0,0.0048,56,0,0.165,4920.0,12,0,0,0,0
9722,0,0.5399,63,0,0.3807,9800.0,16,0,0,0,1
9723,0,0.3309,35,0,0.2979,6410.0,18,0,1,0,1
9724,0,0.5144,32,0,0.4425,6390.0,4,0,0,0,0
9725,0,0.4714,74,0,0.6205,3960.0,17,0,0,0,2
9726,0,0.2523,57,2,0.5466,3970.0,1,1,0,0,1
9727,0,0.1794,36,0,0.462,6620.0,11,0,0,0,0
9728,0,0.0322,55,0,0.8478,2920.0,4,0,0,0,0
9729,0,0.2202,42,0,0.6719,3480.0,3,0,0,0,4
9730,0,0.2226,67,0,0.403,4960.0,5,0,0,0,3
9731,0,0.0955,48,0,0.6578,10340.0,3,0,0,0,1
9732,0,0.7201,37,0,0.1778,5160.0,1,0,1,0,0
9733,0,0.3815,58,0,0.8507,5110.0,6,0,1,0,1
9734,0,0.0491,61,0,0.4554,2600.0,3,0,0,0,0
9735,0,0.9283,41,0,0.2186,13590.0,8,0,0,0,2
9736,0,0.3016,61,1,0.3499,9550.0,6,1,1,1,1
9737,0,0.1128,33,0,0.8374,10220.0,10,0,0,0,0
9738,0,1.022,33,0,0.2835,2060.0,17,0,1,0,0
9739,0,0.2186,65,0,0.5749,6070.0,3,0,0,0,1
9740,0,0.6391,54,0,0.7613,2800.0,17,0,1,0,4
9741,0,0.3481,22,0,0.456,7810.0,11,0,1,0,2
9742,0,0.0926,57,0,0.2675,5960.0,19,0,2,0,0
9743,0,0.439,37,0,0.4324,6710.0,8,0,0,0,2
9744,1,0.1141,35,0,0.1929,3200.0,2,0,0,0,1
9745,0,0.1382,43,3,0.3351,2630.0,4,1,1,0,1
9746,0,0.1807,45,0,0.2312,3350.0,1,0,0,0,3
9747,0,0.1671,69,0,0.4369,5910.0,17,0,0,0,1
9748,0,0.3218,44,0,0.2098,4250.0,11,0,1,0,0
9749,0,0.5255,37,0,0.4724,5720.0,17,0,0,0,1
9750,0,0.1981,62,0,0.8867,2660.0,12,0,0,0,2
9751,1,0.2474,50,0,0.9207,4900.0,18,0,0,0,1
9752,0,0.0399,21,0,0.2128,11350.0,5,0,1,0,0
9753,0,0.261,55,0,0.3013,6000.0,7,0,0,0,0
9754,0,0.0758,48,0,0.7495,6230.0,16,0,0,0,2
9755,0,0.1384,52,0,0.6855,6260.0,16,0,0,0,0
9756,0,0.1494,30,0,0.3106,3610.0,19,0,0,0,4
9757,0,0.2704,46,1,0.3356,13080.0,17,1,1,0,0
9758,0,0.4743,55,0,0.4721,6090.0,7,0,0,0,1
9759,0,0.2196,57,0,0.1496,5470.0,13,0,0,0,0
9760,0,0.0245,57,0,0.6158,7420.0,18,0,0,0,0
9761,0,0.9434,74,0,0.8606,8640.0,6,0,0,0,0
9762,0,0.0853,48,0,0.3558,2330.0,2,0,0,0,0
9763,1,0.2104,44,0,0.1918,5080.0,10,0,1,0,0
9764,1,1.06,50,1,1.0487,18790.0,10,0,1,0,2
9765,1,0.9327,38,4,0.5126,13270.0,14,1,0,1,4
9766,0,0.2973,38,0,0.6875,4610.0,4,0,1,0,1
9767,0,0.427,58,0,0.2034,7610.0,9,0,0,0,3
9768,0,0.6495,37,0,0.2038,4040.0,12,0,0,0,2
9769,0,0.1246,61,0,0.5761,6080.0,12,0,0,0,0
9770,0,0.4273,61,0,0.8324,3730.0,2,0,1,0,0
9771,0,0.1182,72,0,0.2282,3700.0,2,0,0,0,2
9772,0,0.4735,28,0,0.4227,3450.0,10,0,0,0,1
9773,0,0.1757,40,0,0.1734,13490.0,8,0,1,0,2
9774,0,0.1129,62,0,0.295,3680.0,4,0,0,0,1
9775,0,0.6129,44,0,0.3851,9750.0,16,0,1,0,0
9776,0,0.0624,56,0,0.6025,3790.0,8,0,0,0,0
9777,0,0.3737,60,0,0.127,3540.0,12,0,0,0,0
9778,0,0.0047,68,0,0.9923,6210.0,14,0,0,0,1
9779,0,0.2166,33,0,0.4056,2250.0,14,0,0,0,0
9780,1,0.6969,35,1,0.9769,7320.0,7,1,1,0,0
9781,1,0.5693,46,1,0.6833,4530.0,1,0,0,0,0
9782,0,0.2575,48,1,0.7493,3530.0,11,0,1,1,1
9783,0,0.1514,69,0,1.5101,3100.0,5,0,1,0,0
9784,0,0.0894,23,0,0.2811,16040.0,19,0,0,0,1
9785,0,0.0567,34,0,0.4874,4810.0,18,0,1,0,2
9786,0,0.0214,70,0,0.248,4690.0,17,0,0,0,2
9787,0,0.1252,54,0,0.4226,8300.0,15,0,3,0,3
9788,1,0.0574,57,0,0.6922,2970.0,19,0,0,0,0
9789,0,0.4657,34,2,0.8837,9710.0,19,0,0,0,0
9790,0,0.0006,54,0,0.3572,4810.0,4,0,2,0,0
9791,0,0.5808,40,0,0.2181,2140.0,12,0,1,0,0
9792,0,0.0857,60,1,0.4695,3570.0,10,1,1,0,0
9793,0,0.6778,25,0,0.2695,2550.0,1,0,0,0,2
9794,0,0.4264,36,0,0.3177,5160.0,15,0,0,0,4
9795,0,0.0722,55,0,0.6724,3050.0,3,0,3,0,0
9796,0,0.3627,53,0,0.6013,2860.0,18,0,0,0,3
9797,0,1.4001,66,0,0.7412,5860.0,14,0,1,0,0
9798,0,0.1873,64,0,0.367,5050.0,5,0,3,0,0
9799,0,0.1384,21,0,0.8232,10150.0,1,0,1,0,1
9800,0,0.43,25,0,0.4532,9890.0,19,0,1,0,0
9801,0,0.5036,40,0,0.3789,5100.0,16,0,0,0,2
9802,0,0.2658,72,0,0.2324,6630.0,9,0,0,0,3
9803,1,0.021,46,0,0.1282,2110.0,16,0,1,0,1
9804,0,0.006,69,0,0.1758,7460.0,15,0,3,0,2
9805,0,0.9588,24,0,0.5113,6290.0,12,0,0,0,0
9806,1,0.2864,73,2,0.2607,8710.0,10,1,1,1,0
9807,0,0.1256,24,0,0.1674,4090.0,1,0,0,0,0
9808,0,0.2964,64,0,0.3494,4110.0,6,0,0,0,3
9809,0,0.2715,68,0,0.5315,4130.0,6,0,0,0,1
9810,1,0.0106,36,0,0.5764,11620.0,3,0,0,0,1
9811,0,0.0343,37,0,0.4416,5820.0,14,0,0,0,3
9812,0,0.1558,52,0,0.4332,2000.0,4,0,0,0,2
9813,0,1.4536,59,0,0.3253,7230.0,5,0,1,0,1
9814,0,0.144,27,0,0.6573,3720.0,13,0,0,0,2
9815,0,0.3454,33,0,0.4041,9420.0,10,0,0,0,0
9816,0,0.0224,61,0,0.4292,6790.0,11,0,0,0,1
9817,0,0.1503,64,0,0.8375,10350.0,17,0,0,0,2
9818,0,0.1525,29,1,0.7226,9170.0,9,0,0,1,0
9819,0,0.4203,69,0,0.4022,8620.0,12,0,1,0,2
9820,0,0.1155,67,1,0.3693,9710.0,12,0,0,0,1
9821,0,0.8755,67,0,0.3675,8010.0,3,0,2,0,0
9822,0,0.0446,33,1,0.1336,3240.0,10,0,0,1,1
9823,0,0.7178,57,0,0.8677,2470.0,11,0,0,0,0
9824,0,0.0443,29,0,0.2979,2990.0,3,0,0,0,0
9825,0,0.6855,31,0,0.7503,7620.0,3,0,0,0,1
9826,1,0.2226,24,0,0.4607,1290.0,5,0,0,0,0
9827,0,1.6414,47,0,1.0356,4870.0,9,0,3,0,1
9828,0,0.031,59,0,0.6174,4190.0,9,0,0,0,0
9829,0,0.3384,31,0,0.7767,10240.0,5,0,0,0,0
9830,0,1.2443,31,0,0.315,4580.0,8,0,0,0,2
9831,1,0.284,35,3,0.2078,3940.0,6,1,1,1,1
9832,0,0.9796,31,0,0.4909,10820.0,18,0,1,0,0
9833,0,0.0526,65,0,0.1422,4650.0,13,0,0,0,0
9834,0,0.137,30,0,0.3393,4220.0,18,0,0,0,0
9835,0,0.1224,36,0,0.2201,3660.0,13,0,1,0,0
9836,0,0.265,37,0,0.2715,5830.0,11,0,1,0,3
9837,0,0.1755,31,0,0.6424,4030.0,10,0,1,0,2
9838,0,0.0106,71,0,0.6175,4040.0,6,0,1,0,0
9839,0,0.3579,32,0,0.4077,11730.0,4,0,1,0,0
9840,1,0.1537,47,0,0.5444,5060.0,16,0,0,0,0
9841,1,1.0325,51,0,0.3248,3760.0,8,0,0,0,0
9842,0,0.1123,35,1,1.9271,2710.0,4,0,1,0,2
9843,0,0.4885,46,0,0.5382,5540.0,8,0,0,0,1
9844,0,0.2673,30,0,0.3153,3510.0,10,0,2,0,0
9845,1,0.7699,47,0,0.7597,3940.0,13,0,1,0,0
9846,1,0.0851,22,1,0.9456,2950.0,19,0,1,0,0
9847,0,0.0385,44,0,0.2824,5530.0,19,0,2,0,0
9848,0,0.0563,40,0,0.1918,2250.0,17,0,1,0,0
9849,0,0.0342,39,0,0.216,6290.0,16,0,0,0,0
9850,0,0.3651,26,0,0.3006,3540.0,18,0,0,0,0
9851,0,0.1301,74,0,0.4349,7560.0,14,0,0,0,0
9852,0,0.5906,22,0,0.1691,6580.0,2,0,0,0,0
9853,0,0.2626,28,0,0.3496,5230.0,5,0,0,0,0
9854,0,0.9453,26,0,0.3966,8170.0,9,0,0,0,4
9855,0,0.1453,73,0,0.546,12510.0,15,0,0,0,1
9856,0,0.0876,38,0,0.6486,10520.0,15,0,1,0,1
9857,0,0.4265,44,0,0.5717,2240.0,17,0,0,0,0
9858,0,0.0001,61,0,1.3169,3420.0,3,0,0,0,0
9859,0,1.2038,23,1,0.8663,3680.0,12,0,1,0,0
9860,0,0.0057,24,0,0.5133,7210.0,15,0,1,0,0
9861,0,0.2963,30,0,0.251,3590.0,8,0,0,0,0
9862,0,0.3622,57,0,0.2996,3510.0,7,0,0,0,2
9863,0,0.6024,73,0,0.1907,3160.0,13,0,0,0,0
9864,0,0.1247,54,0,0.4926,5880.0,17,0,1,0,1
9865,0,0.2152,68,0,0.5482,7190.0,9,0,0,0,0
9866,0,0.0964,68,1,0.7678,2380.0,8,0,3,0,0
9867,0,0.0434,35,0,0.5275,3610.0,2,0,3,0,1
9868,0,0.4893,30,0,0.8457,1580.0,5,0,1,0,1
9869,1,0.3935,29,3,0.8562,1170.0,2,1,2,0,4
9870,0,0.8842,63,0,0.2425,6570.0,18,0,0,0,0
9871,0,0.1193,57,0,0.3293,5940.0,17,0,0,0,0
9872,0,0.081,67,0,0.4464,5450.0,14,0,1,0,1
9873,0,0.0806,48,0,0.2942,12740.0,5,0,0,0,0
9874,0,0.0079,73,0,0.3883,1800.0,9,0,1,0,0
9875,0,0.3661,69,0,0.5384,1410.0,1,0,2,0,2
9876,0,0.0006,64,0,0.4173,2500.0,19,0,1,0,0
9877,0,0.1687,64,0,0.4494,1380.0,2,0,0,0,0
9878,0,0.2129,27,0,0.2552,3400.0,12,0,0,0,0
9879,0,0.2462,61,0,0.6089,6970.0,10,0,0,0,3
9880,0,1.1731,72,0,0.5827,5870.0,12,0,0,0,2
9881,0,0.0,36,0,0.2844,9100.0,2,0,1,0,2
9882,0,0.0684,65,1,0.2068,6140.0,7,0,0,0,0
9883,0,0.4595,39,3,0.94,3860.0,16,1,3,1,0
9884,0,0.5478,32,0,1.2826,3580.0,16,0,1,0,0
9885,0,0.6755,60,0,0.5173,6390.0,8,0,1,0,3
9886,0,0.4725,29,1,0.3617,1960.0,12,1,1,0,3
9887,0,0.1229,46,0,0.8418,730.0,16,0,0,0,1
9888,0,0.4324,71,1,0.5958,6210.0,12,0,1,0,1
9889,0,0.6553,29,0,0.396,5660.0,8,0,0,0,0
9890,0,0.5495,29,0,0.8032,12600.0,18,0,0,0,0
9891,0,0.0463,71,0,0.2764,7460.0,19,0,1,0,2
9892,0,0.0904,62,0,0.2969,5920.0,6,0,0,0,0
9893,0,0.0577,45,0,0.5589,4080.0,1,0,1,0,0
9894,1,0.6663,42,0,0.4812,3020.0,16,0,0,0,0
9895,0,0.265,73,0,0.6586,4150.0,3,0,0,0,0
9896,0,0.1339,60,0,0.9194,8720.0,16,0,0,0,0
9897,0,0.063,70,2,0.177,6490.0,15,0,0,0,0
9898,0,0.0287,25,1,0.46,8610.0,2,0,1,0,0
9899,0,0.4379,49,0,1.4059,5240.0,11,0,0,0,2
9900,0,0.0316,60,0,0.3141,2860.0,14,0,0,0,3
9901,0,0.3035,22,0,0.2926,9860.0,2,0,0,0,0
9902,0,0.1029,48,0,0.1171,9340.0,16,0,0,0,1
9903,0,0.052,24,1,0.4776,5490.0,3,0,1,0,0
9904,0,0.0015,69,0,0.6366,6860.0,11,0,0,0,0
9905,0,0.1572,57,1,0.6358,6640.0,1,0,0,0,2
9906,0,0.1887,31,0,0.2412,3710.0,3,0,0,0,2
9907,1,0.8449,49,2,0.447,4200.0,14,1,0,1,0
9908,0,0.1571,26,2,0.5132,2850.0,2,1,0,1,2
9909,0,0.0567,64,0,0.4636,4200.0,18,0,1,0,0
9910,0,0.3309,31,1,0.233,9120.0,1,0,0,0,0
9911,0,0.0142,53,0,0.4707,8140.0,12,0,0,0,0
9912,0,1.0211,25,0,0.2756,6870.0,7,0,1,0,1
9913,0,0.7262,29,0,0.1461,8740.0,12,0,0,0,0
9914,0,0.4607,73,0,0.6762,3950.0,12,0,1,0,0
9915,1,0.8705,41,0,0.4887,2430.0,13,0,3,0,0
9916,1,0.2124,27,0,0.6409,4470.0,11,0,1,0,0
9917,0,0.6208,58,0,0.3261,4690.0,19,0,0,0,1
9918,0,0.2266,31,0,0.6544,7370.0,10,0,0,0,1
9919,1,1.8,52,0,0.8297,6680.0,17,0,0,0,0
9920,0,0.2663,64,0,1.2871,9010.0,8,0,0,0,2
9921,0,0.299,57,2,0.7322,1470.0,12,0,1,0,0
9922,0,0.2591,34,0,0.566,3040.0,13,0,0,0,1
9923,0,0.341,33,0,0.1963,4650.0,8,0,1,0,1
9924,1,1.2632,33,3,0.4215,6550.0,17,1,1,1,0
9925,0,0.0495,55,0,0.1914,17270.0,6,0,0,0,2
9926,0,0.0681,57,0,0.2749,2730.0,16,0,0,0,0
9927,0,0.256,49,0,1.4521,3210.0,4,0,0,0,2
9928,0,0.2692,42,3,0.2432,3810.0,14,1,1,1,0
9929,0,0.1573,24,0,0.1102,3140.0,16,0,0,0,0
9930,0,0.0452,66,0,0.7319,2880.0,6,0,0,0,0
9931,0,0.5315,56,0,0.3,5050.0,5,0,2,0,0
9932,0,0.0986,55,0,0.7123,8870.0,18,0,0,0,1
9933,0,0.5581,26,0,0.2227,5280.0,13,0,1,0,1
9934,1,1.5447,36,1,0.348,2930.0,17,0,0,1,0
9935,1,0.8753,37,1,0.9208,4370.0,19,1,0,0,0
9936,0,0.0796,53,1,0.2033,2640.0,19,0,2,0,0
9937,0,0.1018,63,0,0.4059,8860.0,16,0,1,0,2
9938,0,0.1373,67,0,0.5351,11880.0,12,0,1,0,2
9939,0,0.472,49,2,0.2918,1890.0,19,0,1,0,0
9940,0,0.545,40,0,0.5195,5640.0,7,0,1,0,2
9941,0,0.0175,43,0,0.4536,3080.0,11,0,0,0,0
9942,0,0.1883,60,0,0.6192,5100.0,9,0,0,0,0
9943,0,0.7519,38,0,1.3571,4670.0,7,0,2,0,1
9944,1,0.3056,43,0,2.237,2200.0,7,0,1,0,0
9945,0,0.3105,63,0,0.5933,10150.0,19,0,2,0,0
9946,0,0.0991,50,0,0.4205,4490.0,7,0,1,0,2
9947,0,0.1845,46,0,0.5854,3710.0,3,0,1,0,2
9948,0,0.4176,60,0,0.3909,5270.0,9,0,1,0,0
9949,1,0.4538,36,2,0.1734,2920.0,8,1,2,0,0
9950,0,0.7036,24,0,0.4369,4400.0,18,0,1,0,3
9951,0,0.0357,63,0,0.8601,1630.0,15,0,0,0,0
9952,0,0.3617,45,0,0.1866,1190.0,10,0,0,0,0
9953,0,0.2913,38,0,0.2489,2750.0,16,0,0,0,0
9954,0,0.0517,26,0,0.3169,3570.0,8,0,0,0,0
9955,0,0.2437,71,0,0.5618,1710.0,5,0,0,0,0
9956,0,0.2459,60,0,1.8705,3650.0,13,0,0,0,0
9957,0,0.0457,35,0,0.2765,3570.0,12,0,0,0,0
9958,0,0.1427,53,0,0.4746,4740.0,6,0,0,0,3
9959,0,0.9003,46,0,0.4509,7100.0,4,0,1,0,2
9960,0,0.7458,38,0,0.375,13730.0,1,0,0,0,0
9961,0,0.5184,37,0,0.4367,6350.0,8,0,1,0,2
9962,0,0.1423,25,0,0.34,2720.0,14,0,3,0,1
9963,0,0.2217,73,0,2.3298,7330.0,16,0,0,0,0
9964,0,1.136,70,0,0.7046,11390.0,7,0,0,0,2
9965,0,0.853,68,0,0.3417,2510.0,13,0,1,0,0
9966,0,0.6144,38,0,0.9141,2590.0,5,0,1,0,0
9967,0,0.1488,74,2,0.5241,2100.0,4,0,0,0,0
9968,0,0.0671,35,2,0.4652,3500.0,11,1,0,0,2
9969,0,0.0579,65,0,0.4028,6150.0,6,0,2,0,1
9970,0,0.0106,26,0,0.3867,11970.0,4,0,0,0,2
9971,0,0.2647,37,0,0.2161,8390.0,5,0,3,0,0
9972,0,0.3102,52,0,0.1646,6190.0,6,0,0,0,0
9973,0,0.9668,73,0,0.5613,5050.0,6,0,0,0,1
9974,0,0.3286,35,0,0.4004,6220.0,10,0,1,0,0
9975,0,0.0838,44,0,0.7607,6440.0,17,0,1,0,2
9976,0,0.532,66,2,0.2634,10740.0,19,0,0,0,2
9977,0,0.0904,46,0,0.2325,4850.0,11,0,0,0,0
9978,0,0.7598,57,0,0.7158,5750.0,5,0,0,0,3
9979,1,0.0193,43,1,0.3764,3850.0,4,1,2,0,0
9980,0,0.1033,21,0,0.7508,5260.0,9,0,2,0,0
9981,0,1.41,36,0,0.4584,4210.0,13,0,1,0,0
9982,0,0.1488,51,1,1.3861,2410.0,11,0,1,0,4
9983,0,0.001,22,0,0.7071,8300.0,3,0,0,0,1
9984,1,0.1288,33,0,0.5746,12000.0,14,0,1,0,1
9985,0,0.1631,72,0,0.7261,4810.0,6,0,1,0,0
9986,0,0.0952,21,0,0.3815,6000.0,10,0,0,0,2
9987,0,0.4379,34,0,0.1677,8240.0,17,0,0,0,1
9988,0,0.2685,54,1,0.558,4510.0,14,0,1,0,0
9989,0,0.3898,51,0,1.4404,5510.0,11,0,2,0,1
9990,0,0.3736,32,2,0.1137,4310.0,17,0,3,0,0
9991,0,0.0048,24,0,0.5954,3530.0,4,0,0,0,0
9992,0,0.0798,69,1,0.1789,6720.0,6,0,0,0,0
9993,0,0.7036,50,0,0.4431,6680.0,6,0,1,0,0
9994,0,0.7547,51,0,0.4713,8550.0,16,0,0,0,4
9995,0,0.2348,24,1,0.7034,4900.0,16,0,0,1,0
9996,0,0.1667,32,1,0.5097,2390.0,5,0,1,0,0
9997,0,0.1866,24,0,1.0244,9550.0,4,0,0,0,0
9998,0,0.189,73,0,0.9047,3160.0,16,0,1,0,0
9999,0,0.8691,62,0,0.3993,3130.0,9,0,0,0,0
10000,0,0.0077,50,0,0.8664,3570.0,13,0,1,0,1
